사고번호,사고일시,요일,시군구,사고내용,사망자수,중상자수,경상자수,부상신고자수,사고유형,법규위반,노면상태,기상상태,도로형태,가해운전자 차종,가해운전자 성별,가해운전자 연령,가해운전자 상해정도,피해운전자 차종,피해운전자 성별,피해운전자 연령,피해운전자 상해정도
2021012800100535,2021년 1월 28일 23시,목요일,제주특별자치도 제주시 노형동,중상사고,0,1,0,0,차대차 - 추돌,안전운전불이행,서리/결빙,눈,교차로 - 교차로부근,승용,남,49세,기타불명,승용,남,29세,중상
2021012900100009,2021년 1월 29일 00시,금요일,제주특별자치도 제주시 연동,경상사고,0,0,1,0,차대차 - 측면충돌,중앙선침범,적설,눈,단일로 - 기타,승용,여,18세,상해없음,승용,남,52세,경상
2021012900100072,2021년 1월 29일 07시,금요일,제주특별자치도 제주시 봉개동,경상사고,0,0,1,0,차대차 - 정면충돌,안전운전불이행,서리/결빙,눈,단일로 - 기타,화물,남,41세,상해없음,승용,남,50세,상해없음
2021012900100101,2021년 1월 29일 08시,금요일,제주특별자치도 제주시 애월읍,경상사고,0,0,2,0,차대차 - 정면충돌,안전운전불이행,서리/결빙,눈,교차로 - 교차로안,승용,남,57세,상해없음,승용,남,25세,경상
2021012900100203,2021년 1월 29일 11시,금요일,제주특별자치도 제주시 이도이동,경상사고,0,0,1,0,차대차 - 측면충돌,신호위반,건조,맑음,교차로 - 교차로부근,승용,남,24세,상해없음,이륜,남,25세,경상
2021012900100204,2021년 1월 29일 11시,금요일,제주특별자치도 서귀포시 동홍동,중상사고,0,1,0,0,차대사람 - 기타,안전운전불이행,건조,맑음,단일로 - 기타,승용,여,53세,상해없음,보행자,여,76세,중상
2021012900100238,2021년 1월 29일 12시,금요일,제주특별자치도 서귀포시 동홍동,경상사고,0,0,1,0,차대사람 - 기타,안전운전불이행,건조,맑음,단일로 - 기타,승용,여,60세,상해없음,보행자,남,72세,경상
2021012900100348,2021년 1월 29일 16시,금요일,제주특별자치도 제주시 화북일동,중상사고,0,1,0,0,차대차 - 기타,교차로운행방법위반,건조,맑음,교차로 - 교차로안,화물,남,57세,상해없음,이륜,남,38세,중상
2021012900100349,2021년 1월 29일 16시,금요일,제주특별자치도 제주시 구좌읍,경상사고,0,0,1,0,차대차 - 기타,직진우회전진행방해,건조,맑음,교차로 - 교차로안,승용,남,49세,상해없음,승용,남,60세,상해없음
2021012900100350,2021년 1월 29일 16시,금요일,제주특별자치도 서귀포시 상예동,중상사고,0,2,2,0,차량단독 - 공작물충돌,안전운전불이행,건조,맑음,단일로 - 기타,승용,남,70세,상해없음,,,,
2021012900100437,2021년 1월 29일 18시,금요일,제주특별자치도 제주시 이도이동,경상사고,0,0,1,0,차대차 - 측면충돌,안전운전불이행,건조,맑음,단일로 - 기타,승용,남,25세,상해없음,승합,남,66세,상해없음
2021012900100438,2021년 1월 29일 18시,금요일,제주특별자치도 서귀포시 도순동,경상사고,0,0,4,0,차대차 - 기타,차로위반,건조,맑음,단일로 - 지하차도(도로)내,화물,남,59세,상해없음,승용,남,67세,경상
2021012900100599,2021년 1월 29일 22시,금요일,제주특별자치도 제주시 조천읍,중상사고,0,1,0,0,차대차 - 정면충돌,신호위반,건조,맑음,교차로 - 교차로안,승용,남,24세,기타불명,승용,여,35세,중상
2021012900100600,2021년 1월 29일 22시,금요일,제주특별자치도 제주시 애월읍,경상사고,0,0,1,0,차대사람 - 기타,안전운전불이행,건조,맑음,단일로 - 기타,승용,남,31세,상해없음,보행자,남,23세,경상
2021013000100041,2021년 1월 30일 06시,토요일,제주특별자치도 서귀포시 서홍동,사망사고,1,0,0,0,차대차 - 추돌,안전운전불이행,건조,맑음,교차로 - 교차로부근,승용,여,61세,상해없음,이륜,남,68세,사망
2021013000100095,2021년 1월 30일 10시,토요일,제주특별자치도 제주시 이도이동,중상사고,0,1,0,0,차대차 - 기타,안전운전불이행,건조,맑음,단일로 - 기타,승용,여,46세,기타불명,승용,여,51세,중상
2021013000100197,2021년 1월 30일 13시,토요일,제주특별자치도 제주시 삼도이동,중상사고,0,1,0,0,차대사람 - 보도통행중,신호위반,건조,맑음,교차로 - 교차로횡단보도내,화물,남,45세,상해없음,보행자,남,24세,중상
2021013000100198,2021년 1월 30일 13시,토요일,제주특별자치도 제주시 연동,경상사고,0,0,1,0,차대사람 - 보도통행중,보행자보호의무위반,건조,맑음,교차로 - 교차로부근,이륜,남,33세,상해없음,보행자,여,64세,경상
2021013000100229,2021년 1월 30일 14시,토요일,제주특별자치도 제주시 영평동,중상사고,0,1,0,0,차대차 - 측면충돌,신호위반,건조,맑음,교차로 - 교차로안,화물,남,56세,상해없음,이륜,남,23세,중상
2021013000100230,2021년 1월 30일 14시,토요일,제주특별자치도 서귀포시 신효동,중상사고,0,1,2,0,차대차 - 측면충돌,안전운전불이행,건조,맑음,교차로 - 교차로안,화물,남,72세,중상,승용,여,25세,경상
2021013000100313,2021년 1월 30일 16시,토요일,제주특별자치도 서귀포시 남원읍,경상사고,0,0,1,0,차량단독 - 공작물충돌,안전운전불이행,젖음/습기,맑음,단일로 - 기타,승용,남,46세,경상,,,,
2021013000100427,2021년 1월 30일 19시,토요일,제주특별자치도 제주시 건입동,경상사고,0,0,1,0,차대차 - 측면충돌,안전운전불이행,건조,맑음,교차로 - 교차로안,이륜,남,35세,경상,승용,여,64세,상해없음
2021013000100428,2021년 1월 30일 19시,토요일,제주특별자치도 서귀포시 중문동,중상사고,0,1,0,0,차대차 - 기타,차로위반,건조,맑음,교차로 - 교차로안,승용,여,29세,상해없음,원동기,남,34세,중상
2021013000100467,2021년 1월 30일 20시,토요일,제주특별자치도 제주시 이호일동,경상사고,0,0,2,0,차대차 - 기타,안전운전불이행,건조,맑음,단일로 - 기타,승용,여,27세,상해없음,승용,남,34세,경상
2021013000100520,2021년 1월 30일 21시,토요일,제주특별자치도 제주시 용담이동,경상사고,0,0,1,0,차대차 - 기타,차로위반,건조,맑음,교차로 - 교차로안,승용,여,50세,상해없음,승용,남,51세,경상
2021013000100546,2021년 1월 30일 22시,토요일,제주특별자치도 제주시 연동,경상사고,0,0,2,0,차대차 - 추돌,안전운전불이행,건조,맑음,교차로 - 교차로안,승용,여,23세,상해없음,승용,남,39세,경상
2021013100100023,2021년 1월 31일 02시,일요일,제주특별자치도 제주시 이도일동,경상사고,0,0,1,0,차대차 - 추돌,안전운전불이행,건조,맑음,단일로 - 기타,승용,남,26세,상해없음,승용,여,47세,경상
2021013100100140,2021년 1월 31일 13시,일요일,제주특별자치도 제주시 애월읍,경상사고,0,0,1,0,차대차 - 기타,안전운전불이행,건조,맑음,교차로 - 교차로부근,이륜,남,38세,상해없음,이륜,남,44세,경상
2021013100100217,2021년 1월 31일 16시,일요일,제주특별자치도 제주시 연동,중상사고,0,1,1,0,차대차 - 측면충돌,안전거리미확보,건조,맑음,교차로 - 교차로부근,승용,여,60세,경상,승용,여,69세,중상
2021013100100281,2021년 1월 31일 18시,일요일,제주특별자치도 제주시 일도이동,경상사고,0,0,1,0,차대사람 - 횡단중,보행자보호의무위반,건조,맑음,교차로 - 교차로횡단보도내,승용,여,36세,상해없음,보행자,여,61세,경상
2021013100100282,2021년 1월 31일 18시,일요일,제주특별자치도 서귀포시 안덕면,경상사고,0,0,1,0,차대차 - 기타,신호위반,건조,맑음,교차로 - 교차로안,승용,여,32세,상해없음,승용,여,37세,경상
2021013100100283,2021년 1월 31일 18시,일요일,제주특별자치도 제주시 한림읍,경상사고,0,0,1,0,차대차 - 추돌,안전운전불이행,건조,맑음,단일로 - 기타,승용,남,26세,상해없음,승용,여,34세,경상
2021013100100333,2021년 1월 31일 20시,일요일,제주특별자치도 제주시 건입동,경상사고,0,0,1,0,차대차 - 측면충돌,직진우회전진행방해,건조,맑음,교차로 - 교차로안,화물,남,57세,상해없음,승용,여,70세,경상
2021013100100334,2021년 1월 31일 20시,일요일,제주특별자치도 제주시 연동,경상사고,0,0,1,0,차대차 - 추돌,안전운전불이행,건조,맑음,단일로 - 기타,승용,남,26세,상해없음,승용,남,57세,상해없음
2021013100100374,2021년 1월 31일 22시,일요일,제주특별자치도 제주시 노형동,중상사고,0,1,0,0,차대차 - 기타,직진우회전진행방해,젖음/습기,비,교차로 - 교차로안,이륜,남,24세,중상,승용,남,26세,상해없음
2021020100100006,2021년 2월 1일 01시,월요일,제주특별자치도 제주시 이도이동,경상사고,0,0,1,0,차량단독 - 공작물충돌,안전운전불이행,건조,맑음,단일로 - 기타,승용,남,25세,경상,,,,
2021020100100007,2021년 2월 1일 01시,월요일,제주특별자치도 제주시 건입동,경상사고,0,0,2,0,차대차 - 추돌,안전운전불이행,젖음/습기,비,교차로 - 교차로부근,화물,남,37세,기타불명,승용,남,56세,경상
2021020100100127,2021년 2월 1일 10시,월요일,제주특별자치도 제주시 연동,부상신고사고,0,0,0,1,차대차 - 추돌,안전거리미확보,젖음/습기,비,단일로 - 기타,이륜,남,35세,부상신고,승용,남,42세,상해없음
2021020100100181,2021년 2월 1일 12시,월요일,제주특별자치도 서귀포시 하효동,경상사고,0,0,1,0,차대차 - 추돌,안전거리미확보,젖음/습기,비,교차로 - 교차로부근,승합,남,46세,상해없음,승용,남,52세,경상
2021020100100257,2021년 2월 1일 15시,월요일,제주특별자치도 서귀포시 서귀동,경상사고,0,0,1,0,차대차 - 추돌,안전운전불이행,젖음/습기,비,교차로 - 교차로안,승용,남,60세,상해없음,화물,남,43세,경상
2021020100100307,2021년 2월 1일 17시,월요일,제주특별자치도 제주시 이도이동,경상사고,0,0,1,0,차대차 - 기타,교차로운행방법위반,건조,맑음,교차로 - 교차로안,승용,여,57세,상해없음,승용,남,45세,경상
2021020100100364,2021년 2월 1일 18시,월요일,제주특별자치도 서귀포시 표선면,중상사고,0,1,2,0,차대차 - 기타,교차로운행방법위반,건조,맑음,교차로 - 교차로안,승용,여,56세,중상,승용,여,19세,경상
2021020100100478,2021년 2월 1일 21시,월요일,제주특별자치도 서귀포시 남원읍,사망사고,2,0,0,0,차량단독 - 기타,기타,젖음/습기,흐림,교차로 - 교차로부근,화물,남,46세,사망,,,,
2021020200100020,2021년 2월 2일 05시,화요일,제주특별자치도 제주시 용담이동,경상사고,0,0,2,0,차대차 - 측면충돌,안전운전불이행,건조,맑음,교차로 - 교차로안,승용,여,62세,경상,승용,여,33세,경상
2021020200100069,2021년 2월 2일 08시,화요일,제주특별자치도 서귀포시 서귀동,경상사고,0,0,1,0,차대차 - 기타,직진우회전진행방해,건조,맑음,교차로 - 교차로안,이륜,남,60세,경상,승용,남,40세,상해없음
2021020200100093,2021년 2월 2일 09시,화요일,제주특별자치도 서귀포시 성산읍,경상사고,0,0,1,0,차대차 - 기타,안전운전불이행,건조,맑음,단일로 - 기타,화물,남,75세,상해없음,승용,여,61세,경상
2021020200100201,2021년 2월 2일 13시,화요일,제주특별자치도 제주시 연동,경상사고,0,0,1,0,차대사람 - 횡단중,보행자보호의무위반,건조,맑음,교차로 - 교차로횡단보도내,승용,여,52세,상해없음,보행자,여,52세,경상
2021020200100233,2021년 2월 2일 14시,화요일,제주특별자치도 서귀포시 안덕면,경상사고,0,0,1,0,차대차 - 기타,안전거리미확보,건조,맑음,단일로 - 기타,승용,남,59세,상해없음,화물,남,42세,경상
2021020200100303,2021년 2월 2일 16시,화요일,제주특별자치도 제주시 건입동,경상사고,0,0,2,0,차대차 - 측면충돌,신호위반,건조,맑음,단일로 - 기타,승용,여,63세,상해없음,승용,남,42세,경상
2021020200100334,2021년 2월 2일 17시,화요일,제주특별자치도 제주시 노형동,경상사고,0,0,3,0,차대차 - 추돌,안전운전불이행,건조,맑음,교차로 - 교차로부근,승용,여,65세,상해없음,승용,남,37세,경상
2021020300100069,2021년 2월 3일 08시,수요일,제주특별자치도 서귀포시 동홍동,경상사고,0,0,1,0,차대차 - 기타,안전운전불이행,건조,맑음,교차로 - 교차로안,화물,남,51세,상해없음,승용,여,31세,경상
2021020300100129,2021년 2월 3일 10시,수요일,제주특별자치도 제주시 연동,경상사고,0,0,1,0,차대사람 - 기타,안전운전불이행,건조,맑음,단일로 - 기타,승용,남,49세,상해없음,보행자,여,38세,경상
2021020300100153,2021년 2월 3일 11시,수요일,제주특별자치도 제주시 건입동,경상사고,0,0,1,0,차대차 - 기타,안전운전불이행,건조,맑음,단일로 - 기타,승합,남,46세,상해없음,승용,여,53세,경상
2021020300100154,2021년 2월 3일 11시,수요일,제주특별자치도 서귀포시 남원읍,경상사고,0,0,1,0,차대차 - 기타,안전운전불이행,건조,맑음,단일로 - 기타,승용,남,44세,상해없음,이륜,남,37세,경상
2021020300100181,2021년 2월 3일 12시,수요일,제주특별자치도 제주시 해안동,경상사고,0,0,2,0,차대차 - 정면충돌,안전운전불이행,건조,맑음,교차로 - 교차로안,화물,여,57세,상해없음,승용,남,70세,경상
2021020300100284,2021년 2월 3일 15시,수요일,제주특별자치도 제주시 화북일동,경상사고,0,0,1,0,차대차 - 측면충돌,직진우회전진행방해,건조,맑음,교차로 - 교차로안,승용,남,41세,상해없음,승합,여,28세,경상
2021020300100285,2021년 2월 3일 15시,수요일,제주특별자치도 제주시 연동,경상사고,0,0,1,0,차대차 - 정면충돌,신호위반,건조,맑음,교차로 - 교차로부근,승용,남,50세,경상,승용,남,26세,상해없음
2021020300100362,2021년 2월 3일 17시,수요일,제주특별자치도 제주시 용담이동,경상사고,0,0,1,0,차대사람 - 보도통행중,기타,건조,맑음,기타 - 기타,승용,남,56세,상해없음,보행자,남,56세,경상
2021020300100417,2021년 2월 3일 18시,수요일,제주특별자치도 서귀포시 서홍동,경상사고,0,0,1,0,차대차 - 측면충돌,신호위반,건조,맑음,교차로 - 교차로안,승용,남,22세,상해없음,이륜,남,26세,경상
2021020300100418,2021년 2월 3일 18시,수요일,제주특별자치도 제주시 도평동,경상사고,0,0,1,0,차대차 - 측면충돌,기타,건조,맑음,교차로 - 교차로부근,이륜,남,33세,경상,승용,남,51세,상해없음
2021020300100489,2021년 2월 3일 20시,수요일,제주특별자치도 제주시 연동,경상사고,0,0,1,0,차대사람 - 기타,안전운전불이행,건조,맑음,단일로 - 기타,승용,여,59세,상해없음,보행자,여,17세,경상
2021020300100528,2021년 2월 3일 21시,수요일,제주특별자치도 제주시 한경면,중상사고,0,1,1,0,차대차 - 추돌,안전운전불이행,건조,맑음,단일로 - 기타,승용,남,25세,경상,농기계,남,76세,중상
2021020400100035,2021년 2월 4일 06시,목요일,제주특별자치도 제주시 노형동,경상사고,0,0,1,0,차대차 - 기타,안전거리미확보,건조,맑음,단일로 - 기타,승용,여,51세,상해없음,승용,남,52세,경상
2021020400100054,2021년 2월 4일 07시,목요일,제주특별자치도 제주시 도련일동,경상사고,0,0,1,0,차대차 - 측면충돌,안전운전불이행,건조,맑음,단일로 - 기타,승용,남,60세,상해없음,승용,남,52세,상해없음
2021020400100055,2021년 2월 4일 07시,목요일,제주특별자치도 제주시 용담일동,경상사고,0,0,1,0,차대차 - 추돌,안전운전불이행,건조,맑음,교차로 - 교차로부근,승용,남,22세,상해없음,승용,남,43세,경상
2021020400100056,2021년 2월 4일 07시,목요일,제주특별자치도 서귀포시 남원읍,중상사고,0,1,0,0,차대차 - 측면충돌,안전운전불이행,건조,맑음,교차로 - 교차로안,화물,남,80세,상해없음,승용,여,63세,중상
2021020400100142,2021년 2월 4일 09시,목요일,제주특별자치도 제주시 건입동,경상사고,0,0,1,0,차대차 - 측면충돌,안전운전불이행,건조,맑음,교차로 - 교차로부근,승용,남,45세,상해없음,승용,남,49세,경상
2021020400100143,2021년 2월 4일 09시,목요일,제주특별자치도 제주시 삼양이동,경상사고,0,0,1,0,차대차 - 추돌,안전운전불이행,건조,맑음,교차로 - 교차로부근,화물,여,56세,상해없음,화물,남,72세,상해없음
2021020400100211,2021년 2월 4일 11시,목요일,제주특별자치도 제주시 조천읍,경상사고,0,0,2,0,차대차 - 추돌,안전운전불이행,건조,맑음,단일로 - 기타,화물,남,23세,상해없음,승용,남,40세,경상
2021020400100246,2021년 2월 4일 12시,목요일,제주특별자치도 제주시 도련일동,중상사고,0,1,0,0,차대차 - 기타,안전운전불이행,건조,맑음,교차로 - 교차로부근,승용,여,52세,상해없음,이륜,남,61세,중상
2021020400100247,2021년 2월 4일 12시,목요일,제주특별자치도 서귀포시 서홍동,경상사고,0,0,2,0,차대차 - 기타,신호위반,건조,맑음,교차로 - 교차로안,승용,남,22세,상해없음,승용,남,61세,경상
2021020400100248,2021년 2월 4일 12시,목요일,제주특별자치도 제주시 연동,경상사고,0,0,1,0,차대차 - 측면충돌,안전운전불이행,건조,맑음,교차로 - 교차로안,승용,여,27세,상해없음,화물,남,34세,경상
2021020400100317,2021년 2월 4일 14시,목요일,제주특별자치도 제주시 화북이동,경상사고,0,0,1,0,차대차 - 기타,기타,건조,맑음,교차로 - 교차로부근,승용,여,56세,상해없음,이륜,남,42세,경상
2021020400100353,2021년 2월 4일 15시,목요일,제주특별자치도 제주시 아라일동,경상사고,0,0,1,0,차대사람 - 횡단중,보행자보호의무위반,건조,맑음,교차로 - 교차로횡단보도내,승용,남,69세,상해없음,보행자,남,8세,경상
2021020400100396,2021년 2월 4일 16시,목요일,제주특별자치도 제주시 용담이동,경상사고,0,0,3,0,차대차 - 기타,직진우회전진행방해,건조,맑음,교차로 - 교차로안,승용,남,66세,상해없음,승용,남,27세,경상
2021020400100437,2021년 2월 4일 17시,목요일,제주특별자치도 서귀포시 회수동,경상사고,0,0,1,0,차대차 - 측면충돌,안전거리미확보,건조,맑음,단일로 - 기타,화물,남,53세,상해없음,화물,남,56세,상해없음
2021020400100476,2021년 2월 4일 18시,목요일,제주특별자치도 제주시 해안동,경상사고,0,0,1,0,차대차 - 추돌,안전거리미확보,건조,맑음,단일로 - 기타,승용,남,48세,상해없음,승용,남,37세,경상
2021020400100508,2021년 2월 4일 19시,목요일,제주특별자치도 서귀포시 회수동,중상사고,0,1,0,0,차대차 - 기타,직진우회전진행방해,건조,맑음,교차로 - 교차로안,승용,여,41세,상해없음,이륜,남,35세,중상
2021020400100509,2021년 2월 4일 19시,목요일,제주특별자치도 제주시 노형동,경상사고,0,0,1,0,차대차 - 측면충돌,안전거리미확보,건조,맑음,단일로 - 기타,승합,남,51세,상해없음,승용,남,32세,경상
2021020400100582,2021년 2월 4일 21시,목요일,제주특별자치도 서귀포시 색달동,중상사고,0,1,1,0,차대차 - 측면충돌,안전운전불이행,건조,기타,교차로 - 교차로안,화물,남,52세,상해없음,승용,여,26세,중상
2021020400100626,2021년 2월 4일 23시,목요일,제주특별자치도 서귀포시 신효동,경상사고,0,0,1,0,차대차 - 기타,안전운전불이행,건조,흐림,교차로 - 교차로안,승용,남,58세,상해없음,승용,남,28세,경상
2021020500100119,2021년 2월 5일 10시,금요일,제주특별자치도 제주시 도련이동,경상사고,0,0,1,0,차대차 - 후진중충돌,안전운전불이행,건조,맑음,주차장 - 주차장,승용,여,76세,상해없음,승용,여,31세,경상
2021020500100120,2021년 2월 5일 10시,금요일,제주특별자치도 제주시 건입동,경상사고,0,0,1,0,차대차 - 정면충돌,안전운전불이행,건조,맑음,교차로 - 교차로부근,이륜,남,63세,경상,승합,남,58세,상해없음
2021020500100273,2021년 2월 5일 14시,금요일,제주특별자치도 서귀포시 대정읍,경상사고,0,0,1,0,차대차 - 측면충돌,안전운전불이행,건조,맑음,교차로 - 교차로안,승용,남,66세,상해없음,승용,여,58세,경상
2021020500100274,2021년 2월 5일 14시,금요일,제주특별자치도 제주시 용담이동,경상사고,0,0,2,0,차대차 - 기타,교차로운행방법위반,건조,맑음,교차로 - 교차로안,승용,남,49세,경상,화물,남,46세,기타불명
2021020500100349,2021년 2월 5일 16시,금요일,제주특별자치도 제주시 화북이동,경상사고,0,0,1,0,차대차 - 측면충돌,안전거리미확보,건조,맑음,교차로 - 교차로부근,화물,남,38세,상해없음,승용,여,63세,경상
2021020500100405,2021년 2월 5일 17시,금요일,제주특별자치도 서귀포시 성산읍,경상사고,0,0,1,0,차량단독 - 기타,안전운전불이행,건조,맑음,단일로 - 기타,승용,여,26세,경상,,,,
2021020500100455,2021년 2월 5일 18시,금요일,제주특별자치도 제주시 도련일동,경상사고,0,0,1,0,차대차 - 기타,직진우회전진행방해,건조,맑음,교차로 - 교차로안,승용,남,53세,상해없음,승용,남,69세,상해없음
2021020500100456,2021년 2월 5일 18시,금요일,제주특별자치도 서귀포시 서귀동,중상사고,0,1,0,0,차대사람 - 횡단중,보행자보호의무위반,건조,맑음,교차로 - 교차로안,승용,여,46세,상해없음,보행자,여,71세,중상
2021020500100518,2021년 2월 5일 19시,금요일,제주특별자치도 제주시 연동,경상사고,0,0,1,0,차대차 - 기타,안전운전불이행,건조,맑음,교차로 - 교차로부근,승용,남,42세,상해없음,이륜,남,47세,경상
2021020500100564,2021년 2월 5일 20시,금요일,제주특별자치도 제주시 건입동,경상사고,0,0,1,0,차대차 - 기타,안전운전불이행,건조,맑음,교차로 - 교차로안,기타불명,기타불명,미분류,기타불명,이륜,남,19세,경상
2021020500100659,2021년 2월 5일 23시,금요일,제주특별자치도 제주시 오라일동,경상사고,0,0,1,0,차대차 - 추돌,안전운전불이행,건조,맑음,단일로 - 기타,승용,남,27세,상해없음,이륜,남,20세,경상
2021020600100036,2021년 2월 6일 06시,토요일,제주특별자치도 서귀포시 안덕면,중상사고,0,1,0,0,차대차 - 정면충돌,안전운전불이행,건조,맑음,교차로 - 교차로안,승합,남,48세,중상,화물,남,38세,상해없음
2021020600100145,2021년 2월 6일 12시,토요일,제주특별자치도 제주시 이도이동,경상사고,0,0,2,0,차대차 - 측면충돌,안전거리미확보,건조,맑음,단일로 - 기타,승용,여,24세,경상,승용,남,66세,경상
2021020600100198,2021년 2월 6일 13시,토요일,제주특별자치도 제주시 노형동,경상사고,0,0,1,0,차대사람 - 길가장자리구역통행중,안전운전불이행,건조,맑음,단일로 - 기타,승용,여,59세,상해없음,보행자,남,16세,경상
2021020600100226,2021년 2월 6일 14시,토요일,제주특별자치도 서귀포시 표선면,경상사고,0,0,2,0,차대차 - 정면충돌,신호위반,건조,맑음,교차로 - 교차로안,건설기계,남,32세,상해없음,승용,여,23세,경상
2021020600100227,2021년 2월 6일 14시,토요일,제주특별자치도 제주시 애월읍,중상사고,0,2,0,2,차대차 - 정면충돌,기타,건조,맑음,교차로 - 교차로안,승용,여,31세,상해없음,승용,남,47세,중상
2021020600100256,2021년 2월 6일 15시,토요일,제주특별자치도 서귀포시 대정읍,경상사고,0,0,2,0,차대차 - 기타,안전운전불이행,건조,맑음,교차로 - 교차로안,승용,남,54세,상해없음,승용,여,44세,경상
2021020600100287,2021년 2월 6일 16시,토요일,제주특별자치도 제주시 오라이동,경상사고,0,0,2,0,차대차 - 추돌,안전운전불이행,건조,맑음,교차로 - 교차로부근,승용,남,48세,상해없음,승용,남,23세,경상
2021020600100361,2021년 2월 6일 18시,토요일,제주특별자치도 서귀포시 안덕면,중상사고,0,2,3,0,차대차 - 추돌,안전운전불이행,건조,맑음,교차로 - 교차로부근,승용,여,40세,상해없음,승용,여,45세,중상
2021020600100402,2021년 2월 6일 19시,토요일,제주특별자치도 제주시 도련이동,경상사고,0,0,2,0,차대차 - 측면충돌,신호위반,건조,맑음,교차로 - 교차로안,이륜,남,47세,경상,승용,남,30세,경상
2021020600100403,2021년 2월 6일 19시,토요일,제주특별자치도 제주시 조천읍,중상사고,0,1,0,0,차대사람 - 기타,중앙선침범,건조,맑음,단일로 - 기타,승용,여,40세,상해없음,보행자,남,26세,중상
2021020600100404,2021년 2월 6일 19시,토요일,제주특별자치도 서귀포시 서귀동,중상사고,0,1,0,0,차대차 - 측면충돌,교차로운행방법위반,건조,맑음,교차로 - 교차로안,승용,여,23세,상해없음,승용,남,60세,상해없음
2021020600100432,2021년 2월 6일 20시,토요일,제주특별자치도 제주시 화북이동,중상사고,0,1,0,0,차대차 - 정면충돌,중앙선침범,건조,맑음,단일로 - 기타,승용,여,48세,상해없음,이륜,남,24세,중상
2021020600100433,2021년 2월 6일 20시,토요일,제주특별자치도 제주시 연동,경상사고,0,0,2,1,차대차 - 측면충돌,안전거리미확보,건조,맑음,교차로 - 교차로안,승용,남,27세,부상신고,승용,남,27세,경상
2021020700100011,2021년 2월 7일 00시,일요일,제주특별자치도 서귀포시 중문동,중상사고,0,1,0,0,차대차 - 측면충돌,중앙선침범,건조,맑음,단일로 - 기타,승용,여,57세,상해없음,이륜,남,25세,중상
2021020700100040,2021년 2월 7일 06시,일요일,제주특별자치도 제주시 봉개동,경상사고,0,0,1,0,차대차 - 추돌,안전운전불이행,건조,흐림,단일로 - 기타,화물,남,53세,상해없음,농기계,남,47세,경상
2021020700100079,2021년 2월 7일 10시,일요일,제주특별자치도 제주시 해안동,경상사고,0,0,2,0,차대차 - 추돌,기타,건조,맑음,단일로 - 기타,승용,남,46세,경상,승용,남,36세,경상
2021020700100096,2021년 2월 7일 11시,일요일,제주특별자치도 제주시 도남동,경상사고,0,0,1,0,차대차 - 측면충돌,신호위반,건조,맑음,교차로 - 교차로안,승용,남,65세,상해없음,자전거,여,16세,경상
2021020700100163,2021년 2월 7일 14시,일요일,제주특별자치도 제주시 이도이동,경상사고,0,0,1,0,차대차 - 기타,직진우회전진행방해,건조,맑음,교차로 - 교차로안,승용,여,23세,상해없음,이륜,남,37세,경상
2021020700100232,2021년 2월 7일 16시,일요일,제주특별자치도 서귀포시 남원읍,경상사고,0,0,3,0,차대차 - 측면충돌,직진우회전진행방해,건조,맑음,교차로 - 교차로안,승용,남,27세,상해없음,승용,남,49세,상해없음
2021020700100259,2021년 2월 7일 17시,일요일,제주특별자치도 제주시 일도이동,경상사고,0,0,1,0,차대차 - 측면충돌,중앙선침범,건조,맑음,교차로 - 교차로부근,이륜,남,48세,경상,승용,여,68세,상해없음
2021020700100283,2021년 2월 7일 18시,일요일,제주특별자치도 제주시 연동,경상사고,0,0,1,0,차대사람 - 차도통행중,안전운전불이행,건조,맑음,단일로 - 기타,승용,남,21세,상해없음,보행자,남,31세,경상
2021020700100328,2021년 2월 7일 19시,일요일,제주특별자치도 제주시 이도이동,경상사고,0,0,3,0,차대차 - 측면충돌,안전운전불이행,건조,맑음,교차로 - 교차로안,승용,남,79세,상해없음,승용,여,40세,경상
2021020700100380,2021년 2월 7일 21시,일요일,제주특별자치도 서귀포시 동홍동,경상사고,0,0,1,1,차대차 - 측면충돌,신호위반,건조,맑음,교차로 - 교차로부근,승용,남,18세,부상신고,승용,여,45세,경상
2021020800100164,2021년 2월 8일 10시,월요일,제주특별자치도 제주시 이호이동,부상신고사고,0,0,0,1,차대차 - 기타,기타,건조,맑음,교차로 - 교차로안,이륜,여,49세,부상신고,화물,남,69세,상해없음
2021020800100195,2021년 2월 8일 11시,월요일,제주특별자치도 서귀포시 토평동,경상사고,0,0,1,0,차대차 - 측면충돌,안전거리미확보,건조,맑음,교차로 - 교차로부근,승용,여,67세,상해없음,승용,여,28세,경상
2021020800100239,2021년 2월 8일 12시,월요일,제주특별자치도 서귀포시 중문동,경상사고,0,0,3,0,차대차 - 측면충돌,직진우회전진행방해,건조,맑음,교차로 - 교차로안,승용,남,30세,경상,승용,여,66세,경상
2021020800100286,2021년 2월 8일 13시,월요일,제주특별자치도 제주시 화북이동,경상사고,0,0,1,0,차대차 - 측면충돌,안전거리미확보,건조,맑음,단일로 - 기타,화물,남,59세,상해없음,승용,남,63세,경상