사고번호,사고일시,요일,시군구,사고내용,사망자수,중상자수,경상자수,부상신고자수,사고유형,법규위반,노면상태,기상상태,도로형태,가해운전자 차종,가해운전자 성별,가해운전자 연령,가해운전자 상해정도,피해운전자 차종,피해운전자 성별,피해운전자 연령,피해운전자 상해정도
2021020800100287,2021년 2월 8일 13시,월요일,제주특별자치도 서귀포시 호근동,경상사고,0,0,1,0,차대차 - 기타,안전운전불이행,건조,맑음,단일로 - 기타,이륜,남,72세,경상,승용,남,58세,상해없음
2021020800100326,2021년 2월 8일 14시,월요일,제주특별자치도 제주시 이도이동,경상사고,0,0,1,0,차량단독 - 기타,안전운전불이행,건조,맑음,기타 - 기타,승용,남,66세,상해없음,,,,
2021020800100401,2021년 2월 8일 16시,월요일,제주특별자치도 제주시 구좌읍,경상사고,0,0,3,0,차대차 - 정면충돌,중앙선침범,건조,맑음,단일로 - 기타,승용,남,51세,상해없음,승용,여,60세,경상
2021020800100448,2021년 2월 8일 17시,월요일,제주특별자치도 제주시 이도이동,경상사고,0,0,2,0,차대차 - 측면충돌,안전거리미확보,건조,맑음,단일로 - 기타,승용,남,78세,상해없음,승용,남,57세,경상
2021020800100494,2021년 2월 8일 18시,월요일,제주특별자치도 제주시 노형동,경상사고,0,0,1,0,차대사람 - 횡단중,보행자보호의무위반,건조,맑음,단일로 - 기타,이륜,남,24세,상해없음,보행자,남,17세,경상
2021020800100534,2021년 2월 8일 19시,월요일,제주특별자치도 제주시 연동,부상신고사고,0,0,0,2,차대차 - 추돌,안전거리미확보,건조,맑음,교차로 - 교차로안,이륜,남,56세,기타불명,승용,남,31세,부상신고
2021020800100574,2021년 2월 8일 20시,월요일,제주특별자치도 제주시 연동,경상사고,0,0,2,0,차대차 - 측면충돌,교차로운행방법위반,건조,맑음,교차로 - 교차로안,승용,여,43세,상해없음,승용,남,39세,경상
2021020800100575,2021년 2월 8일 20시,월요일,제주특별자치도 제주시 노형동,부상신고사고,0,0,0,1,차대차 - 측면충돌,안전운전불이행,건조,맑음,교차로 - 교차로안,승용,남,26세,상해없음,이륜,남,28세,부상신고
2021020800100640,2021년 2월 8일 22시,월요일,제주특별자치도 제주시 이도이동,경상사고,0,0,1,0,차대차 - 측면충돌,직진우회전진행방해,건조,맑음,교차로 - 교차로안,승용,남,24세,상해없음,승용,남,69세,경상
2021020900100008,2021년 2월 9일 01시,화요일,제주특별자치도 제주시 건입동,경상사고,0,0,1,0,차대사람 - 횡단중,안전운전불이행,건조,맑음,교차로 - 교차로횡단보도내,승용,남,33세,상해없음,보행자,남,60세,경상
2021020900100165,2021년 2월 9일 10시,화요일,제주특별자치도 제주시 조천읍,경상사고,0,0,2,0,차대차 - 측면충돌,교차로운행방법위반,건조,맑음,교차로 - 교차로부근,화물,남,43세,상해없음,화물,남,66세,경상
2021020900100236,2021년 2월 9일 12시,화요일,제주특별자치도 제주시 이도이동,경상사고,0,0,1,0,차대차 - 기타,교차로운행방법위반,건조,맑음,교차로 - 교차로안,승용,여,60세,상해없음,승용,남,43세,경상
2021020900100237,2021년 2월 9일 12시,화요일,제주특별자치도 제주시 연동,중상사고,0,1,0,0,차대차 - 추돌,안전운전불이행,건조,맑음,교차로 - 교차로부근,승용,남,29세,상해없음,이륜,남,51세,중상
2021020900100281,2021년 2월 9일 13시,화요일,제주특별자치도 제주시 아라일동,경상사고,0,0,2,0,차대차 - 측면충돌,교차로운행방법위반,건조,맑음,교차로 - 교차로안,화물,남,46세,경상,승용,여,28세,경상
2021020900100282,2021년 2월 9일 13시,화요일,제주특별자치도 서귀포시 서귀동,경상사고,0,0,2,0,차대차 - 추돌,안전운전불이행,건조,맑음,단일로 - 기타,화물,남,30세,상해없음,승용,여,23세,경상
2021020900100420,2021년 2월 9일 16시,화요일,제주특별자치도 제주시 이도이동,중상사고,0,1,0,0,차대차 - 후진중충돌,안전운전불이행,건조,맑음,단일로 - 기타,승용,남,61세,상해없음,승용,여,43세,중상
2021020900100624,2021년 2월 9일 20시,화요일,제주특별자치도 제주시 구좌읍,경상사고,0,0,1,0,차대차 - 기타,안전운전불이행,건조,맑음,단일로 - 기타,기타불명,기타불명,미분류,기타불명,승용,남,59세,경상
2021020900100625,2021년 2월 9일 20시,화요일,제주특별자치도 제주시 노형동,경상사고,0,0,1,0,차대사람 - 기타,안전운전불이행,건조,맑음,단일로 - 기타,승용,남,39세,상해없음,보행자,남,51세,경상
2021021000100052,2021년 2월 10일 06시,수요일,제주특별자치도 제주시 건입동,중상사고,0,1,0,0,차대사람 - 횡단중,안전운전불이행,건조,기타,기타 - 기타,승용,여,64세,상해없음,보행자,여,65세,중상
2021021000100129,2021년 2월 10일 09시,수요일,제주특별자치도 서귀포시 서귀동,중상사고,0,1,0,0,차대사람 - 횡단중,안전운전불이행,건조,맑음,교차로 - 교차로부근,승용,남,70세,상해없음,보행자,남,37세,중상
2021021000100161,2021년 2월 10일 10시,수요일,제주특별자치도 제주시 해안동,중상사고,0,1,0,0,차대차 - 추돌,안전거리미확보,건조,맑음,교차로 - 교차로부근,승용,남,54세,상해없음,화물,남,55세,상해없음
2021021000100207,2021년 2월 10일 11시,수요일,제주특별자치도 제주시 화북일동,경상사고,0,0,1,2,차대차 - 측면충돌,안전거리미확보,건조,맑음,교차로 - 교차로안,화물,남,18세,상해없음,화물,남,23세,부상신고
2021021000100208,2021년 2월 10일 11시,수요일,제주특별자치도 서귀포시 상효동,경상사고,0,0,1,0,차대차 - 측면충돌,안전운전불이행,건조,맑음,교차로 - 교차로안,화물,남,60세,경상,승용,남,62세,상해없음
2021021000100363,2021년 2월 10일 15시,수요일,제주특별자치도 제주시 이호일동,중상사고,0,1,0,0,차대차 - 측면충돌,안전운전불이행,건조,맑음,교차로 - 교차로안,승용,남,64세,상해없음,자전거,남,44세,중상
2021021000100457,2021년 2월 10일 17시,수요일,제주특별자치도 제주시 애월읍,경상사고,0,0,3,0,차대차 - 추돌,안전운전불이행,건조,맑음,단일로 - 기타,승용,남,68세,경상,승용,여,53세,경상
2021021000100589,2021년 2월 10일 19시,수요일,제주특별자치도 제주시 용담일동,경상사고,0,0,2,0,차대차 - 측면충돌,직진우회전진행방해,건조,맑음,교차로 - 교차로안,이륜,남,42세,경상,승용,여,56세,경상
2021021000100590,2021년 2월 10일 19시,수요일,제주특별자치도 서귀포시 대정읍,경상사고,0,0,1,0,차대차 - 측면충돌,직진우회전진행방해,건조,맑음,교차로 - 교차로안,승용,여,48세,상해없음,승용,남,71세,경상
2021021000100591,2021년 2월 10일 19시,수요일,제주특별자치도 서귀포시 대정읍,중상사고,0,1,1,0,차대차 - 측면충돌,직진우회전진행방해,건조,맑음,교차로 - 교차로안,승용,여,58세,경상,승용,여,41세,중상
2021021000100649,2021년 2월 10일 20시,수요일,제주특별자치도 제주시 노형동,경상사고,0,0,1,0,차대차 - 기타,신호위반,건조,맑음,교차로 - 교차로안,승용,여,23세,상해없음,승용,여,54세,경상
2021021100100081,2021년 2월 11일 10시,목요일,제주특별자치도 서귀포시 대정읍,경상사고,0,0,3,0,차대차 - 측면충돌,안전운전불이행,건조,맑음,단일로 - 기타,화물,남,54세,상해없음,승용,남,42세,경상
2021021100100189,2021년 2월 11일 15시,목요일,제주특별자치도 서귀포시 안덕면,경상사고,0,0,2,0,차대차 - 후진중충돌,안전운전불이행,건조,맑음,단일로 - 기타,승용,남,61세,상해없음,승용,여,50세,기타불명
2021021100100190,2021년 2월 11일 15시,목요일,제주특별자치도 제주시 연동,경상사고,0,0,1,1,차대차 - 측면충돌,안전운전불이행,건조,맑음,단일로 - 기타,승용,여,43세,부상신고,승용,남,26세,경상
2021021100100247,2021년 2월 11일 18시,목요일,제주특별자치도 제주시 이도이동,경상사고,0,0,1,0,차대차 - 추돌,신호위반,건조,맑음,교차로 - 교차로부근,승용,남,38세,상해없음,승용,남,52세,경상
2021021100100276,2021년 2월 11일 19시,목요일,제주특별자치도 서귀포시 서홍동,경상사고,0,0,1,0,차대차 - 정면충돌,직진우회전진행방해,건조,맑음,교차로 - 교차로안,승용,남,72세,상해없음,이륜,남,41세,경상
2021021100100277,2021년 2월 11일 19시,목요일,제주특별자치도 제주시 노형동,중상사고,0,1,1,0,차대차 - 추돌,안전운전불이행,건조,맑음,교차로 - 교차로횡단보도내,승용,여,23세,상해없음,이륜,남,36세,중상
2021021100100304,2021년 2월 11일 20시,목요일,제주특별자치도 제주시 연동,경상사고,0,0,1,0,차대차 - 기타,안전거리미확보,건조,맑음,단일로 - 기타,승용,남,54세,경상,승합,남,39세,상해없음
2021021200100011,2021년 2월 12일 01시,금요일,제주특별자치도 서귀포시 대정읍,중상사고,0,1,0,0,차량단독 - 공작물충돌,안전운전불이행,건조,맑음,단일로 - 지하차도(도로)내,승용,남,18세,상해없음,,,,
2021021200100016,2021년 2월 12일 02시,금요일,제주특별자치도 서귀포시 동홍동,중상사고,0,1,0,0,차대사람 - 기타,안전운전불이행,건조,맑음,교차로 - 교차로부근,승용,남,48세,상해없음,보행자,남,45세,중상
2021021200100068,2021년 2월 12일 11시,금요일,제주특별자치도 서귀포시 대정읍,경상사고,0,0,1,0,차대차 - 후진중충돌,안전운전불이행,건조,맑음,단일로 - 기타,승용,남,67세,상해없음,승용,남,47세,경상
2021021200100143,2021년 2월 12일 15시,금요일,제주특별자치도 서귀포시 안덕면,경상사고,0,0,3,0,차대차 - 후진중충돌,안전운전불이행,건조,맑음,단일로 - 기타,승용,여,60세,상해없음,승용,남,27세,경상
2021021200100162,2021년 2월 12일 16시,금요일,제주특별자치도 서귀포시 호근동,경상사고,0,0,1,0,차대차 - 기타,직진우회전진행방해,젖음/습기,흐림,교차로 - 교차로안,승용,남,70세,상해없음,이륜,남,20세,경상
2021021200100199,2021년 2월 12일 18시,금요일,제주특별자치도 제주시 노형동,경상사고,0,0,1,0,차대차 - 기타,안전운전불이행,건조,맑음,교차로 - 교차로안,이륜,남,31세,상해없음,승용,남,33세,경상
2021021300100024,2021년 2월 13일 06시,토요일,제주특별자치도 서귀포시 서귀동,중상사고,0,1,0,0,차대차 - 기타,직진우회전진행방해,건조,맑음,교차로 - 교차로안,승합,남,63세,상해없음,승용,여,47세,중상
2021021300100069,2021년 2월 13일 11시,토요일,제주특별자치도 제주시 용담이동,경상사고,0,0,1,0,차대차 - 정면충돌,신호위반,건조,맑음,교차로 - 교차로안,승용,남,70세,상해없음,승용,남,28세,경상
2021021300100088,2021년 2월 13일 12시,토요일,제주특별자치도 제주시 구좌읍,경상사고,0,0,2,0,차대차 - 추돌,안전운전불이행,기타,맑음,교차로 - 교차로안,화물,남,65세,상해없음,승용,남,46세,경상
2021021300100229,2021년 2월 13일 17시,토요일,제주특별자치도 제주시 애월읍,경상사고,0,0,1,0,차대차 - 추돌,안전운전불이행,건조,맑음,교차로 - 교차로부근,승용,남,75세,상해없음,승용,남,30세,경상
2021021300100286,2021년 2월 13일 19시,토요일,제주특별자치도 제주시 용담이동,경상사고,0,0,1,1,차대차 - 측면충돌,직진우회전진행방해,건조,맑음,교차로 - 교차로안,이륜,남,28세,부상신고,화물,남,36세,경상
2021021300100317,2021년 2월 13일 20시,토요일,제주특별자치도 제주시 노형동,경상사고,0,0,1,0,차대차 - 측면충돌,교차로운행방법위반,건조,맑음,교차로 - 교차로안,승용,남,44세,상해없음,이륜,남,49세,경상
2021021300100413,2021년 2월 13일 23시,토요일,제주특별자치도 제주시 일도이동,중상사고,0,1,1,0,차대사람 - 기타,보행자보호의무위반,건조,맑음,교차로 - 교차로횡단보도내,승용,남,46세,상해없음,보행자,남,63세,경상
2021021400100010,2021년 2월 14일 01시,일요일,제주특별자치도 제주시 용담이동,경상사고,0,0,1,0,차대차 - 측면충돌,신호위반,건조,맑음,교차로 - 교차로안,승용,남,36세,상해없음,승용,남,65세,경상
2021021400100070,2021년 2월 14일 12시,일요일,제주특별자치도 제주시 연동,부상신고사고,0,0,0,3,차대차 - 측면충돌,안전운전불이행,건조,맑음,교차로 - 교차로안,승용,남,31세,부상신고,승용,여,24세,부상신고
2021021400100071,2021년 2월 14일 12시,일요일,제주특별자치도 제주시 도두이동,경상사고,0,0,3,0,차대차 - 측면충돌,안전운전불이행,건조,맑음,교차로 - 교차로안,승용,남,62세,상해없음,승용,남,66세,경상
2021021400100151,2021년 2월 14일 16시,일요일,제주특별자치도 서귀포시 표선면,중상사고,0,1,0,0,차대차 - 기타,직진우회전진행방해,건조,흐림,교차로 - 교차로안,화물,남,60세,상해없음,자전거,남,53세,중상
2021021400100176,2021년 2월 14일 17시,일요일,제주특별자치도 제주시 삼도이동,중상사고,0,1,0,0,차대차 - 측면충돌,직진우회전진행방해,건조,맑음,교차로 - 교차로안,이륜,남,60세,중상,화물,남,73세,상해없음
2021021400100177,2021년 2월 14일 17시,일요일,제주특별자치도 제주시 노형동,경상사고,0,0,1,0,차대차 - 측면충돌,안전거리미확보,건조,맑음,단일로 - 기타,승용,남,70세,상해없음,승용,남,40세,상해없음
2021021400100209,2021년 2월 14일 18시,일요일,제주특별자치도 제주시 용담일동,경상사고,0,0,1,0,차대차 - 기타,교차로운행방법위반,건조,맑음,교차로 - 교차로안,승용,남,25세,상해없음,승용,남,58세,경상
2021021400100238,2021년 2월 14일 19시,일요일,제주특별자치도 서귀포시 남원읍,경상사고,0,0,4,0,차대차 - 기타,직진우회전진행방해,건조,맑음,교차로 - 교차로안,승용,남,30세,경상,승용,남,64세,경상
2021021400100265,2021년 2월 14일 20시,일요일,제주특별자치도 제주시 노형동,경상사고,0,0,1,0,차대차 - 측면충돌,안전운전불이행,건조,맑음,교차로 - 교차로안,승용,남,25세,경상,승합,남,56세,상해없음
2021021400100266,2021년 2월 14일 20시,일요일,제주특별자치도 제주시 노형동,경상사고,0,0,1,0,차대차 - 기타,안전운전불이행,젖음/습기,맑음,교차로 - 교차로안,이륜,남,21세,경상,승용,남,64세,상해없음
2021021400100341,2021년 2월 14일 23시,일요일,제주특별자치도 제주시 한림읍,부상신고사고,0,0,0,1,차대차 - 정면충돌,기타,건조,맑음,교차로 - 교차로안,승용,남,37세,부상신고,승용,여,21세,상해없음
2021021500100129,2021년 2월 15일 11시,월요일,제주특별자치도 서귀포시 동홍동,중상사고,0,1,0,0,차대차 - 추돌,안전운전불이행,건조,맑음,단일로 - 기타,승용,여,69세,상해없음,승용,여,58세,중상
2021021500100285,2021년 2월 15일 16시,월요일,제주특별자치도 서귀포시 토평동,중상사고,0,1,3,0,차대차 - 추돌,안전운전불이행,건조,맑음,교차로 - 교차로안,화물,남,55세,상해없음,승용,남,54세,경상
2021021500100321,2021년 2월 15일 17시,월요일,제주특별자치도 제주시 애월읍,부상신고사고,0,0,0,1,차대차 - 추돌,안전운전불이행,건조,맑음,교차로 - 교차로부근,이륜,남,23세,부상신고,화물,남,46세,상해없음
2021021500100393,2021년 2월 15일 19시,월요일,제주특별자치도 제주시 연동,경상사고,0,0,1,0,차대차 - 정면충돌,직진우회전진행방해,건조,맑음,교차로 - 교차로안,승용,남,69세,상해없음,승용,남,22세,경상
2021021500100441,2021년 2월 15일 21시,월요일,제주특별자치도 제주시 애월읍,경상사고,0,0,1,0,차대차 - 정면충돌,신호위반,건조,맑음,교차로 - 교차로안,승용,여,49세,상해없음,승용,여,40세,경상
2021021600100018,2021년 2월 16일 03시,화요일,제주특별자치도 제주시 삼양일동,중상사고,0,1,0,0,차대차 - 추돌,안전운전불이행,건조,흐림,단일로 - 기타,승용,여,21세,기타불명,승용,남,64세,중상
2021021600100125,2021년 2월 16일 10시,화요일,제주특별자치도 서귀포시 대정읍,중상사고,0,1,0,0,차량단독 - 공작물충돌,안전운전불이행,건조,맑음,교차로 - 교차로안,이륜,남,51세,중상,,,,
2021021600100126,2021년 2월 16일 10시,화요일,제주특별자치도 제주시 노형동,중상사고,0,1,0,0,차대차 - 측면충돌,안전거리미확보,건조,맑음,단일로 - 기타,승용,여,44세,상해없음,승용,남,74세,중상
2021021600100212,2021년 2월 16일 13시,화요일,제주특별자치도 제주시 일도이동,경상사고,0,0,1,0,차대차 - 측면충돌,교차로운행방법위반,건조,맑음,교차로 - 교차로안,승용,남,79세,상해없음,이륜,남,40세,경상
2021021600100213,2021년 2월 16일 13시,화요일,제주특별자치도 서귀포시 성산읍,경상사고,0,0,2,0,차대차 - 기타,직진우회전진행방해,건조,맑음,교차로 - 교차로안,승용,남,21세,경상,승용,여,27세,경상
2021021600100214,2021년 2월 16일 13시,화요일,제주특별자치도 서귀포시 남원읍,경상사고,0,0,1,0,차대차 - 추돌,안전거리미확보,건조,맑음,교차로 - 교차로안,이륜,남,33세,경상,화물,남,61세,상해없음
2021021600100256,2021년 2월 16일 14시,화요일,제주특별자치도 서귀포시 남원읍,중상사고,0,1,0,0,차대사람 - 횡단중,보행자보호의무위반,건조,맑음,교차로 - 교차로횡단보도내,화물,남,82세,상해없음,보행자,여,30세,중상
2021021600100257,2021년 2월 16일 14시,화요일,제주특별자치도 제주시 노형동,경상사고,0,0,1,0,차대사람 - 횡단중,보행자보호의무위반,건조,맑음,교차로 - 교차로안,승용,여,41세,상해없음,보행자,여,75세,경상
2021021600100414,2021년 2월 16일 18시,화요일,제주특별자치도 서귀포시 대정읍,경상사고,0,0,1,0,차대차 - 기타,안전운전불이행,젖음/습기,비,단일로 - 기타,승용,남,60세,경상,승용,여,56세,상해없음
2021021600100493,2021년 2월 16일 21시,화요일,제주특별자치도 서귀포시 동홍동,경상사고,0,0,1,0,차대차 - 정면충돌,중앙선침범,건조,맑음,단일로 - 기타,승용,남,49세,상해없음,원동기,남,31세,경상
2021021600100494,2021년 2월 16일 21시,화요일,제주특별자치도 제주시 연동,경상사고,0,0,2,0,차대차 - 추돌,안전운전불이행,건조,맑음,교차로 - 교차로안,승용,남,24세,상해없음,승용,남,62세,경상
2021021700100053,2021년 2월 17일 07시,수요일,제주특별자치도 제주시 화북일동,경상사고,0,0,1,0,차대차 - 추돌,안전운전불이행,건조,맑음,단일로 - 기타,승용,남,31세,상해없음,승용,여,27세,경상
2021021700100090,2021년 2월 17일 08시,수요일,제주특별자치도 제주시 도남동,경상사고,0,0,1,0,차대차 - 기타,중앙선침범,젖음/습기,흐림,단일로 - 기타,승용,여,38세,상해없음,승용,남,44세,경상
2021021700100091,2021년 2월 17일 08시,수요일,제주특별자치도 제주시 애월읍,중상사고,0,1,0,0,차량단독 - 공작물충돌,안전운전불이행,건조,흐림,단일로 - 기타,승용,남,36세,중상,,,,
2021021700100156,2021년 2월 17일 10시,수요일,제주특별자치도 제주시 이도일동,경상사고,0,0,3,0,차대차 - 측면충돌,직진우회전진행방해,건조,맑음,교차로 - 교차로안,승용,남,19세,상해없음,승용,남,39세,경상
2021021700100241,2021년 2월 17일 13시,수요일,제주특별자치도 제주시 한림읍,경상사고,0,0,1,0,차대차 - 측면충돌,신호위반,건조,맑음,교차로 - 교차로안,화물,남,49세,상해없음,화물,남,37세,경상
2021021700100242,2021년 2월 17일 13시,수요일,제주특별자치도 제주시 이호이동,경상사고,0,0,1,0,차대차 - 추돌,안전운전불이행,적설,눈,교차로 - 교차로부근,승용,남,23세,상해없음,승용,남,63세,경상
2021021700100302,2021년 2월 17일 15시,수요일,제주특별자치도 서귀포시 안덕면,중상사고,0,1,0,0,차량단독 - 공작물충돌,안전운전불이행,서리/결빙,맑음,단일로 - 지하차도(도로)내,화물,남,61세,중상,,,,
2021021700100369,2021년 2월 17일 17시,수요일,제주특별자치도 서귀포시 안덕면,중상사고,0,1,0,0,차대차 - 기타,안전운전불이행,서리/결빙,흐림,단일로 - 기타,승용,남,35세,상해없음,화물,여,49세,중상
2021021700100418,2021년 2월 17일 18시,수요일,제주특별자치도 제주시 이도이동,중상사고,0,1,0,0,차대사람 - 길가장자리구역통행중,안전운전불이행,적설,기타,기타 - 기타,승용,남,27세,상해없음,보행자,남,51세,중상
2021021700100470,2021년 2월 17일 19시,수요일,제주특별자치도 제주시 봉개동,경상사고,0,0,2,0,차대차 - 기타,안전운전불이행,건조,맑음,단일로 - 기타,승합,남,53세,상해없음,승용,여,35세,경상
2021021700100471,2021년 2월 17일 19시,수요일,제주특별자치도 제주시 용담삼동,경상사고,0,0,1,0,차대사람 - 차도통행중,안전운전불이행,젖음/습기,눈,단일로 - 기타,승용,남,60세,상해없음,보행자,남,25세,경상
2021021700100472,2021년 2월 17일 19시,수요일,제주특별자치도 제주시 연동,경상사고,0,0,1,0,차대차 - 기타,안전운전불이행,서리/결빙,눈,단일로 - 기타,승용,남,41세,상해없음,승용,남,38세,경상
2021021700100497,2021년 2월 17일 20시,수요일,제주특별자치도 제주시 일도이동,경상사고,0,0,2,0,차대차 - 기타,안전운전불이행,서리/결빙,눈,단일로 - 기타,승용,남,63세,상해없음,승용,남,59세,경상
2021021700100498,2021년 2월 17일 20시,수요일,제주특별자치도 서귀포시 중문동,경상사고,0,0,1,2,차대차 - 추돌,안전거리미확보,서리/결빙,눈,단일로 - 기타,승용,여,40세,기타불명,승용,여,39세,경상
2021021700100526,2021년 2월 17일 21시,수요일,제주특별자치도 서귀포시 중문동,경상사고,0,0,4,1,차대차 - 기타,안전운전불이행,적설,눈,단일로 - 기타,승용,여,47세,부상신고,승용,남,27세,상해없음
2021021700100527,2021년 2월 17일 21시,수요일,제주특별자치도 제주시 외도일동,경상사고,0,0,1,0,차대차 - 기타,직진우회전진행방해,서리/결빙,눈,교차로 - 교차로안,승용,남,49세,상해없음,승용,남,39세,경상
2021021700100528,2021년 2월 17일 21시,수요일,제주특별자치도 제주시 한림읍,경상사고,0,0,2,0,차대차 - 추돌,안전운전불이행,적설,눈,단일로 - 기타,승용,남,19세,상해없음,승용,남,33세,경상
2021021700100550,2021년 2월 17일 22시,수요일,제주특별자치도 제주시 이도일동,중상사고,0,1,0,0,차대사람 - 기타,안전운전불이행,적설,눈,단일로 - 기타,승합,남,63세,상해없음,보행자,남,68세,중상
2021021700100551,2021년 2월 17일 22시,수요일,제주특별자치도 서귀포시 강정동,경상사고,0,0,1,0,차대차 - 정면충돌,안전운전불이행,서리/결빙,눈,단일로 - 기타,승용,남,27세,상해없음,승합,남,44세,경상
2021021800100043,2021년 2월 18일 06시,목요일,제주특별자치도 제주시 용담일동,경상사고,0,0,1,0,차대차 - 측면충돌,신호위반,서리/결빙,눈,교차로 - 교차로안,화물,남,50세,상해없음,승용,남,56세,경상
2021021800100057,2021년 2월 18일 07시,목요일,제주특별자치도 제주시 이도이동,경상사고,0,0,2,0,차대차 - 기타,안전거리미확보,서리/결빙,눈,교차로 - 교차로부근,승용,남,58세,상해없음,승합,남,37세,경상
2021021800100058,2021년 2월 18일 07시,목요일,제주특별자치도 제주시 애월읍,중상사고,0,1,0,0,차량단독 - 도로외이탈 - 추락,안전운전불이행,젖음/습기,맑음,단일로 - 기타,승용,남,51세,중상,,,,
2021021800100077,2021년 2월 18일 08시,목요일,제주특별자치도 제주시 오라이동,경상사고,0,0,2,0,차대차 - 정면충돌,안전운전불이행,서리/결빙,눈,단일로 - 기타,승용,남,66세,상해없음,승용,남,39세,경상
2021021800100123,2021년 2월 18일 10시,목요일,제주특별자치도 제주시 이도이동,경상사고,0,0,1,0,차대차 - 기타,교차로운행방법위반,적설,눈,교차로 - 교차로안,승용,남,63세,상해없음,승용,남,35세,경상
2021021800100124,2021년 2월 18일 10시,목요일,제주특별자치도 제주시 삼도이동,경상사고,0,0,1,0,차대사람 - 기타,안전운전불이행,젖음/습기,눈,교차로 - 교차로안,승용,남,74세,상해없음,보행자,남,49세,경상
2021021800100189,2021년 2월 18일 12시,목요일,제주특별자치도 서귀포시 동홍동,경상사고,0,0,1,0,차대차 - 측면충돌,안전운전불이행,건조,맑음,단일로 - 기타,화물,남,51세,상해없음,이륜,남,29세,경상
2021021800100190,2021년 2월 18일 12시,목요일,제주특별자치도 서귀포시 중문동,중상사고,0,1,0,0,차대사람 - 기타,안전운전불이행,건조,맑음,교차로 - 교차로안,승합,남,59세,상해없음,보행자,여,83세,중상
2021021800100289,2021년 2월 18일 15시,목요일,제주특별자치도 서귀포시 서귀동,경상사고,0,0,1,0,차대사람 - 기타,기타,건조,맑음,기타 - 기타,승용,남,43세,상해없음,보행자,여,62세,경상
2021021800100440,2021년 2월 18일 19시,목요일,제주특별자치도 서귀포시 표선면,경상사고,0,0,2,0,차대사람 - 기타,안전운전불이행,건조,흐림,단일로 - 기타,승합,남,61세,상해없음,보행자,남,66세,경상
2021021800100441,2021년 2월 18일 19시,목요일,제주특별자치도 제주시 애월읍,경상사고,0,0,1,0,차대차 - 측면충돌,안전거리미확보,건조,맑음,단일로 - 기타,승용,남,28세,상해없음,승용,여,46세,경상
2021021800100498,2021년 2월 18일 21시,목요일,제주특별자치도 제주시 구좌읍,경상사고,0,0,3,0,차대차 - 기타,안전운전불이행,건조,맑음,단일로 - 기타,승용,남,39세,상해없음,승용,남,21세,경상
2021021800100527,2021년 2월 18일 22시,목요일,제주특별자치도 제주시 연동,중상사고,0,1,1,0,차대차 - 기타,직진우회전진행방해,건조,맑음,교차로 - 교차로안,승용,남,30세,중상,승용,남,43세,경상
2021021800100528,2021년 2월 18일 22시,목요일,제주특별자치도 제주시 애월읍,경상사고,0,0,3,0,차대차 - 정면충돌,중앙선침범,건조,맑음,교차로 - 교차로부근,승용,남,50세,상해없음,승용,남,45세,경상
2021021900100011,2021년 2월 19일 01시,금요일,제주특별자치도 제주시 오라이동,중상사고,0,1,0,0,차대차 - 추돌,안전운전불이행,건조,맑음,교차로 - 교차로부근,승용,여,44세,상해없음,승용,남,60세,중상
2021021900100060,2021년 2월 19일 07시,금요일,제주특별자치도 제주시 용담일동,중상사고,0,1,2,0,차대차 - 측면충돌,직진우회전진행방해,건조,맑음,교차로 - 교차로안,승용,남,63세,경상,승용,남,27세,경상
2021021900100088,2021년 2월 19일 08시,금요일,제주특별자치도 제주시 아라일동,중상사고,0,1,0,0,차대사람 - 횡단중,보행자보호의무위반,건조,맑음,단일로 - 기타,승용,여,42세,상해없음,보행자,여,32세,중상
2021021900100089,2021년 2월 19일 08시,금요일,제주특별자치도 제주시 연동,경상사고,0,0,1,0,차대차 - 측면충돌,안전거리미확보,건조,맑음,단일로 - 기타,승용,여,49세,상해없음,승용,남,27세,경상
2021021900100128,2021년 2월 19일 09시,금요일,제주특별자치도 서귀포시 성산읍,중상사고,0,1,0,0,차대차 - 기타,기타,건조,맑음,교차로 - 교차로안,승용,남,51세,상해없음,승용,여,48세,중상
2021021900100153,2021년 2월 19일 10시,금요일,제주특별자치도 제주시 애월읍,경상사고,0,0,1,5,차대차 - 측면충돌,교차로운행방법위반,건조,맑음,교차로 - 교차로안,승용,여,47세,부상신고,승합,남,48세,경상
2021021900100192,2021년 2월 19일 11시,금요일,제주특별자치도 제주시 건입동,경상사고,0,0,1,0,차대사람 - 횡단중,보행자보호의무위반,건조,맑음,단일로 - 기타,승용,남,28세,상해없음,보행자,남,7세,경상
2021021900100193,2021년 2월 19일 11시,금요일,제주특별자치도 제주시 내도동,경상사고,0,0,1,0,차대차 - 측면충돌,교차로운행방법위반,건조,맑음,교차로 - 교차로안,승용,여,30세,상해없음,승용,여,46세,경상
2021021900100242,2021년 2월 19일 12시,금요일,제주특별자치도 제주시 용담이동,경상사고,0,0,1,0,차대차 - 추돌,안전운전불이행,건조,맑음,단일로 - 기타,승용,여,56세,상해없음,승용,여,35세,경상