사고번호,사고일시,요일,시군구,사고내용,사망자수,중상자수,경상자수,부상신고자수,사고유형,법규위반,노면상태,기상상태,도로형태,가해운전자 차종,가해운전자 성별,가해운전자 연령,가해운전자 상해정도,피해운전자 차종,피해운전자 성별,피해운전자 연령,피해운전자 상해정도
2021021900100280,2021년 2월 19일 13시,금요일,제주특별자치도 제주시 연동,경상사고,0,0,1,0,차대차 - 기타,직진우회전진행방해,건조,맑음,교차로 - 교차로안,승용,남,43세,상해없음,승용,여,28세,경상
2021021900100469,2021년 2월 19일 17시,금요일,제주특별자치도 제주시 조천읍,경상사고,0,0,3,0,차대차 - 추돌,안전운전불이행,건조,맑음,교차로 - 교차로부근,승용,여,29세,상해없음,승용,남,25세,경상
2021021900100570,2021년 2월 19일 19시,금요일,제주특별자치도 제주시 아라일동,부상신고사고,0,0,0,1,차량단독 - 전도전복 - 전도,안전운전불이행,건조,기타,단일로 - 기타,이륜,남,19세,부상신고,,,,
2021022000100194,2021년 2월 20일 12시,토요일,제주특별자치도 제주시 외도이동,경상사고,0,0,1,0,차대차 - 측면충돌,신호위반,건조,맑음,교차로 - 교차로안,승용,남,40세,상해없음,승용,여,23세,경상
2021022000100226,2021년 2월 20일 13시,토요일,제주특별자치도 제주시 우도면,경상사고,0,0,1,0,차량단독 - 공작물충돌,안전운전불이행,건조,맑음,단일로 - 기타,이륜,여,22세,경상,,,,
2021022000100227,2021년 2월 20일 13시,토요일,제주특별자치도 제주시 용담이동,경상사고,0,0,1,0,차대사람 - 기타,안전운전불이행,건조,맑음,단일로 - 기타,승용,남,58세,상해없음,보행자,남,24세,경상
2021022000100409,2021년 2월 20일 18시,토요일,제주특별자치도 서귀포시 성산읍,경상사고,0,0,1,0,차대차 - 측면충돌,안전운전불이행,건조,흐림,교차로 - 교차로안,승용,남,57세,상해없음,이륜,남,56세,경상
2021022000100470,2021년 2월 20일 20시,토요일,제주특별자치도 제주시 이도이동,경상사고,0,0,1,0,차대차 - 측면충돌,신호위반,건조,맑음,교차로 - 교차로안,승합,남,61세,상해없음,이륜,남,53세,경상
2021022000100525,2021년 2월 20일 22시,토요일,제주특별자치도 제주시 화북일동,경상사고,0,0,1,0,차대차 - 기타,안전운전불이행,건조,맑음,교차로 - 교차로부근,승용,남,29세,상해없음,승용,여,32세,경상
2021022000100526,2021년 2월 20일 22시,토요일,제주특별자치도 제주시 건입동,경상사고,0,0,1,0,차대차 - 추돌,안전운전불이행,건조,맑음,단일로 - 기타,승용,남,29세,상해없음,승용,남,71세,경상
2021022100100052,2021년 2월 21일 08시,일요일,제주특별자치도 제주시 이도이동,경상사고,0,0,3,0,차대차 - 측면충돌,직진우회전진행방해,건조,맑음,교차로 - 교차로안,화물,남,47세,경상,승용,남,47세,경상
2021022100100108,2021년 2월 21일 11시,일요일,제주특별자치도 서귀포시 호근동,중상사고,0,2,2,0,차량단독 - 공작물충돌,안전운전불이행,건조,맑음,주차장 - 주차장,승용,여,76세,경상,,,,
2021022100100109,2021년 2월 21일 11시,일요일,제주특별자치도 서귀포시 남원읍,중상사고,0,1,0,0,차대차 - 기타,안전운전불이행,건조,맑음,교차로 - 교차로부근,승용,남,43세,상해없음,이륜,남,61세,중상
2021022100100124,2021년 2월 21일 12시,일요일,제주특별자치도 서귀포시 동홍동,중상사고,0,1,0,0,차대사람 - 차도통행중,안전운전불이행,건조,맑음,단일로 - 기타,승용,여,26세,상해없음,보행자,여,83세,중상
2021022100100165,2021년 2월 21일 14시,일요일,제주특별자치도 서귀포시 표선면,경상사고,0,0,1,0,차대차 - 추돌,안전운전불이행,건조,맑음,단일로 - 기타,승용,남,27세,상해없음,승용,남,52세,상해없음
2021022100100166,2021년 2월 21일 14시,일요일,제주특별자치도 서귀포시 동홍동,경상사고,0,0,1,0,차대차 - 측면충돌,안전거리미확보,건조,맑음,단일로 - 기타,승용,여,65세,상해없음,승용,여,64세,경상
2021022100100167,2021년 2월 21일 14시,일요일,제주특별자치도 제주시 연동,경상사고,0,0,1,0,차대사람 - 보도통행중,보행자보호의무위반,건조,맑음,단일로 - 기타,승용,남,74세,상해없음,보행자,남,68세,경상
2021022100100214,2021년 2월 21일 15시,일요일,제주특별자치도 서귀포시 서호동,중상사고,0,1,0,0,차대차 - 기타,안전운전불이행,건조,맑음,교차로 - 교차로안,승용,여,41세,상해없음,승용,남,39세,중상
2021022100100253,2021년 2월 21일 16시,일요일,제주특별자치도 제주시 화북일동,경상사고,0,0,1,0,차대차 - 측면충돌,차로위반,건조,맑음,단일로 - 기타,승용,여,44세,상해없음,이륜,남,56세,경상
2021022100100284,2021년 2월 21일 17시,일요일,제주특별자치도 서귀포시 남원읍,경상사고,0,0,1,0,차대사람 - 차도통행중,안전운전불이행,건조,맑음,교차로 - 교차로부근,승용,남,45세,상해없음,보행자,여,53세,경상
2021022100100308,2021년 2월 21일 18시,일요일,제주특별자치도 제주시 오라이동,경상사고,0,0,1,0,차대차 - 추돌,안전운전불이행,건조,맑음,단일로 - 기타,승용,남,60세,상해없음,승용,여,40세,경상
2021022100100309,2021년 2월 21일 18시,일요일,제주특별자치도 서귀포시 호근동,경상사고,0,0,7,0,차대차 - 추돌,안전운전불이행,건조,맑음,단일로 - 기타,승용,남,31세,상해없음,승용,여,41세,경상
2021022100100403,2021년 2월 21일 23시,일요일,제주특별자치도 제주시 아라일동,경상사고,0,0,2,0,차대차 - 측면충돌,신호위반,건조,맑음,교차로 - 교차로안,이륜,남,22세,경상,승용,여,43세,경상
2021022200100032,2021년 2월 22일 06시,월요일,제주특별자치도 제주시 해안동,경상사고,0,0,1,0,차대차 - 기타,안전운전불이행,건조,맑음,교차로 - 교차로안,승용,남,60세,경상,건설기계,남,60세,상해없음
2021022200100096,2021년 2월 22일 08시,월요일,제주특별자치도 제주시 오라이동,경상사고,0,0,1,0,차대사람 - 차도통행중,안전운전불이행,건조,맑음,단일로 - 기타,승용,여,40세,상해없음,보행자,여,23세,경상
2021022200100169,2021년 2월 22일 10시,월요일,제주특별자치도 제주시 일도이동,경상사고,0,0,2,0,차대차 - 측면충돌,직진우회전진행방해,건조,맑음,교차로 - 교차로안,승용,여,64세,상해없음,승용,남,41세,경상
2021022200100227,2021년 2월 22일 12시,월요일,제주특별자치도 서귀포시 서귀동,중상사고,0,1,0,0,차대사람 - 차도통행중,안전운전불이행,건조,맑음,교차로 - 교차로안,승용,여,36세,상해없음,보행자,여,70세,중상
2021022200100228,2021년 2월 22일 12시,월요일,제주특별자치도 제주시 노형동,경상사고,0,0,2,0,차대차 - 측면충돌,교차로운행방법위반,건조,맑음,교차로 - 교차로안,승용,여,50세,상해없음,승용,남,25세,경상
2021022200100260,2021년 2월 22일 13시,월요일,제주특별자치도 제주시 노형동,경상사고,0,0,1,1,차대차 - 측면충돌,안전운전불이행,건조,맑음,교차로 - 교차로안,승용,남,71세,상해없음,승용,여,33세,경상
2021022200100337,2021년 2월 22일 15시,월요일,제주특별자치도 서귀포시 성산읍,경상사고,0,0,1,0,차대차 - 기타,직진우회전진행방해,건조,맑음,교차로 - 교차로안,이륜,남,65세,경상,승용,남,62세,상해없음
2021022200100338,2021년 2월 22일 15시,월요일,제주특별자치도 서귀포시 서귀동,경상사고,0,0,1,0,차대차 - 측면충돌,직진우회전진행방해,건조,맑음,교차로 - 교차로안,승용,남,58세,상해없음,승합,여,44세,경상
2021022200100416,2021년 2월 22일 17시,월요일,제주특별자치도 서귀포시 대정읍,중상사고,0,1,0,0,차대차 - 추돌,안전운전불이행,건조,맑음,교차로 - 교차로안,이륜,여,79세,중상,화물,남,78세,상해없음
2021022200100449,2021년 2월 22일 18시,월요일,제주특별자치도 서귀포시 표선면,중상사고,0,1,2,0,차대차 - 측면충돌,안전운전불이행,건조,맑음,단일로 - 기타,승용,남,68세,경상,승용,여,27세,중상
2021022200100487,2021년 2월 22일 19시,월요일,제주특별자치도 서귀포시 동홍동,경상사고,0,0,1,0,차대차 - 기타,직진우회전진행방해,건조,맑음,교차로 - 교차로안,승용,남,60세,상해없음,이륜,남,55세,경상
2021022200100516,2021년 2월 22일 20시,월요일,제주특별자치도 제주시 연동,경상사고,0,0,1,0,차대차 - 측면충돌,직진우회전진행방해,건조,기타,교차로 - 교차로안,원동기,남,31세,경상,승용,남,36세,상해없음
2021022300100017,2021년 2월 23일 02시,화요일,제주특별자치도 제주시 한림읍,중상사고,0,1,1,0,차대차 - 기타,안전운전불이행,건조,맑음,단일로 - 기타,승용,여,49세,상해없음,화물,남,58세,기타불명
2021022300100060,2021년 2월 23일 07시,화요일,제주특별자치도 제주시 애월읍,중상사고,0,1,0,0,차량단독 - 공작물충돌,안전운전불이행,건조,맑음,단일로 - 기타,화물,남,71세,상해없음,,,,
2021022300100089,2021년 2월 23일 08시,화요일,제주특별자치도 서귀포시 강정동,중상사고,0,1,0,0,차대사람 - 횡단중,보행자보호의무위반,건조,맑음,교차로 - 교차로부근,승용,여,38세,상해없음,보행자,여,45세,중상
2021022300100090,2021년 2월 23일 08시,화요일,제주특별자치도 제주시 연동,경상사고,0,0,1,0,차대차 - 측면충돌,안전거리미확보,건조,맑음,단일로 - 기타,승용,여,29세,상해없음,승용,남,54세,경상
2021022300100143,2021년 2월 23일 10시,화요일,제주특별자치도 제주시 이도일동,중상사고,0,1,0,0,차대사람 - 기타,안전운전불이행,건조,맑음,단일로 - 기타,승용,여,58세,상해없음,보행자,여,82세,중상
2021022300100199,2021년 2월 23일 12시,화요일,제주특별자치도 서귀포시 중문동,경상사고,0,0,1,0,차량단독 - 공작물충돌,안전운전불이행,건조,맑음,교차로 - 교차로안,이륜,남,18세,경상,,,,
2021022300100235,2021년 2월 23일 13시,화요일,제주특별자치도 서귀포시 대정읍,중상사고,0,1,0,0,차대차 - 측면충돌,안전운전불이행,건조,맑음,단일로 - 기타,승용,여,20세,상해없음,승용,남,33세,중상
2021022300100236,2021년 2월 23일 13시,화요일,제주특별자치도 서귀포시 서귀동,경상사고,0,0,1,0,차대차 - 측면충돌,안전거리미확보,건조,맑음,단일로 - 기타,승용,남,49세,상해없음,이륜,남,51세,경상
2021022300100237,2021년 2월 23일 13시,화요일,제주특별자치도 서귀포시 안덕면,경상사고,0,0,3,0,차대차 - 측면충돌,직진우회전진행방해,건조,맑음,교차로 - 교차로안,승용,남,32세,경상,화물,남,45세,경상
2021022300100317,2021년 2월 23일 15시,화요일,제주특별자치도 서귀포시 법환동,경상사고,0,0,1,0,차대차 - 기타,안전운전불이행,건조,맑음,교차로 - 교차로부근,화물,남,45세,상해없음,자전거,남,38세,경상
2021022300100350,2021년 2월 23일 16시,화요일,제주특별자치도 서귀포시 대정읍,경상사고,0,0,1,0,차대차 - 기타,안전운전불이행,건조,맑음,교차로 - 교차로안,승용,남,80세,상해없음,화물,남,71세,경상
2021022300100351,2021년 2월 23일 16시,화요일,제주특별자치도 제주시 연동,경상사고,0,0,1,0,차대사람 - 길가장자리구역통행중,신호위반,건조,맑음,단일로 - 기타,승용,남,37세,상해없음,보행자,남,30세,경상
2021022300100352,2021년 2월 23일 16시,화요일,제주특별자치도 제주시 한림읍,경상사고,0,0,1,0,차대차 - 측면충돌,안전거리미확보,건조,맑음,단일로 - 기타,승용,남,21세,상해없음,승용,여,59세,경상
2021022300100397,2021년 2월 23일 17시,화요일,제주특별자치도 제주시 도남동,중상사고,0,1,0,0,차대차 - 측면충돌,안전운전불이행,건조,맑음,단일로 - 기타,승용,남,65세,상해없음,이륜,남,26세,중상
2021022300100398,2021년 2월 23일 17시,화요일,제주특별자치도 서귀포시 회수동,경상사고,0,0,2,0,차대차 - 측면충돌,직진우회전진행방해,건조,맑음,교차로 - 교차로안,승용,남,51세,경상,화물,남,40세,경상
2021022300100399,2021년 2월 23일 17시,화요일,제주특별자치도 제주시 노형동,부상신고사고,0,0,0,1,차대사람 - 기타,안전운전불이행,건조,맑음,단일로 - 기타,이륜,남,41세,상해없음,보행자,여,9세,부상신고
2021022300100400,2021년 2월 23일 17시,화요일,제주특별자치도 제주시 애월읍,경상사고,0,0,3,0,차대차 - 기타,직진우회전진행방해,건조,맑음,교차로 - 교차로안,승용,남,45세,경상,승용,여,43세,경상
2021022300100501,2021년 2월 23일 20시,화요일,제주특별자치도 제주시 영평동,경상사고,0,0,1,0,차대차 - 정면충돌,안전운전불이행,건조,기타,기타 - 기타,승용,여,42세,상해없음,이륜,남,40세,경상
2021022300100502,2021년 2월 23일 20시,화요일,제주특별자치도 서귀포시 하효동,중상사고,0,1,0,0,차대차 - 기타,안전운전불이행,건조,맑음,단일로 - 기타,승합,남,55세,상해없음,승용,여,61세,중상
2021022300100503,2021년 2월 23일 20시,화요일,제주특별자치도 제주시 노형동,경상사고,0,0,1,0,차대차 - 기타,중앙선침범,건조,맑음,단일로 - 기타,승용,남,71세,상해없음,이륜,남,20세,경상
2021022300100565,2021년 2월 23일 23시,화요일,제주특별자치도 서귀포시 토평동,경상사고,0,0,1,0,차대차 - 기타,안전운전불이행,건조,흐림,교차로 - 교차로안,승용,여,49세,상해없음,승용,남,50세,상해없음
2021022400100048,2021년 2월 24일 07시,수요일,제주특별자치도 제주시 외도일동,경상사고,0,0,1,0,차대차 - 기타,직진우회전진행방해,건조,맑음,교차로 - 교차로안,승용,남,40세,상해없음,승용,남,28세,경상
2021022400100142,2021년 2월 24일 11시,수요일,제주특별자치도 제주시 일도이동,중상사고,0,1,0,0,차대사람 - 기타,안전운전불이행,건조,맑음,단일로 - 기타,승용,여,47세,상해없음,보행자,여,81세,중상
2021022400100143,2021년 2월 24일 11시,수요일,제주특별자치도 서귀포시 법환동,경상사고,0,0,1,0,차대차 - 기타,안전운전불이행,건조,맑음,단일로 - 기타,이륜,남,45세,경상,승용,남,66세,상해없음
2021022400100204,2021년 2월 24일 13시,수요일,제주특별자치도 제주시 애월읍,중상사고,0,1,1,0,차대차 - 추돌,기타,건조,맑음,교차로 - 교차로안,승용,남,48세,상해없음,승용,남,70세,중상
2021022400100239,2021년 2월 24일 14시,수요일,제주특별자치도 제주시 한경면,부상신고사고,0,0,0,1,차대차 - 추돌,기타,건조,맑음,교차로 - 교차로안,승용,여,45세,상해없음,이륜,남,54세,부상신고
2021022400100335,2021년 2월 24일 17시,수요일,제주특별자치도 서귀포시 대포동,경상사고,0,0,1,0,차대차 - 기타,안전운전불이행,건조,맑음,단일로 - 기타,이륜,남,18세,경상,화물,남,39세,상해없음
2021022400100336,2021년 2월 24일 17시,수요일,제주특별자치도 서귀포시 표선면,경상사고,0,0,1,0,차대차 - 측면충돌,안전운전불이행,건조,맑음,단일로 - 기타,화물,남,49세,상해없음,화물,남,41세,경상
2021022400100337,2021년 2월 24일 17시,수요일,제주특별자치도 제주시 연동,경상사고,0,0,1,0,차대차 - 측면충돌,안전거리미확보,건조,맑음,교차로 - 교차로부근,승용,남,74세,상해없음,승용,남,41세,경상
2021022400100447,2021년 2월 24일 20시,수요일,제주특별자치도 제주시 삼양이동,경상사고,0,0,1,0,차대차 - 추돌,안전운전불이행,건조,맑음,교차로 - 교차로부근,승용,남,63세,상해없음,승용,남,42세,경상
2021022400100448,2021년 2월 24일 20시,수요일,제주특별자치도 서귀포시 서귀동,부상신고사고,0,0,0,1,차대차 - 기타,안전운전불이행,건조,기타,단일로 - 기타,이륜,남,26세,부상신고,승용,남,48세,상해없음
2021022400100472,2021년 2월 24일 21시,수요일,제주특별자치도 서귀포시 남원읍,중상사고,0,1,3,0,차대차 - 기타,중앙선침범,건조,맑음,단일로 - 기타,화물,남,22세,중상,승합,남,47세,경상
2021022400100473,2021년 2월 24일 21시,수요일,제주특별자치도 제주시 노형동,경상사고,0,0,2,0,차대차 - 추돌,안전운전불이행,건조,맑음,단일로 - 기타,승용,남,25세,상해없음,승용,남,46세,경상
2021022400100504,2021년 2월 24일 22시,수요일,제주특별자치도 서귀포시 대정읍,경상사고,0,0,1,0,차대사람 - 횡단중,보행자보호의무위반,건조,흐림,교차로 - 교차로안,승용,남,43세,상해없음,보행자,여,39세,경상
2021022500100109,2021년 2월 25일 09시,목요일,제주특별자치도 제주시 구좌읍,경상사고,0,0,1,0,차대차 - 측면충돌,안전운전불이행,건조,맑음,교차로 - 교차로안,화물,남,55세,상해없음,이륜,남,76세,경상
2021022500100194,2021년 2월 25일 13시,목요일,제주특별자치도 제주시 애월읍,경상사고,0,0,1,0,차대차 - 측면충돌,안전운전불이행,건조,맑음,단일로 - 기타,화물,남,30세,상해없음,이륜,여,65세,경상
2021022500100195,2021년 2월 25일 13시,목요일,제주특별자치도 제주시 한림읍,경상사고,0,0,1,0,차대차 - 후진중충돌,안전운전불이행,건조,맑음,단일로 - 기타,승용,남,82세,상해없음,승용,여,37세,경상
2021022500100257,2021년 2월 25일 15시,목요일,제주특별자치도 제주시 조천읍,경상사고,0,0,1,0,차대차 - 기타,안전운전불이행,건조,맑음,단일로 - 기타,화물,남,46세,상해없음,자전거,여,22세,경상
2021022500100288,2021년 2월 25일 16시,목요일,제주특별자치도 서귀포시 대정읍,중상사고,0,1,0,0,차량단독 - 공작물충돌,안전운전불이행,젖음/습기,비,단일로 - 기타,농기계,남,81세,중상,,,,
2021022500100325,2021년 2월 25일 17시,목요일,제주특별자치도 제주시 한림읍,경상사고,0,0,3,0,차대차 - 측면충돌,교차로운행방법위반,건조,맑음,교차로 - 교차로안,승용,남,53세,기타불명,승용,여,39세,경상
2021022500100372,2021년 2월 25일 18시,목요일,제주특별자치도 서귀포시 안덕면,중상사고,0,2,0,0,차대차 - 기타,안전운전불이행,젖음/습기,비,단일로 - 기타,승용,여,30세,중상,승용,남,49세,상해없음
2021022500100420,2021년 2월 25일 19시,목요일,제주특별자치도 서귀포시 신효동,경상사고,0,0,3,0,차대차 - 기타,안전거리미확보,젖음/습기,비,교차로 - 교차로안,승용,여,25세,경상,승용,남,28세,경상
2021022500100452,2021년 2월 25일 20시,목요일,제주특별자치도 제주시 화북일동,경상사고,0,0,2,0,차대차 - 측면충돌,안전운전불이행,젖음/습기,비,단일로 - 기타,화물,남,59세,상해없음,승용,남,23세,경상
2021022500100482,2021년 2월 25일 21시,목요일,제주특별자치도 서귀포시 서호동,경상사고,0,0,2,0,차대차 - 추돌,안전운전불이행,젖음/습기,비,교차로 - 교차로부근,승용,남,60세,상해없음,승용,여,51세,경상
2021022500100483,2021년 2월 25일 21시,목요일,제주특별자치도 제주시 노형동,경상사고,0,0,1,0,차대사람 - 횡단중,보행자보호의무위반,젖음/습기,비,교차로 - 교차로횡단보도내,승용,남,67세,상해없음,보행자,여,27세,경상
2021022500100529,2021년 2월 25일 23시,목요일,제주특별자치도 제주시 삼도이동,중상사고,0,1,0,0,차대사람 - 횡단중,안전운전불이행,젖음/습기,비,단일로 - 기타,승용,남,48세,상해없음,보행자,남,49세,중상
2021022500100530,2021년 2월 25일 23시,목요일,제주특별자치도 서귀포시 서귀동,경상사고,0,0,4,0,차대차 - 추돌,안전운전불이행,건조,맑음,교차로 - 교차로부근,승용,남,58세,상해없음,승용,남,60세,경상
2021022500100531,2021년 2월 25일 23시,목요일,제주특별자치도 제주시 외도이동,경상사고,0,0,1,0,차대차 - 추돌,안전운전불이행,젖음/습기,비,교차로 - 교차로부근,화물,남,34세,상해없음,승용,여,27세,경상
2021022600100010,2021년 2월 26일 00시,금요일,제주특별자치도 제주시 노형동,중상사고,0,3,0,0,차대차 - 측면충돌,신호위반,젖음/습기,비,교차로 - 교차로안,승용,남,31세,상해없음,승용,남,38세,중상
2021022600100090,2021년 2월 26일 08시,금요일,제주특별자치도 제주시 일도이동,경상사고,0,0,1,0,차대사람 - 횡단중,보행자보호의무위반,젖음/습기,흐림,교차로 - 교차로횡단보도내,화물,남,54세,상해없음,보행자,여,46세,경상
2021022600100120,2021년 2월 26일 09시,금요일,제주특별자치도 서귀포시 법환동,경상사고,0,0,1,0,차대사람 - 차도통행중,교차로운행방법위반,건조,맑음,교차로 - 교차로안,승합,남,51세,상해없음,보행자,여,59세,경상
2021022600100249,2021년 2월 26일 13시,금요일,제주특별자치도 서귀포시 남원읍,중상사고,0,1,0,0,차대차 - 기타,신호위반,건조,맑음,교차로 - 교차로안,승용,남,66세,기타불명,승용,남,45세,중상
2021022600100359,2021년 2월 26일 16시,금요일,제주특별자치도 제주시 애월읍,경상사고,0,0,1,0,차량단독 - 기타,기타,건조,맑음,단일로 - 기타,승합,남,63세,상해없음,,,,
2021022600100448,2021년 2월 26일 18시,금요일,제주특별자치도 제주시 노형동,경상사고,0,0,2,0,차대차 - 측면충돌,직진우회전진행방해,건조,맑음,교차로 - 교차로안,승용,여,40세,상해없음,승용,여,35세,경상
2021022600100499,2021년 2월 26일 19시,금요일,제주특별자치도 제주시 용담이동,경상사고,0,0,3,0,차대차 - 추돌,안전운전불이행,건조,맑음,단일로 - 기타,승용,남,35세,상해없음,승용,남,51세,경상
2021022700100020,2021년 2월 27일 03시,토요일,제주특별자치도 서귀포시 중문동,경상사고,0,0,1,0,차대차 - 측면충돌,교차로운행방법위반,건조,맑음,교차로 - 교차로안,승용,남,26세,상해없음,원동기,남,18세,경상
2021022700100175,2021년 2월 27일 12시,토요일,제주특별자치도 서귀포시 성산읍,사망사고,1,5,1,0,차대차 - 정면충돌,중앙선침범,건조,맑음,단일로 - 기타,승용,남,45세,중상,승합,남,61세,경상
2021022700100223,2021년 2월 27일 13시,토요일,제주특별자치도 서귀포시 법환동,경상사고,0,0,1,0,차대차 - 기타,안전운전불이행,건조,맑음,단일로 - 기타,이륜,남,34세,경상,승합,남,48세,상해없음
2021022700100402,2021년 2월 27일 18시,토요일,제주특별자치도 서귀포시 중문동,경상사고,0,0,1,0,차대사람 - 차도통행중,안전운전불이행,건조,맑음,단일로 - 기타,승용,여,40세,상해없음,보행자,여,64세,경상
2021022700100403,2021년 2월 27일 18시,토요일,제주특별자치도 서귀포시 토평동,경상사고,0,0,2,0,차대차 - 정면충돌,직진우회전진행방해,건조,맑음,교차로 - 교차로안,화물,남,41세,경상,화물,남,50세,경상
2021022700100443,2021년 2월 27일 19시,토요일,제주특별자치도 제주시 조천읍,경상사고,0,0,1,0,차대차 - 정면충돌,신호위반,건조,맑음,교차로 - 교차로안,이륜,남,20세,경상,승용,여,32세,상해없음
2021022700100444,2021년 2월 27일 19시,토요일,제주특별자치도 서귀포시 안덕면,경상사고,0,0,4,0,차대차 - 측면충돌,안전거리미확보,건조,맑음,단일로 - 기타,화물,남,52세,상해없음,승용,여,41세,경상
2021022700100445,2021년 2월 27일 19시,토요일,제주특별자치도 서귀포시 표선면,중상사고,0,1,0,0,차대차 - 측면충돌,직진우회전진행방해,건조,맑음,교차로 - 교차로안,승용,남,50세,상해없음,승용,여,36세,중상
2021022700100474,2021년 2월 27일 20시,토요일,제주특별자치도 제주시 영평동,경상사고,0,0,3,0,차대차 - 정면충돌,직진우회전진행방해,건조,맑음,교차로 - 교차로안,승용,남,38세,상해없음,승용,남,51세,경상
2021022700100475,2021년 2월 27일 20시,토요일,제주특별자치도 제주시 연동,경상사고,0,0,1,0,차대차 - 측면충돌,안전운전불이행,건조,맑음,단일로 - 기타,이륜,남,50세,경상,승용,여,61세,상해없음
2021022800100156,2021년 2월 28일 13시,일요일,제주특별자치도 제주시 한림읍,경상사고,0,0,3,0,차대차 - 추돌,안전거리미확보,건조,맑음,단일로 - 기타,이륜,남,57세,상해없음,승용,남,64세,경상
2021022800100187,2021년 2월 28일 14시,일요일,제주특별자치도 제주시 애월읍,경상사고,0,0,2,0,차대차 - 측면충돌,안전운전불이행,건조,맑음,단일로 - 기타,승용,여,40세,상해없음,승용,여,48세,경상
2021022800100370,2021년 2월 28일 22시,일요일,제주특별자치도 서귀포시 서홍동,경상사고,0,0,1,0,차대사람 - 횡단중,안전운전불이행,젖음/습기,비,교차로 - 교차로부근,승용,남,74세,상해없음,보행자,여,57세,경상
2021030100100024,2021년 3월 1일 03시,월요일,제주특별자치도 제주시 이도일동,부상신고사고,0,0,0,1,차량단독 - 기타,안전운전불이행,건조,맑음,교차로 - 교차로부근,이륜,남,47세,부상신고,,,,
2021030100100051,2021년 3월 1일 09시,월요일,제주특별자치도 제주시 연동,경상사고,0,0,1,0,차대차 - 기타,안전운전불이행,건조,맑음,단일로 - 기타,승용,남,16세,상해없음,승용,남,60세,경상
2021030100100178,2021년 3월 1일 15시,월요일,제주특별자치도 서귀포시 남원읍,경상사고,0,0,2,0,차대차 - 기타,기타,젖음/습기,비,교차로 - 교차로안,승용,남,27세,상해없음,승용,남,28세,상해없음
2021030100100248,2021년 3월 1일 17시,월요일,제주특별자치도 서귀포시 안덕면,경상사고,0,0,1,0,차량단독 - 기타,안전운전불이행,젖음/습기,비,단일로 - 기타,승용,남,33세,경상,,,,
2021030100100249,2021년 3월 1일 17시,월요일,제주특별자치도 제주시 외도일동,경상사고,0,0,2,0,차대차 - 추돌,안전운전불이행,건조,맑음,단일로 - 기타,승용,남,54세,상해없음,승용,남,51세,경상
2021030100100295,2021년 3월 1일 18시,월요일,제주특별자치도 서귀포시 안덕면,경상사고,0,0,1,0,차대차 - 측면충돌,차로위반,젖음/습기,맑음,단일로 - 기타,화물,남,55세,상해없음,승용,남,28세,경상
2021030100100347,2021년 3월 1일 19시,월요일,제주특별자치도 제주시 회천동,경상사고,0,0,1,0,차대차 - 정면충돌,안전운전불이행,건조,기타,단일로 - 기타,승용,남,41세,상해없음,승용,남,24세,경상
2021030100100348,2021년 3월 1일 19시,월요일,제주특별자치도 제주시 조천읍,경상사고,0,0,1,0,차대차 - 정면충돌,안전운전불이행,건조,맑음,교차로 - 교차로부근,승용,남,46세,상해없음,승용,남,39세,경상
2021030100100440,2021년 3월 1일 22시,월요일,제주특별자치도 제주시 연동,경상사고,0,0,1,0,차대차 - 측면충돌,안전운전불이행,젖음/습기,비,단일로 - 기타,승용,여,62세,상해없음,이륜,남,41세,경상
2021030200100077,2021년 3월 2일 08시,화요일,제주특별자치도 제주시 오등동,경상사고,0,0,2,0,차대차 - 정면충돌,신호위반,건조,맑음,교차로 - 교차로안,승용,여,23세,경상,승용,여,32세,상해없음
2021030200100110,2021년 3월 2일 09시,화요일,제주특별자치도 제주시 도두이동,중상사고,0,1,1,0,차대차 - 측면충돌,신호위반,건조,맑음,교차로 - 교차로안,승합,여,69세,중상,승용,남,28세,경상
2021030200100139,2021년 3월 2일 10시,화요일,제주특별자치도 제주시 도두일동,부상신고사고,0,0,0,4,차대사람 - 기타,기타,건조,맑음,기타 - 기타,승용,남,72세,상해없음,보행자,남,49세,부상신고
2021030200100169,2021년 3월 2일 11시,화요일,제주특별자치도 서귀포시 서귀동,경상사고,0,0,1,0,차대사람 - 기타,안전운전불이행,건조,맑음,교차로 - 교차로안,승합,남,51세,상해없음,보행자,여,77세,경상
2021030200100171,2021년 3월 2일 11시,화요일,제주특별자치도 제주시 용담이동,경상사고,0,0,1,0,차대차 - 정면충돌,기타,건조,맑음,단일로 - 기타,이륜,남,43세,경상,승용,남,23세,상해없음
2021030200100200,2021년 3월 2일 12시,화요일,제주특별자치도 제주시 오등동,경상사고,0,0,1,0,차대차 - 측면충돌,안전운전불이행,건조,맑음,단일로 - 기타,승용,남,81세,상해없음,승용,여,30세,경상
2021030200100257,2021년 3월 2일 14시,화요일,제주특별자치도 제주시 연동,경상사고,0,0,3,0,차대차 - 측면충돌,직진우회전진행방해,건조,맑음,교차로 - 교차로안,승용,남,42세,경상,승용,남,41세,경상