사고번호,사고일시,요일,시군구,사고내용,사망자수,중상자수,경상자수,부상신고자수,사고유형,법규위반,노면상태,기상상태,도로형태,가해운전자 차종,가해운전자 성별,가해운전자 연령,가해운전자 상해정도,피해운전자 차종,피해운전자 성별,피해운전자 연령,피해운전자 상해정도
2021040300100024,2021년 4월 3일 01시,토요일,제주특별자치도 제주시 화북이동,경상사고,0,0,2,0,차대차 - 추돌,안전운전불이행,젖음/습기,비,교차로 - 교차로부근,승용,남,29세,상해없음,승용,남,47세,경상
2021040300100097,2021년 4월 3일 09시,토요일,제주특별자치도 서귀포시 강정동,경상사고,0,0,2,0,차대차 - 측면충돌,신호위반,젖음/습기,비,교차로 - 교차로안,화물,남,38세,경상,승합,남,60세,경상
2021040300100119,2021년 4월 3일 10시,토요일,제주특별자치도 서귀포시 표선면,중상사고,0,1,0,0,차대차 - 측면충돌,직진우회전진행방해,젖음/습기,비,교차로 - 교차로안,승용,남,76세,상해없음,승용,여,59세,중상
2021040300100193,2021년 4월 3일 12시,토요일,제주특별자치도 서귀포시 상예동,중상사고,0,1,0,0,차량단독 - 공작물충돌,안전운전불이행,젖음/습기,비,단일로 - 기타,승용,남,41세,상해없음,,,,
2021040300100246,2021년 4월 3일 13시,토요일,제주특별자치도 제주시 조천읍,중상사고,0,1,0,0,차대차 - 기타,안전운전불이행,젖음/습기,비,교차로 - 교차로안,승용,남,70세,상해없음,이륜,남,74세,중상
2021040300100351,2021년 4월 3일 16시,토요일,제주특별자치도 서귀포시 상효동,경상사고,0,0,1,0,차량단독 - 공작물충돌,안전운전불이행,건조,맑음,단일로 - 기타,승용,여,64세,경상,,,,
2021040300100461,2021년 4월 3일 19시,토요일,제주특별자치도 제주시 용담이동,경상사고,0,0,1,0,차대차 - 기타,안전운전불이행,건조,맑음,단일로 - 기타,승용,여,41세,상해없음,자전거,남,45세,경상
2021040300100500,2021년 4월 3일 20시,토요일,제주특별자치도 서귀포시 대정읍,경상사고,0,0,1,0,차대사람 - 횡단중,보행자보호의무위반,젖음/습기,비,교차로 - 교차로횡단보도내,승용,남,24세,상해없음,보행자,여,7세,경상
2021040300100501,2021년 4월 3일 20시,토요일,제주특별자치도 제주시 연동,경상사고,0,0,1,1,차대차 - 측면충돌,안전거리미확보,건조,맑음,교차로 - 교차로안,승용,남,27세,상해없음,화물,남,57세,부상신고
2021040400100185,2021년 4월 4일 14시,일요일,제주특별자치도 서귀포시 동홍동,경상사고,0,0,3,0,차대차 - 추돌,안전운전불이행,건조,맑음,단일로 - 기타,승용,여,59세,상해없음,승용,여,39세,경상
2021040400100314,2021년 4월 4일 18시,일요일,제주특별자치도 제주시 이도이동,경상사고,0,0,2,0,차대차 - 정면충돌,교차로운행방법위반,젖음/습기,비,교차로 - 교차로안,승용,여,23세,경상,승용,여,26세,경상
2021040400100342,2021년 4월 4일 19시,일요일,제주특별자치도 제주시 외도이동,경상사고,0,0,1,0,차대차 - 측면충돌,안전운전불이행,젖음/습기,비,단일로 - 기타,기타불명,기타불명,미분류,기타불명,승용,남,44세,경상
2021040400100388,2021년 4월 4일 21시,일요일,제주특별자치도 서귀포시 강정동,중상사고,0,1,0,1,차대차 - 추돌,안전운전불이행,건조,맑음,교차로 - 교차로부근,이륜,남,29세,부상신고,승용,여,68세,중상
2021040500100006,2021년 4월 5일 00시,월요일,제주특별자치도 제주시 이도이동,중상사고,0,1,1,0,차대차 - 추돌,안전운전불이행,건조,맑음,교차로 - 교차로부근,승용,남,34세,상해없음,이륜,남,22세,중상
2021040500100012,2021년 4월 5일 01시,월요일,제주특별자치도 제주시 연동,중상사고,0,2,2,0,차대차 - 측면충돌,신호위반,젖음/습기,비,교차로 - 교차로안,승용,여,27세,경상,승용,여,59세,중상
2021040500100020,2021년 4월 5일 02시,월요일,제주특별자치도 제주시 삼도일동,중상사고,0,1,2,0,차대차 - 측면충돌,신호위반,젖음/습기,비,교차로 - 교차로안,승용,여,55세,상해없음,승용,남,56세,경상
2021040500100033,2021년 4월 5일 05시,월요일,제주특별자치도 제주시 애월읍,중상사고,0,1,1,0,차대차 - 추돌,안전운전불이행,젖음/습기,비,단일로 - 기타,승합,남,70세,상해없음,화물,남,69세,경상
2021040500100116,2021년 4월 5일 08시,월요일,제주특별자치도 제주시 노형동,경상사고,0,0,1,0,차대차 - 측면충돌,직진우회전진행방해,건조,맑음,교차로 - 교차로안,화물,남,49세,기타불명,승용,남,28세,경상
2021040500100156,2021년 4월 5일 09시,월요일,제주특별자치도 제주시 일도이동,경상사고,0,0,1,0,차대사람 - 횡단중,안전운전불이행,건조,맑음,교차로 - 교차로안,화물,여,44세,상해없음,보행자,남,63세,경상
2021040500100195,2021년 4월 5일 10시,월요일,제주특별자치도 제주시 연동,경상사고,0,0,1,0,차대차 - 측면충돌,안전운전불이행,건조,맑음,교차로 - 교차로부근,승용,여,21세,상해없음,승용,남,42세,경상
2021040500100291,2021년 4월 5일 13시,월요일,제주특별자치도 제주시 화북일동,경상사고,0,0,1,0,차량단독 - 기타,안전운전불이행,건조,맑음,단일로 - 기타,승합,남,40세,상해없음,,,,
2021040500100380,2021년 4월 5일 15시,월요일,제주특별자치도 제주시 도남동,경상사고,0,0,1,0,차대차 - 기타,안전운전불이행,건조,맑음,교차로 - 교차로안,승용,여,54세,상해없음,자전거,남,72세,경상
2021040500100381,2021년 4월 5일 15시,월요일,제주특별자치도 서귀포시 서귀동,경상사고,0,0,1,0,차대차 - 측면충돌,안전거리미확보,건조,맑음,단일로 - 기타,화물,남,59세,상해없음,승용,남,24세,경상
2021040500100422,2021년 4월 5일 16시,월요일,제주특별자치도 서귀포시 대포동,중상사고,0,1,0,0,차대차 - 측면충돌,안전운전불이행,건조,맑음,단일로 - 기타,승용,남,57세,상해없음,이륜,남,83세,중상
2021040500100474,2021년 4월 5일 17시,월요일,제주특별자치도 제주시 화북이동,경상사고,0,0,1,0,차대차 - 추돌,안전거리미확보,건조,맑음,단일로 - 기타,승용,남,53세,상해없음,승용,여,68세,경상
2021040500100475,2021년 4월 5일 17시,월요일,제주특별자치도 제주시 연동,경상사고,0,0,1,0,차대사람 - 횡단중,보행자보호의무위반,건조,맑음,교차로 - 교차로횡단보도내,승합,남,55세,상해없음,보행자,남,6세,경상
2021040500100569,2021년 4월 5일 19시,월요일,제주특별자치도 제주시 노형동,중상사고,0,1,0,0,차대사람 - 기타,안전운전불이행,건조,맑음,교차로 - 교차로안,승합,남,53세,상해없음,보행자,남,63세,중상
2021040500100660,2021년 4월 5일 23시,월요일,제주특별자치도 제주시 일도이동,경상사고,0,0,2,0,차대차 - 측면충돌,기타,건조,기타,교차로 - 교차로부근,승용,남,38세,경상,이륜,남,47세,경상
2021040600100022,2021년 4월 6일 05시,화요일,제주특별자치도 서귀포시 서귀동,경상사고,0,0,1,0,차대차 - 측면충돌,직진우회전진행방해,건조,기타,교차로 - 교차로안,승용,남,67세,상해없음,승용,남,41세,경상
2021040600100023,2021년 4월 6일 05시,화요일,제주특별자치도 제주시 애월읍,사망사고,1,0,0,0,차대차 - 기타,안전운전불이행,건조,맑음,단일로 - 기타,승용,여,62세,사망,화물,남,50세,기타불명
2021040600100057,2021년 4월 6일 07시,화요일,제주특별자치도 제주시 구좌읍,경상사고,0,0,1,0,차대차 - 측면충돌,신호위반,건조,맑음,교차로 - 교차로안,화물,남,51세,상해없음,이륜,여,71세,경상
2021040600100122,2021년 4월 6일 09시,화요일,제주특별자치도 서귀포시 표선면,중상사고,0,1,0,0,차대사람 - 횡단중,안전운전불이행,건조,맑음,단일로 - 기타,승용,여,48세,상해없음,보행자,남,79세,중상
2021040600100123,2021년 4월 6일 09시,화요일,제주특별자치도 서귀포시 안덕면,중상사고,0,1,0,0,차량단독 - 도로외이탈 - 추락,안전운전불이행,건조,맑음,단일로 - 기타,사륜오토바이(ATV),여,77세,중상,,,,
2021040600100182,2021년 4월 6일 11시,화요일,제주특별자치도 서귀포시 서홍동,중상사고,0,1,0,0,차대사람 - 횡단중,보행자보호의무위반,건조,맑음,교차로 - 교차로안,승용,남,65세,상해없음,보행자,여,25세,중상
2021040600100209,2021년 4월 6일 12시,화요일,제주특별자치도 서귀포시 서홍동,사망사고,1,0,0,0,차량단독 - 전도전복 - 전도,안전운전불이행,건조,맑음,단일로 - 기타,화물,남,44세,사망,,,,
2021040600100210,2021년 4월 6일 12시,화요일,제주특별자치도 제주시 외도이동,부상신고사고,0,0,0,1,차대차 - 추돌,안전거리미확보,건조,맑음,교차로 - 교차로부근,이륜,남,16세,부상신고,화물,남,60세,상해없음
2021040600100240,2021년 4월 6일 13시,화요일,제주특별자치도 서귀포시 하효동,중상사고,0,1,0,0,차대차 - 기타,교차로운행방법위반,건조,맑음,교차로 - 교차로부근,이륜,여,70세,중상,승용,여,25세,상해없음
2021040600100271,2021년 4월 6일 14시,화요일,제주특별자치도 제주시 이도이동,경상사고,0,0,1,0,차대사람 - 기타,기타,건조,맑음,기타 - 기타,승용,여,59세,상해없음,보행자,여,42세,경상
2021040600100315,2021년 4월 6일 15시,화요일,제주특별자치도 제주시 조천읍,부상신고사고,0,0,0,1,차량단독 - 도로외이탈 - 기타,안전운전불이행,건조,맑음,단일로 - 기타,승용,남,28세,상해없음,,,,
2021040600100350,2021년 4월 6일 16시,화요일,제주특별자치도 제주시 삼도일동,경상사고,0,0,1,0,차대사람 - 횡단중,보행자보호의무위반,건조,맑음,교차로 - 교차로횡단보도내,승용,남,58세,상해없음,보행자,남,8세,경상
2021040600100396,2021년 4월 6일 17시,화요일,제주특별자치도 제주시 이도이동,경상사고,0,0,1,0,차대차 - 측면충돌,중앙선침범,건조,맑음,단일로 - 기타,승용,여,25세,상해없음,승용,남,60세,경상
2021040600100433,2021년 4월 6일 18시,화요일,제주특별자치도 제주시 아라일동,사망사고,3,19,40,0,차대차 - 추돌,안전운전불이행,건조,맑음,교차로 - 교차로부근,화물,남,40세,상해없음,화물,남,52세,중상
2021040700100132,2021년 4월 7일 09시,수요일,제주특별자치도 제주시 연동,경상사고,0,0,1,0,차대사람 - 기타,신호위반,건조,맑음,교차로 - 교차로횡단보도내,승용,여,42세,상해없음,보행자,여,57세,경상
2021040700100166,2021년 4월 7일 10시,수요일,제주특별자치도 제주시 삼도일동,경상사고,0,0,2,0,차대차 - 추돌,안전운전불이행,건조,기타,교차로 - 교차로부근,승용,남,60세,기타불명,승용,남,61세,경상
2021040700100167,2021년 4월 7일 10시,수요일,제주특별자치도 제주시 한림읍,경상사고,0,0,1,0,차대차 - 기타,교차로운행방법위반,건조,맑음,교차로 - 교차로부근,승용,남,31세,상해없음,이륜,남,39세,경상
2021040700100197,2021년 4월 7일 11시,수요일,제주특별자치도 제주시 노형동,경상사고,0,0,1,0,차대차 - 기타,교차로운행방법위반,건조,맑음,교차로 - 교차로안,이륜,남,24세,경상,승용,여,29세,상해없음
2021040700100259,2021년 4월 7일 13시,수요일,제주특별자치도 서귀포시 서호동,경상사고,0,0,1,0,차대차 - 기타,안전거리미확보,건조,맑음,단일로 - 기타,승용,여,34세,상해없음,승합,남,41세,경상
2021040700100341,2021년 4월 7일 15시,수요일,제주특별자치도 제주시 봉개동,경상사고,0,0,3,0,차대차 - 기타,중앙선침범,건조,맑음,단일로 - 기타,화물,남,53세,상해없음,승합,남,49세,경상
2021040700100342,2021년 4월 7일 15시,수요일,제주특별자치도 제주시 노형동,경상사고,0,0,4,0,차대차 - 추돌,안전거리미확보,건조,맑음,단일로 - 기타,승용,여,25세,상해없음,승용,남,23세,경상
2021040700100484,2021년 4월 7일 18시,수요일,제주특별자치도 제주시 연동,중상사고,0,1,0,0,차대차 - 측면충돌,기타,건조,맑음,단일로 - 기타,승용,남,60세,상해없음,이륜,남,34세,중상
2021040700100485,2021년 4월 7일 18시,수요일,제주특별자치도 제주시 용담이동,경상사고,0,0,2,0,차대차 - 기타,안전거리미확보,건조,맑음,단일로 - 기타,승용,남,24세,상해없음,승용,남,65세,경상
2021040700100538,2021년 4월 7일 19시,수요일,제주특별자치도 제주시 삼도일동,경상사고,0,0,1,0,차대사람 - 횡단중,보행자보호의무위반,건조,맑음,교차로 - 교차로횡단보도내,승용,여,39세,상해없음,보행자,남,79세,경상
2021040700100539,2021년 4월 7일 19시,수요일,제주특별자치도 제주시 오라이동,경상사고,0,0,1,0,차대차 - 후진중충돌,안전운전불이행,건조,맑음,교차로 - 교차로부근,화물,남,66세,상해없음,승용,남,25세,경상
2021040700100563,2021년 4월 7일 20시,수요일,제주특별자치도 서귀포시 대정읍,부상신고사고,0,0,0,1,차대사람 - 횡단중,보행자보호의무위반,건조,맑음,교차로 - 교차로안,승용,남,34세,상해없음,보행자,남,10세,부상신고
2021040800100022,2021년 4월 8일 03시,목요일,제주특별자치도 제주시 오라이동,경상사고,0,0,1,0,차대차 - 기타,안전거리미확보,건조,맑음,교차로 - 교차로부근,화물,남,36세,상해없음,승용,여,54세,경상
2021040800100041,2021년 4월 8일 06시,목요일,제주특별자치도 제주시 한림읍,경상사고,0,0,2,0,차대차 - 정면충돌,안전운전불이행,건조,흐림,단일로 - 기타,승용,남,25세,상해없음,승용,남,57세,경상
2021040800100042,2021년 4월 8일 06시,목요일,제주특별자치도 제주시 연동,경상사고,0,0,2,0,차대차 - 측면충돌,직진우회전진행방해,건조,맑음,교차로 - 교차로안,승용,남,63세,상해없음,승용,남,49세,상해없음
2021040800100076,2021년 4월 8일 07시,목요일,제주특별자치도 제주시 도남동,중상사고,0,1,1,1,차대차 - 기타,안전운전불이행,건조,맑음,단일로 - 기타,승용,여,28세,부상신고,화물,남,59세,경상
2021040800100077,2021년 4월 8일 07시,목요일,제주특별자치도 서귀포시 성산읍,경상사고,0,0,1,0,차대차 - 측면충돌,직진우회전진행방해,건조,맑음,교차로 - 교차로안,승용,남,40세,상해없음,이륜,여,65세,경상
2021040800100108,2021년 4월 8일 08시,목요일,제주특별자치도 서귀포시 중문동,경상사고,0,0,1,0,차대차 - 기타,직진우회전진행방해,건조,흐림,교차로 - 교차로안,승용,남,72세,상해없음,승용,여,30세,경상
2021040800100149,2021년 4월 8일 09시,목요일,제주특별자치도 제주시 일도이동,경상사고,0,0,1,0,차대차 - 측면충돌,안전운전불이행,건조,맑음,단일로 - 기타,승용,남,52세,상해없음,자전거,남,85세,경상
2021040800100179,2021년 4월 8일 10시,목요일,제주특별자치도 제주시 일도일동,경상사고,0,0,1,0,차대사람 - 차도통행중,보행자보호의무위반,건조,맑음,단일로 - 기타,승용,여,36세,상해없음,보행자,남,47세,경상
2021040800100180,2021년 4월 8일 10시,목요일,제주특별자치도 서귀포시 안덕면,경상사고,0,0,1,0,차대차 - 기타,안전거리미확보,건조,맑음,단일로 - 기타,특수,남,49세,상해없음,화물,남,28세,경상
2021040800100181,2021년 4월 8일 10시,목요일,제주특별자치도 제주시 연동,경상사고,0,0,1,0,차대사람 - 길가장자리구역통행중,안전운전불이행,건조,맑음,단일로 - 기타,승용,여,62세,상해없음,보행자,남,39세,경상
2021040800100248,2021년 4월 8일 12시,목요일,제주특별자치도 제주시 노형동,경상사고,0,0,1,0,차대차 - 측면충돌,안전운전불이행,건조,맑음,교차로 - 교차로부근,승용,여,58세,상해없음,승용,남,31세,상해없음
2021040800100281,2021년 4월 8일 13시,목요일,제주특별자치도 제주시 삼도일동,경상사고,0,0,2,0,차대차 - 측면충돌,교차로운행방법위반,건조,맑음,교차로 - 교차로안,승용,남,25세,경상,화물,남,51세,경상
2021040800100282,2021년 4월 8일 13시,목요일,제주특별자치도 제주시 연동,중상사고,0,2,0,0,차대차 - 측면충돌,신호위반,건조,맑음,교차로 - 교차로안,승용,남,65세,상해없음,승용,여,58세,중상
2021040800100394,2021년 4월 8일 16시,목요일,제주특별자치도 제주시 노형동,경상사고,0,0,1,0,차량단독 - 공작물충돌,안전운전불이행,건조,맑음,교차로 - 교차로부근,승용,여,46세,경상,,,,
2021040800100395,2021년 4월 8일 16시,목요일,제주특별자치도 제주시 연동,경상사고,0,0,1,0,차대차 - 기타,교차로운행방법위반,건조,맑음,교차로 - 교차로안,승용,남,27세,상해없음,원동기,남,31세,경상
2021040800100446,2021년 4월 8일 17시,목요일,제주특별자치도 제주시 화북일동,경상사고,0,0,1,0,차대차 - 측면충돌,직진우회전진행방해,건조,맑음,교차로 - 교차로안,승용,남,29세,기타불명,승용,남,61세,경상
2021040800100487,2021년 4월 8일 18시,목요일,제주특별자치도 제주시 이도이동,경상사고,0,0,1,0,차대차 - 정면충돌,안전운전불이행,건조,기타,교차로 - 교차로부근,승용,여,23세,기타불명,승용,남,56세,경상
2021040800100588,2021년 4월 8일 21시,목요일,제주특별자치도 제주시 조천읍,경상사고,0,0,2,0,차대차 - 추돌,안전운전불이행,건조,맑음,교차로 - 교차로부근,승용,남,53세,상해없음,화물,남,61세,경상
2021040800100589,2021년 4월 8일 21시,목요일,제주특별자치도 제주시 한림읍,경상사고,0,0,1,0,차대사람 - 길가장자리구역통행중,안전운전불이행,건조,맑음,교차로 - 교차로부근,화물,남,56세,상해없음,보행자,남,43세,경상
2021040800100620,2021년 4월 8일 22시,목요일,제주특별자치도 제주시 애월읍,경상사고,0,0,3,0,차대차 - 추돌,안전운전불이행,건조,기타,단일로 - 기타,승용,남,27세,상해없음,승용,남,25세,경상
2021040900100101,2021년 4월 9일 08시,금요일,제주특별자치도 제주시 삼도일동,경상사고,0,0,1,0,차대사람 - 기타,안전운전불이행,건조,맑음,단일로 - 기타,이륜,남,38세,상해없음,보행자,여,9세,경상
2021040900100102,2021년 4월 9일 08시,금요일,제주특별자치도 서귀포시 안덕면,경상사고,0,0,4,0,차대차 - 측면충돌,신호위반,건조,맑음,교차로 - 교차로안,승용,여,51세,상해없음,승용,남,61세,경상
2021040900100103,2021년 4월 9일 08시,금요일,제주특별자치도 서귀포시 강정동,경상사고,0,0,1,0,차대차 - 측면충돌,직진우회전진행방해,건조,맑음,교차로 - 교차로안,승용,남,32세,상해없음,승용,남,55세,경상
2021040900100130,2021년 4월 9일 09시,금요일,제주특별자치도 제주시 구좌읍,중상사고,0,2,5,1,차대차 - 기타,중앙선침범,건조,맑음,단일로 - 기타,승용,남,22세,부상신고,승용,남,39세,경상
2021040900100131,2021년 4월 9일 09시,금요일,제주특별자치도 서귀포시 신효동,경상사고,0,0,1,0,차대차 - 측면충돌,안전운전불이행,건조,맑음,교차로 - 교차로부근,화물,남,67세,상해없음,승용,남,46세,경상
2021040900100132,2021년 4월 9일 09시,금요일,제주특별자치도 제주시 애월읍,부상신고사고,0,0,0,1,차대차 - 측면충돌,안전거리미확보,건조,맑음,단일로 - 기타,건설기계,남,57세,상해없음,승용,남,50세,부상신고
2021040900100133,2021년 4월 9일 09시,금요일,제주특별자치도 제주시 애월읍,경상사고,0,0,1,0,차대차 - 측면충돌,안전거리미확보,건조,맑음,단일로 - 기타,승용,남,41세,상해없음,승용,남,29세,경상
2021040900100163,2021년 4월 9일 10시,금요일,제주특별자치도 제주시 구좌읍,경상사고,0,0,2,0,차대차 - 정면충돌,안전운전불이행,건조,기타,교차로 - 교차로안,승용,여,71세,상해없음,화물,남,61세,경상
2021040900100343,2021년 4월 9일 15시,금요일,제주특별자치도 제주시 우도면,경상사고,0,0,4,0,차대차 - 측면충돌,안전운전불이행,건조,맑음,단일로 - 기타,승용,여,55세,경상,원동기,여,34세,경상
2021040900100344,2021년 4월 9일 15시,금요일,제주특별자치도 제주시 도남동,중상사고,0,1,0,0,차대차 - 측면충돌,신호위반,건조,기타,교차로 - 교차로부근,승용,남,64세,기타불명,화물,남,55세,중상
2021040900100345,2021년 4월 9일 15시,금요일,제주특별자치도 제주시 연동,경상사고,0,0,1,0,차대차 - 측면충돌,안전거리미확보,건조,맑음,단일로 - 기타,승용,여,55세,상해없음,승용,여,30세,경상
2021040900100392,2021년 4월 9일 16시,금요일,제주특별자치도 제주시 용담일동,경상사고,0,0,1,0,차대차 - 측면충돌,안전거리미확보,건조,맑음,단일로 - 기타,승용,남,86세,기타불명,승용,남,41세,상해없음
2021040900100454,2021년 4월 9일 17시,금요일,제주특별자치도 서귀포시 안덕면,부상신고사고,0,0,0,1,차량단독 - 공작물충돌,기타,건조,맑음,단일로 - 기타,화물,남,39세,부상신고,,,,
2021040900100570,2021년 4월 9일 20시,금요일,제주특별자치도 제주시 이도이동,경상사고,0,0,1,0,차대사람 - 기타,안전운전불이행,건조,맑음,단일로 - 기타,이륜,남,40세,상해없음,보행자,여,61세,경상
2021040900100571,2021년 4월 9일 20시,금요일,제주특별자치도 제주시 연동,경상사고,0,0,1,0,차대차 - 측면충돌,교차로운행방법위반,건조,맑음,교차로 - 교차로안,승용,여,52세,상해없음,승용,여,34세,경상
2021041000100007,2021년 4월 10일 00시,토요일,제주특별자치도 제주시 오라삼동,경상사고,0,0,1,0,차량단독 - 공작물충돌,안전운전불이행,건조,맑음,교차로 - 교차로안,승용,남,55세,상해없음,,,,
2021041000100100,2021년 4월 10일 09시,토요일,제주특별자치도 제주시 삼도일동,경상사고,0,0,2,1,차대차 - 측면충돌,안전거리미확보,건조,맑음,단일로 - 기타,이륜,남,77세,부상신고,승용,여,46세,경상
2021041000100132,2021년 4월 10일 10시,토요일,제주특별자치도 서귀포시 동홍동,경상사고,0,0,1,0,차대차 - 측면충돌,신호위반,건조,맑음,교차로 - 교차로부근,이륜,남,24세,경상,화물,남,34세,상해없음
2021041000100267,2021년 4월 10일 13시,토요일,제주특별자치도 제주시 애월읍,경상사고,0,0,1,0,차대차 - 정면충돌,신호위반,건조,맑음,교차로 - 교차로안,승용,남,41세,상해없음,승용,남,36세,경상
2021041000100304,2021년 4월 10일 14시,토요일,제주특별자치도 제주시 일도일동,중상사고,0,2,3,0,차대차 - 추돌,안전운전불이행,건조,맑음,단일로 - 기타,승용,여,68세,상해없음,자전거,남,38세,중상
2021041000100392,2021년 4월 10일 16시,토요일,제주특별자치도 제주시 이호일동,중상사고,0,1,0,0,차대차 - 정면충돌,중앙선침범,건조,맑음,단일로 - 기타,화물,남,50세,상해없음,승용,여,22세,중상
2021041000100441,2021년 4월 10일 17시,토요일,제주특별자치도 제주시 연동,중상사고,0,1,0,0,차대사람 - 차도통행중,안전운전불이행,건조,맑음,교차로 - 교차로안,승용,남,57세,상해없음,보행자,남,57세,중상
2021041000100564,2021년 4월 10일 21시,토요일,제주특별자치도 서귀포시 대정읍,중상사고,0,1,0,0,차대차 - 측면충돌,신호위반,건조,기타,교차로 - 교차로안,승용,남,54세,상해없음,개인형이동수단(PM),남,15세,중상
2021041000100596,2021년 4월 10일 22시,토요일,제주특별자치도 제주시 도남동,경상사고,0,0,1,0,차대차 - 기타,안전운전불이행,건조,맑음,교차로 - 교차로부근,승용,남,21세,상해없음,이륜,남,20세,경상
2021041000100597,2021년 4월 10일 22시,토요일,제주특별자치도 제주시 노형동,경상사고,0,0,1,0,차대차 - 기타,신호위반,건조,맑음,교차로 - 교차로안,승용,남,31세,상해없음,승용,남,49세,경상
2021041100100021,2021년 4월 11일 01시,일요일,제주특별자치도 서귀포시 신효동,경상사고,0,0,3,0,차대차 - 추돌,기타,건조,맑음,교차로 - 교차로부근,승용,남,31세,기타불명,승용,남,61세,경상
2021041100100049,2021년 4월 11일 06시,일요일,제주특별자치도 서귀포시 남원읍,중상사고,0,1,0,0,차대차 - 기타,차로위반,건조,맑음,교차로 - 교차로안,승용,남,87세,상해없음,승용,여,36세,중상
2021041100100064,2021년 4월 11일 08시,일요일,제주특별자치도 제주시 노형동,경상사고,0,0,1,0,차대차 - 후진중충돌,안전운전불이행,건조,맑음,단일로 - 기타,승용,남,53세,기타불명,승용,여,50세,경상
2021041100100133,2021년 4월 11일 11시,일요일,제주특별자치도 서귀포시 강정동,경상사고,0,0,1,0,차대차 - 후진중충돌,안전운전불이행,건조,맑음,교차로 - 교차로부근,승용,남,62세,상해없음,이륜,남,51세,경상
2021041100100196,2021년 4월 11일 13시,일요일,제주특별자치도 제주시 이도이동,경상사고,0,0,1,0,차대차 - 측면충돌,안전운전불이행,건조,맑음,단일로 - 기타,이륜,남,77세,상해없음,승용,남,44세,경상
2021041100100272,2021년 4월 11일 15시,일요일,제주특별자치도 제주시 한림읍,경상사고,0,0,1,0,차대사람 - 횡단중,보행자보호의무위반,건조,맑음,교차로 - 교차로안,원동기,남,63세,상해없음,보행자,여,52세,경상
2021041100100344,2021년 4월 11일 17시,일요일,제주특별자치도 제주시 조천읍,경상사고,0,0,1,0,차대차 - 기타,안전운전불이행,건조,맑음,교차로 - 교차로안,자전거,남,31세,경상,승용,남,39세,상해없음
2021041100100345,2021년 4월 11일 17시,일요일,제주특별자치도 서귀포시 안덕면,경상사고,0,0,1,0,차대차 - 기타,신호위반,건조,맑음,교차로 - 교차로안,승합,남,31세,상해없음,화물,남,44세,경상
2021041100100346,2021년 4월 11일 17시,일요일,제주특별자치도 서귀포시 성산읍,경상사고,0,0,2,0,차대차 - 기타,안전운전불이행,건조,맑음,교차로 - 교차로안,승용,남,35세,상해없음,승용,남,30세,경상
2021041100100412,2021년 4월 11일 19시,일요일,제주특별자치도 서귀포시 대정읍,경상사고,0,0,1,0,차대차 - 측면충돌,직진우회전진행방해,건조,맑음,교차로 - 교차로안,이륜,남,23세,경상,승용,여,53세,상해없음
2021041100100413,2021년 4월 11일 19시,일요일,제주특별자치도 제주시 용담이동,경상사고,0,0,1,0,차대차 - 측면충돌,교차로운행방법위반,건조,맑음,교차로 - 교차로안,승용,여,49세,상해없음,화물,여,58세,경상
2021041100100443,2021년 4월 11일 20시,일요일,제주특별자치도 제주시 도남동,중상사고,0,1,0,0,차대사람 - 차도통행중,안전운전불이행,건조,맑음,단일로 - 기타,승용,여,22세,상해없음,보행자,남,76세,중상
2021041200100242,2021년 4월 12일 13시,월요일,제주특별자치도 제주시 이도이동,경상사고,0,0,1,0,차대차 - 측면충돌,안전운전불이행,젖음/습기,비,교차로 - 교차로안,승용,여,58세,상해없음,이륜,남,41세,경상
2021041200100243,2021년 4월 12일 13시,월요일,제주특별자치도 제주시 일도일동,경상사고,0,0,1,0,차대사람 - 횡단중,안전운전불이행,젖음/습기,비,교차로 - 교차로횡단보도내,승용,남,63세,상해없음,보행자,여,55세,경상
2021041200100274,2021년 4월 12일 14시,월요일,제주특별자치도 서귀포시 성산읍,경상사고,0,0,2,0,차대차 - 추돌,교차로운행방법위반,젖음/습기,비,교차로 - 교차로부근,화물,남,30세,상해없음,승용,여,50세,경상
2021041200100275,2021년 4월 12일 14시,월요일,제주특별자치도 제주시 노형동,경상사고,0,0,5,0,차대차 - 측면충돌,안전거리미확보,젖음/습기,비,단일로 - 기타,승용,남,22세,상해없음,화물,남,30세,경상
2021041200100313,2021년 4월 12일 15시,월요일,제주특별자치도 제주시 도련일동,경상사고,0,0,2,0,차대차 - 추돌,안전운전불이행,건조,맑음,교차로 - 교차로부근,승용,남,62세,상해없음,승용,남,53세,경상
2021041200100314,2021년 4월 12일 15시,월요일,제주특별자치도 제주시 이도이동,경상사고,0,0,1,0,차대사람 - 기타,보행자보호의무위반,건조,맑음,교차로 - 교차로횡단보도내,승용,남,52세,상해없음,보행자,여,19세,경상
2021041200100315,2021년 4월 12일 15시,월요일,제주특별자치도 제주시 한림읍,경상사고,0,0,2,0,차대사람 - 횡단중,보행자보호의무위반,젖음/습기,비,교차로 - 교차로횡단보도내,승용,여,68세,상해없음,보행자,남,12세,경상