사고번호,사고일시,요일,시군구,사고내용,사망자수,중상자수,경상자수,부상신고자수,사고유형,법규위반,노면상태,기상상태,도로형태,가해운전자 차종,가해운전자 성별,가해운전자 연령,가해운전자 상해정도,피해운전자 차종,피해운전자 성별,피해운전자 연령,피해운전자 상해정도
2021041200100400,2021년 4월 12일 17시,월요일,제주특별자치도 제주시 용담일동,중상사고,0,1,2,0,차대차 - 측면충돌,직진우회전진행방해,건조,맑음,교차로 - 교차로안,승용,남,47세,상해없음,승용,여,30세,중상
2021041200100484,2021년 4월 12일 19시,월요일,제주특별자치도 제주시 한림읍,경상사고,0,0,1,0,차대사람 - 차도통행중,안전운전불이행,젖음/습기,비,단일로 - 기타,승용,남,45세,상해없음,보행자,남,15세,경상
2021041200100485,2021년 4월 12일 19시,월요일,제주특별자치도 제주시 연동,부상신고사고,0,0,0,1,차대차 - 기타,중앙선침범,건조,맑음,교차로 - 교차로부근,이륜,남,34세,부상신고,승용,남,43세,상해없음
2021041200100617,2021년 4월 12일 22시,월요일,제주특별자치도 서귀포시 안덕면,중상사고,0,1,0,0,차량단독 - 도로외이탈 - 기타,안전운전불이행,젖음/습기,안개,단일로 - 기타,승용,여,48세,중상,,,,
2021041200100618,2021년 4월 12일 22시,월요일,제주특별자치도 서귀포시 상예동,경상사고,0,0,2,0,차대차 - 기타,안전운전불이행,건조,맑음,기타 - 기타,승용,여,30세,상해없음,승용,남,29세,경상
2021041300100053,2021년 4월 13일 06시,화요일,제주특별자치도 제주시 도남동,경상사고,0,0,3,0,차대차 - 측면충돌,신호위반,건조,맑음,교차로 - 교차로안,승용,남,39세,경상,화물,남,53세,경상
2021041300100075,2021년 4월 13일 07시,화요일,제주특별자치도 제주시 용담일동,부상신고사고,0,0,0,1,차대차 - 기타,안전운전불이행,건조,맑음,단일로 - 기타,자전거,남,79세,부상신고,승용,남,48세,상해없음
2021041300100141,2021년 4월 13일 09시,화요일,제주특별자치도 서귀포시 서귀동,경상사고,0,0,1,0,차대차 - 후진중충돌,안전운전불이행,건조,맑음,교차로 - 교차로부근,화물,남,71세,상해없음,승용,남,42세,경상
2021041300100288,2021년 4월 13일 14시,화요일,제주특별자치도 제주시 이도이동,경상사고,0,0,1,0,차대사람 - 횡단중,신호위반,건조,맑음,교차로 - 교차로부근,승합,남,55세,상해없음,보행자,여,10세,경상
2021041300100330,2021년 4월 13일 15시,화요일,제주특별자치도 제주시 조천읍,경상사고,0,0,2,0,차대차 - 정면충돌,중앙선침범,건조,맑음,단일로 - 기타,승용,남,22세,상해없음,승용,여,51세,경상
2021041300100372,2021년 4월 13일 16시,화요일,제주특별자치도 제주시 도련일동,경상사고,0,0,2,0,차대차 - 측면충돌,안전거리미확보,건조,맑음,단일로 - 기타,승용,여,65세,상해없음,승용,여,35세,경상
2021041300100474,2021년 4월 13일 18시,화요일,제주특별자치도 제주시 도련일동,경상사고,0,0,1,0,차대차 - 기타,안전운전불이행,건조,맑음,단일로 - 기타,승용,남,30세,상해없음,승용,여,21세,경상
2021041300100516,2021년 4월 13일 19시,화요일,제주특별자치도 서귀포시 색달동,경상사고,0,0,2,0,차대차 - 후진중충돌,안전운전불이행,건조,기타,단일로 - 기타,승용,여,53세,상해없음,승용,여,34세,경상
2021041300100606,2021년 4월 13일 22시,화요일,제주특별자치도 제주시 연동,경상사고,0,0,1,0,차대차 - 기타,안전운전불이행,건조,맑음,교차로 - 교차로안,승용,남,52세,상해없음,승합,남,59세,상해없음
2021041400100011,2021년 4월 14일 01시,수요일,제주특별자치도 제주시 조천읍,사망사고,1,0,0,0,차대사람 - 길가장자리구역통행중,기타,건조,맑음,단일로 - 기타,승용,남,36세,상해없음,보행자,남,55세,사망
2021041400100084,2021년 4월 14일 08시,수요일,제주특별자치도 제주시 아라이동,경상사고,0,0,1,0,차대차 - 기타,안전거리미확보,건조,맑음,단일로 - 기타,승용,여,38세,상해없음,승용,여,44세,경상
2021041400100238,2021년 4월 14일 13시,수요일,제주특별자치도 제주시 삼양일동,경상사고,0,0,1,0,차대차 - 기타,기타,건조,맑음,단일로 - 기타,승용,남,74세,상해없음,이륜,남,34세,경상
2021041400100239,2021년 4월 14일 13시,수요일,제주특별자치도 서귀포시 동홍동,경상사고,0,0,1,0,차대차 - 측면충돌,신호위반,건조,맑음,단일로 - 기타,승용,여,37세,상해없음,승용,여,30세,경상
2021041400100271,2021년 4월 14일 14시,수요일,제주특별자치도 제주시 연동,경상사고,0,0,1,0,차대차 - 기타,안전운전불이행,건조,맑음,교차로 - 교차로안,승용,남,66세,상해없음,승용,여,48세,경상
2021041400100429,2021년 4월 14일 18시,수요일,제주특별자치도 제주시 이도이동,경상사고,0,0,1,0,차대사람 - 기타,안전운전불이행,건조,맑음,교차로 - 교차로안,승용,남,28세,상해없음,보행자,남,9세,경상
2021041400100430,2021년 4월 14일 18시,수요일,제주특별자치도 제주시 연동,중상사고,0,1,0,0,차대사람 - 차도통행중,안전운전불이행,건조,맑음,교차로 - 교차로안,승용,남,46세,상해없음,보행자,남,6세,중상
2021041400100467,2021년 4월 14일 19시,수요일,제주특별자치도 서귀포시 중문동,경상사고,0,0,2,0,차대차 - 기타,안전운전불이행,건조,맑음,기타 - 기타,승용,남,63세,기타불명,승합,여,61세,상해없음
2021041400100551,2021년 4월 14일 22시,수요일,제주특별자치도 제주시 회천동,중상사고,0,1,2,0,차대차 - 측면충돌,중앙선침범,건조,맑음,단일로 - 기타,승용,여,44세,중상,승용,여,23세,경상
2021041400100552,2021년 4월 14일 22시,수요일,제주특별자치도 제주시 이도이동,경상사고,0,0,1,0,차대차 - 추돌,신호위반,건조,맑음,단일로 - 기타,승용,남,61세,상해없음,승용,여,22세,경상
2021041500100061,2021년 4월 15일 07시,목요일,제주특별자치도 제주시 용강동,중상사고,0,1,2,0,차대차 - 추돌,안전운전불이행,건조,맑음,단일로 - 기타,승용,여,35세,중상,승용,여,29세,경상
2021041500100095,2021년 4월 15일 08시,목요일,제주특별자치도 제주시 이도일동,경상사고,0,0,1,0,차대차 - 기타,차로위반,건조,맑음,단일로 - 기타,승용,남,37세,상해없음,승용,여,43세,경상
2021041500100128,2021년 4월 15일 09시,목요일,제주특별자치도 제주시 도남동,경상사고,0,0,2,0,차대차 - 측면충돌,안전운전불이행,건조,기타,기타 - 기타,승용,남,24세,상해없음,승용,여,36세,경상
2021041500100149,2021년 4월 15일 10시,목요일,제주특별자치도 제주시 화북이동,경상사고,0,0,1,0,차대차 - 기타,안전운전불이행,건조,맑음,단일로 - 기타,자전거,남,74세,경상,화물,남,43세,상해없음
2021041500100150,2021년 4월 15일 10시,목요일,제주특별자치도 제주시 조천읍,경상사고,0,0,3,0,차대차 - 기타,안전운전불이행,건조,맑음,단일로 - 기타,승용,여,61세,상해없음,승용,여,33세,경상
2021041500100183,2021년 4월 15일 11시,목요일,제주특별자치도 제주시 아라이동,경상사고,0,0,1,0,차대차 - 추돌,안전거리미확보,건조,맑음,교차로 - 교차로부근,화물,남,30세,상해없음,승용,남,56세,경상
2021041500100184,2021년 4월 15일 11시,목요일,제주특별자치도 서귀포시 서귀동,경상사고,0,0,1,0,차대차 - 기타,안전운전불이행,건조,맑음,교차로 - 교차로부근,승용,여,46세,상해없음,승용,여,53세,경상
2021041500100285,2021년 4월 15일 14시,목요일,제주특별자치도 제주시 조천읍,중상사고,0,1,1,0,차량단독 - 기타,안전운전불이행,건조,맑음,단일로 - 기타,이륜,남,24세,중상,,,,
2021041500100315,2021년 4월 15일 15시,목요일,제주특별자치도 제주시 일도이동,부상신고사고,0,0,0,1,차대사람 - 기타,기타,건조,맑음,단일로 - 기타,승용,여,53세,상해없음,보행자,남,78세,부상신고
2021041500100316,2021년 4월 15일 15시,목요일,제주특별자치도 제주시 한림읍,경상사고,0,0,1,2,차대차 - 추돌,안전운전불이행,건조,맑음,단일로 - 기타,승용,여,43세,부상신고,승용,여,47세,경상
2021041500100404,2021년 4월 15일 17시,목요일,제주특별자치도 제주시 애월읍,경상사고,0,0,1,0,차대차 - 정면충돌,안전운전불이행,건조,맑음,교차로 - 교차로부근,승용,남,38세,상해없음,이륜,남,25세,경상
2021041500100457,2021년 4월 15일 18시,목요일,제주특별자치도 제주시 연동,부상신고사고,0,0,0,1,차대차 - 측면충돌,안전운전불이행,건조,맑음,교차로 - 교차로안,승용,남,19세,부상신고,승용,여,55세,상해없음
2021041500100504,2021년 4월 15일 19시,목요일,제주특별자치도 제주시 연동,중상사고,0,1,0,0,차대차 - 측면충돌,직진우회전진행방해,건조,기타,교차로 - 교차로안,승용,남,69세,상해없음,이륜,남,36세,중상
2021041500100609,2021년 4월 15일 22시,목요일,제주특별자치도 제주시 노형동,경상사고,0,0,2,0,차대차 - 기타,안전운전불이행,건조,맑음,단일로 - 기타,승용,남,27세,상해없음,승용,여,29세,경상
2021041600100062,2021년 4월 16일 07시,금요일,제주특별자치도 서귀포시 서호동,중상사고,0,1,0,0,차대사람 - 기타,기타,건조,맑음,단일로 - 기타,화물,여,46세,상해없음,보행자,여,58세,중상
2021041600100106,2021년 4월 16일 08시,금요일,제주특별자치도 제주시 이호이동,중상사고,0,2,0,0,차대차 - 측면충돌,안전거리미확보,건조,맑음,단일로 - 기타,승용,남,57세,상해없음,이륜,여,24세,중상
2021041600100128,2021년 4월 16일 09시,금요일,제주특별자치도 제주시 일도이동,경상사고,0,0,1,0,차대사람 - 기타,보행자보호의무위반,건조,맑음,단일로 - 기타,화물,남,63세,상해없음,보행자,남,80세,경상
2021041600100129,2021년 4월 16일 09시,금요일,제주특별자치도 서귀포시 남원읍,중상사고,0,2,0,0,차대차 - 추돌,안전운전불이행,건조,맑음,교차로 - 교차로안,승용,여,40세,상해없음,승용,남,70세,중상
2021041600100207,2021년 4월 16일 12시,금요일,제주특별자치도 제주시 구좌읍,중상사고,0,2,2,0,차대차 - 측면충돌,교차로운행방법위반,건조,맑음,교차로 - 교차로안,승용,여,41세,상해없음,승용,남,30세,경상
2021041600100239,2021년 4월 16일 13시,금요일,제주특별자치도 제주시 아라일동,경상사고,0,0,1,0,차대차 - 후진중충돌,안전운전불이행,건조,맑음,교차로 - 교차로부근,승용,여,72세,상해없음,승용,남,34세,경상
2021041600100294,2021년 4월 16일 15시,금요일,제주특별자치도 제주시 구좌읍,경상사고,0,0,4,0,차대차 - 추돌,안전운전불이행,건조,맑음,교차로 - 교차로부근,승용,여,64세,상해없음,승용,남,28세,경상
2021041600100295,2021년 4월 16일 15시,금요일,제주특별자치도 제주시 노형동,경상사고,0,0,1,0,차대사람 - 기타,안전운전불이행,건조,맑음,교차로 - 교차로안,승합,여,55세,상해없음,보행자,여,54세,경상
2021041600100296,2021년 4월 16일 15시,금요일,제주특별자치도 제주시 애월읍,중상사고,0,1,0,0,차대차 - 측면충돌,직진우회전진행방해,건조,맑음,교차로 - 교차로안,승용,남,55세,상해없음,이륜,여,31세,중상
2021041600100339,2021년 4월 16일 16시,금요일,제주특별자치도 제주시 한림읍,경상사고,0,0,4,0,차대차 - 추돌,안전거리미확보,건조,맑음,단일로 - 기타,이륜,남,23세,경상,승용,남,41세,경상
2021041600100373,2021년 4월 16일 17시,금요일,제주특별자치도 제주시 애월읍,부상신고사고,0,0,0,2,차대차 - 측면충돌,안전운전불이행,건조,맑음,단일로 - 기타,화물,남,61세,기타불명,승용,여,29세,부상신고
2021041700100047,2021년 4월 17일 05시,토요일,제주특별자치도 제주시 애월읍,경상사고,0,0,1,0,차대차 - 추돌,안전운전불이행,건조,맑음,단일로 - 기타,승용,여,23세,상해없음,승용,남,67세,경상
2021041700100112,2021년 4월 17일 09시,토요일,제주특별자치도 제주시 연동,중상사고,0,1,0,0,차대차 - 측면충돌,교차로운행방법위반,건조,맑음,교차로 - 교차로안,승용,남,29세,상해없음,이륜,남,46세,중상
2021041700100143,2021년 4월 17일 10시,토요일,제주특별자치도 제주시 노형동,경상사고,0,0,1,0,차대차 - 측면충돌,교차로운행방법위반,건조,맑음,교차로 - 교차로부근,승용,남,78세,상해없음,승용,여,52세,경상
2021041700100181,2021년 4월 17일 11시,토요일,제주특별자치도 서귀포시 색달동,부상신고사고,0,0,0,1,차대차 - 측면충돌,안전운전불이행,건조,맑음,단일로 - 기타,자전거,여,29세,부상신고,승용,여,61세,상해없음
2021041700100259,2021년 4월 17일 13시,토요일,제주특별자치도 제주시 해안동,경상사고,0,0,1,1,차대차 - 추돌,안전운전불이행,건조,맑음,단일로 - 기타,승용,남,79세,상해없음,승용,남,67세,상해없음
2021041700100301,2021년 4월 17일 14시,토요일,제주특별자치도 제주시 삼양이동,중상사고,0,1,0,0,차대사람 - 기타,안전운전불이행,건조,맑음,단일로 - 기타,승용,남,78세,상해없음,보행자,여,66세,중상
2021041700100303,2021년 4월 17일 14시,토요일,제주특별자치도 제주시 한경면,중상사고,0,1,4,0,차대차 - 측면충돌,직진우회전진행방해,건조,맑음,교차로 - 교차로안,승합,남,46세,상해없음,승용,남,36세,경상
2021041700100350,2021년 4월 17일 15시,토요일,제주특별자치도 서귀포시 서귀동,중상사고,0,1,1,1,차대차 - 측면충돌,직진우회전진행방해,건조,맑음,교차로 - 교차로안,승용,여,46세,상해없음,승용,여,34세,부상신고
2021041700100351,2021년 4월 17일 15시,토요일,제주특별자치도 제주시 외도이동,경상사고,0,0,2,0,차대차 - 추돌,안전운전불이행,건조,맑음,단일로 - 기타,승용,남,55세,상해없음,승용,여,40세,경상
2021041700100387,2021년 4월 17일 16시,토요일,제주특별자치도 제주시 애월읍,경상사고,0,0,4,1,차대차 - 추돌,안전운전불이행,건조,맑음,교차로 - 교차로부근,승용,여,33세,상해없음,승용,남,65세,경상
2021041700100434,2021년 4월 17일 17시,토요일,제주특별자치도 제주시 노형동,부상신고사고,0,0,0,1,차대차 - 측면충돌,신호위반,건조,맑음,단일로 - 기타,이륜,남,25세,부상신고,승용,남,53세,상해없음
2021041700100469,2021년 4월 17일 18시,토요일,제주특별자치도 제주시 아라이동,부상신고사고,0,0,0,1,차대차 - 정면충돌,안전운전불이행,건조,맑음,단일로 - 기타,이륜,남,20세,부상신고,승용,남,62세,상해없음
2021041700100500,2021년 4월 17일 19시,토요일,제주특별자치도 제주시 용담이동,경상사고,0,0,2,0,차대차 - 측면충돌,안전거리미확보,건조,맑음,단일로 - 기타,승용,남,24세,기타불명,승용,남,29세,경상
2021041800100047,2021년 4월 18일 07시,일요일,제주특별자치도 서귀포시 표선면,경상사고,0,0,2,0,차대차 - 측면충돌,직진우회전진행방해,건조,맑음,교차로 - 교차로안,승용,남,58세,상해없음,화물,남,56세,경상
2021041800100065,2021년 4월 18일 09시,일요일,제주특별자치도 제주시 노형동,경상사고,0,0,1,0,차대차 - 측면충돌,안전거리미확보,건조,맑음,단일로 - 기타,승용,남,56세,상해없음,승용,여,50세,경상
2021041800100082,2021년 4월 18일 10시,일요일,제주특별자치도 제주시 오라이동,경상사고,0,0,3,0,차대차 - 측면충돌,교차로운행방법위반,건조,맑음,교차로 - 교차로안,승용,여,60세,상해없음,승용,남,28세,경상
2021041800100083,2021년 4월 18일 10시,일요일,제주특별자치도 제주시 노형동,경상사고,0,0,1,0,차대차 - 기타,교차로운행방법위반,건조,맑음,교차로 - 교차로안,이륜,남,46세,경상,승용,여,56세,상해없음
2021041800100097,2021년 4월 18일 11시,일요일,제주특별자치도 제주시 일도일동,경상사고,0,0,3,0,차대차 - 측면충돌,안전운전불이행,건조,맑음,단일로 - 기타,화물,남,27세,상해없음,승용,남,58세,경상
2021041800100125,2021년 4월 18일 12시,일요일,제주특별자치도 제주시 애월읍,경상사고,0,0,1,0,차대차 - 기타,중앙선침범,건조,맑음,단일로 - 기타,승용,남,33세,상해없음,승용,남,29세,경상
2021041800100158,2021년 4월 18일 13시,일요일,제주특별자치도 서귀포시 중문동,부상신고사고,0,0,0,1,차량단독 - 기타,안전운전불이행,건조,맑음,기타 - 기타,이륜,남,62세,부상신고,,,,
2021041800100216,2021년 4월 18일 15시,일요일,제주특별자치도 제주시 한림읍,중상사고,0,1,1,0,차대차 - 기타,신호위반,건조,맑음,교차로 - 교차로안,승용,여,57세,상해없음,승용,남,28세,경상
2021041800100245,2021년 4월 18일 16시,일요일,제주특별자치도 서귀포시 상예동,경상사고,0,0,1,0,차대차 - 기타,안전운전불이행,건조,맑음,단일로 - 기타,승용,남,26세,상해없음,자전거,남,43세,경상
2021041800100246,2021년 4월 18일 16시,일요일,제주특별자치도 서귀포시 안덕면,경상사고,0,0,2,0,차대차 - 후진중충돌,안전운전불이행,건조,맑음,기타 - 기타,승용,남,36세,상해없음,승용,남,38세,경상
2021041800100314,2021년 4월 18일 18시,일요일,제주특별자치도 서귀포시 서귀동,중상사고,0,1,0,0,차대차 - 기타,안전운전불이행,건조,맑음,단일로 - 기타,화물,남,38세,상해없음,이륜,남,61세,중상
2021041800100315,2021년 4월 18일 18시,일요일,제주특별자치도 서귀포시 서귀동,중상사고,0,1,0,0,차대차 - 측면충돌,안전거리미확보,건조,맑음,교차로 - 교차로안,이륜,남,74세,중상,승용,여,30세,상해없음
2021041800100344,2021년 4월 18일 19시,일요일,제주특별자치도 제주시 용담이동,중상사고,0,1,0,0,차대차 - 기타,안전운전불이행,건조,맑음,교차로 - 교차로부근,승용,여,34세,상해없음,이륜,남,23세,중상
2021041800100389,2021년 4월 18일 21시,일요일,제주특별자치도 제주시 화북이동,경상사고,0,0,1,0,차대차 - 측면충돌,신호위반,건조,맑음,교차로 - 교차로안,승용,여,27세,상해없음,승용,남,50세,경상
2021041800100406,2021년 4월 18일 22시,일요일,제주특별자치도 제주시 아라일동,경상사고,0,0,1,0,차대사람 - 기타,안전운전불이행,건조,맑음,단일로 - 기타,승용,남,40세,상해없음,보행자,남,50세,경상
2021041900100014,2021년 4월 19일 02시,월요일,제주특별자치도 서귀포시 신효동,경상사고,0,0,2,0,차량단독 - 공작물충돌,기타,건조,맑음,교차로 - 교차로부근,승용,남,41세,상해없음,,,,
2021041900100029,2021년 4월 19일 05시,월요일,제주특별자치도 서귀포시 동홍동,경상사고,0,0,1,0,차대차 - 기타,직진우회전진행방해,건조,맑음,교차로 - 교차로안,승용,여,26세,상해없음,화물,남,43세,경상
2021041900100104,2021년 4월 19일 08시,월요일,제주특별자치도 제주시 아라일동,경상사고,0,0,2,0,차대차 - 추돌,안전운전불이행,건조,맑음,단일로 - 기타,승용,남,64세,상해없음,승용,남,26세,경상
2021041900100105,2021년 4월 19일 08시,월요일,제주특별자치도 제주시 구좌읍,경상사고,0,0,1,0,차대차 - 측면충돌,안전거리미확보,건조,맑음,단일로 - 기타,승용,남,79세,상해없음,승합,남,48세,경상
2021041900100263,2021년 4월 19일 13시,월요일,제주특별자치도 제주시 노형동,부상신고사고,0,0,0,1,차대차 - 추돌,안전거리미확보,건조,맑음,교차로 - 교차로부근,승용,남,32세,상해없음,승용,여,51세,부상신고
2021041900100297,2021년 4월 19일 14시,월요일,제주특별자치도 제주시 건입동,중상사고,0,1,0,0,차대차 - 추돌,안전거리미확보,건조,맑음,교차로 - 교차로안,승용,남,51세,상해없음,승용,여,67세,중상
2021041900100585,2021년 4월 19일 23시,월요일,제주특별자치도 제주시 연동,경상사고,0,0,1,0,차대사람 - 횡단중,보행자보호의무위반,건조,맑음,교차로 - 교차로횡단보도내,승용,남,42세,상해없음,보행자,남,58세,경상
2021042000100010,2021년 4월 20일 00시,화요일,제주특별자치도 제주시 이도이동,중상사고,0,1,0,0,차대사람 - 기타,안전운전불이행,건조,흐림,단일로 - 기타,승용,남,66세,상해없음,보행자,남,34세,중상
2021042000100022,2021년 4월 20일 04시,화요일,제주특별자치도 제주시 노형동,중상사고,0,1,0,0,차대사람 - 보도통행중,안전운전불이행,건조,맑음,교차로 - 교차로부근,승용,남,52세,상해없음,보행자,남,18세,중상
2021042000100249,2021년 4월 20일 12시,화요일,제주특별자치도 제주시 애월읍,중상사고,0,1,0,0,차량단독 - 공작물충돌,안전운전불이행,건조,맑음,교차로 - 교차로부근,농기계,남,66세,중상,,,,
2021042000100287,2021년 4월 20일 13시,화요일,제주특별자치도 서귀포시 성산읍,경상사고,0,0,2,1,차대차 - 측면충돌,직진우회전진행방해,건조,맑음,교차로 - 교차로안,승용,남,48세,상해없음,승용,여,25세,경상
2021042000100357,2021년 4월 20일 15시,화요일,제주특별자치도 서귀포시 동홍동,경상사고,0,0,2,0,차대차 - 기타,중앙선침범,건조,맑음,단일로 - 기타,승용,여,66세,상해없음,승용,남,36세,경상
2021042000100402,2021년 4월 20일 16시,화요일,제주특별자치도 서귀포시 색달동,경상사고,0,0,2,0,차대차 - 기타,직진우회전진행방해,건조,맑음,교차로 - 교차로안,승용,여,47세,상해없음,승용,여,31세,경상
2021042000100445,2021년 4월 20일 17시,화요일,제주특별자치도 제주시 연동,부상신고사고,0,0,0,1,차대차 - 측면충돌,안전거리미확보,건조,맑음,단일로 - 기타,승용,남,26세,상해없음,승용,여,41세,부상신고
2021042000100486,2021년 4월 20일 18시,화요일,제주특별자치도 제주시 한림읍,경상사고,0,0,1,0,차대차 - 측면충돌,직진우회전진행방해,건조,맑음,교차로 - 교차로안,화물,남,54세,상해없음,승용,남,58세,경상
2021042000100552,2021년 4월 20일 20시,화요일,제주특별자치도 제주시 연동,경상사고,0,0,1,0,차대차 - 추돌,안전운전불이행,건조,맑음,교차로 - 교차로부근,승용,남,52세,상해없음,승용,남,28세,상해없음
2021042100100048,2021년 4월 21일 06시,수요일,제주특별자치도 제주시 애월읍,경상사고,0,0,1,0,차대사람 - 길가장자리구역통행중,보행자보호의무위반,건조,맑음,교차로 - 교차로횡단보도내,승용,남,48세,상해없음,보행자,여,6세,경상
2021042100100144,2021년 4월 21일 09시,수요일,제주특별자치도 제주시 오라이동,중상사고,0,1,0,0,차대사람 - 기타,안전운전불이행,건조,맑음,교차로 - 교차로안,승용,남,43세,상해없음,보행자,남,47세,중상
2021042100100198,2021년 4월 21일 11시,수요일,제주특별자치도 서귀포시 서귀동,경상사고,0,0,1,0,차대차 - 정면충돌,중앙선침범,건조,맑음,교차로 - 교차로안,승용,남,59세,상해없음,이륜,남,35세,경상
2021042100100261,2021년 4월 21일 13시,수요일,제주특별자치도 제주시 삼도일동,중상사고,0,1,0,0,차대차 - 추돌,신호위반,건조,맑음,교차로 - 교차로안,화물,남,59세,상해없음,이륜,남,39세,중상
2021042100100262,2021년 4월 21일 13시,수요일,제주특별자치도 제주시 일도일동,경상사고,0,0,1,0,차대사람 - 길가장자리구역통행중,보행자보호의무위반,건조,맑음,단일로 - 기타,승용,남,62세,상해없음,보행자,남,81세,경상
2021042100100263,2021년 4월 21일 13시,수요일,제주특별자치도 제주시 봉개동,경상사고,0,0,1,0,차대차 - 측면충돌,불법유턴,건조,맑음,단일로 - 기타,승용,남,32세,상해없음,승용,여,48세,경상
2021042100100264,2021년 4월 21일 13시,수요일,제주특별자치도 제주시 오라이동,경상사고,0,0,1,2,차대차 - 추돌,안전운전불이행,건조,맑음,단일로 - 기타,승용,남,55세,상해없음,승용,여,49세,경상
2021042100100265,2021년 4월 21일 13시,수요일,제주특별자치도 서귀포시 대정읍,부상신고사고,0,0,0,1,차대차 - 측면충돌,안전운전불이행,건조,맑음,단일로 - 기타,승용,여,23세,상해없음,승용,여,62세,부상신고
2021042100100391,2021년 4월 21일 16시,수요일,제주특별자치도 제주시 애월읍,경상사고,0,0,2,0,차량단독 - 공작물충돌,안전운전불이행,건조,맑음,단일로 - 기타,승용,남,75세,경상,,,,
2021042100100438,2021년 4월 21일 17시,수요일,제주특별자치도 제주시 구좌읍,중상사고,0,1,0,0,차대차 - 측면충돌,기타,건조,맑음,교차로 - 교차로안,승용,남,36세,상해없음,이륜,여,73세,중상
2021042100100489,2021년 4월 21일 18시,수요일,제주특별자치도 서귀포시 동홍동,중상사고,0,1,0,0,차대사람 - 차도통행중,안전운전불이행,건조,맑음,기타 - 기타,승용,남,72세,상해없음,보행자,여,80세,중상
2021042100100530,2021년 4월 21일 19시,수요일,제주특별자치도 제주시 한림읍,중상사고,0,1,0,0,차대차 - 추돌,안전운전불이행,건조,맑음,단일로 - 기타,승용,여,59세,상해없음,자전거,남,73세,중상
2021042200100017,2021년 4월 22일 01시,목요일,제주특별자치도 서귀포시 하원동,경상사고,0,0,1,0,차대차 - 기타,안전운전불이행,건조,맑음,단일로 - 기타,승용,남,39세,상해없음,승용,남,27세,상해없음
2021042200100092,2021년 4월 22일 08시,목요일,제주특별자치도 제주시 이도이동,부상신고사고,0,0,0,1,차대차 - 기타,안전운전불이행,건조,맑음,기타 - 기타,이륜,남,39세,부상신고,승용,여,56세,상해없음
2021042200100093,2021년 4월 22일 08시,목요일,제주특별자치도 제주시 삼도일동,경상사고,0,0,1,0,차대차 - 추돌,안전운전불이행,건조,맑음,단일로 - 기타,승용,여,37세,상해없음,승용,남,48세,경상
2021042200100165,2021년 4월 22일 10시,목요일,제주특별자치도 제주시 아라일동,경상사고,0,0,2,0,차대차 - 추돌,안전운전불이행,건조,맑음,교차로 - 교차로부근,승용,여,50세,상해없음,승용,남,35세,경상
2021042200100204,2021년 4월 22일 11시,목요일,제주특별자치도 서귀포시 서호동,중상사고,0,1,2,0,차대차 - 정면충돌,안전운전불이행,건조,맑음,단일로 - 기타,화물,남,72세,상해없음,승용,여,35세,중상
2021042200100274,2021년 4월 22일 13시,목요일,제주특별자치도 제주시 이도이동,경상사고,0,0,2,0,차대차 - 측면충돌,직진우회전진행방해,건조,맑음,교차로 - 교차로안,이륜,남,42세,경상,승용,여,27세,경상
2021042200100304,2021년 4월 22일 14시,목요일,제주특별자치도 제주시 연동,경상사고,0,0,1,0,차대차 - 기타,직진우회전진행방해,건조,맑음,교차로 - 교차로안,승용,남,24세,상해없음,승용,남,78세,경상
2021042200100335,2021년 4월 22일 15시,목요일,제주특별자치도 서귀포시 안덕면,경상사고,0,0,2,0,차대차 - 측면충돌,안전운전불이행,건조,맑음,교차로 - 교차로안,승용,여,58세,상해없음,승용,남,44세,경상
2021042200100336,2021년 4월 22일 15시,목요일,제주특별자치도 제주시 한경면,중상사고,0,1,0,0,차대차 - 기타,안전운전불이행,건조,맑음,교차로 - 교차로안,농기계,남,71세,상해없음,이륜,여,71세,중상
2021042200100402,2021년 4월 22일 17시,목요일,제주특별자치도 제주시 조천읍,부상신고사고,0,0,0,1,차량단독 - 기타,안전운전불이행,건조,맑음,단일로 - 기타,이륜,남,22세,부상신고,,,,
2021042200100449,2021년 4월 22일 18시,목요일,제주특별자치도 서귀포시 서홍동,중상사고,0,1,0,0,차대차 - 측면충돌,직진우회전진행방해,건조,맑음,교차로 - 교차로안,화물,남,58세,상해없음,이륜,남,50세,중상
2021042200100487,2021년 4월 22일 19시,목요일,제주특별자치도 제주시 이도이동,경상사고,0,0,1,0,차대사람 - 기타,안전운전불이행,건조,맑음,기타 - 기타,승용,남,50세,상해없음,보행자,남,34세,경상
2021042300100100,2021년 4월 23일 08시,금요일,제주특별자치도 제주시 한림읍,중상사고,0,1,0,0,차대사람 - 기타,안전운전불이행,건조,맑음,단일로 - 기타,원동기,남,63세,상해없음,보행자,여,83세,중상
2021042300100129,2021년 4월 23일 09시,금요일,제주특별자치도 제주시 화북이동,경상사고,0,0,2,0,차대차 - 측면충돌,기타,건조,맑음,교차로 - 교차로안,승용,남,51세,경상,승용,여,42세,경상