사고번호,사고일시,요일,시군구,사고내용,사망자수,중상자수,경상자수,부상신고자수,사고유형,법규위반,노면상태,기상상태,도로형태,가해운전자 차종,가해운전자 성별,가해운전자 연령,가해운전자 상해정도,피해운전자 차종,피해운전자 성별,피해운전자 연령,피해운전자 상해정도
2021042300100247,2021년 4월 23일 12시,금요일,제주특별자치도 제주시 아라일동,경상사고,0,0,1,0,차대차 - 측면충돌,안전거리미확보,건조,맑음,단일로 - 기타,승용,남,63세,상해없음,이륜,남,34세,경상
2021042300100286,2021년 4월 23일 13시,금요일,제주특별자치도 서귀포시 서홍동,경상사고,0,0,3,0,차대차 - 기타,중앙선침범,건조,맑음,단일로 - 기타,승용,남,43세,상해없음,승용,여,57세,경상
2021042300100287,2021년 4월 23일 13시,금요일,제주특별자치도 제주시 한경면,경상사고,0,0,3,0,차대차 - 기타,안전운전불이행,건조,맑음,교차로 - 교차로안,승합,여,57세,상해없음,승용,남,29세,경상
2021042300100288,2021년 4월 23일 13시,금요일,제주특별자치도 제주시 애월읍,경상사고,0,0,2,0,차대차 - 기타,안전운전불이행,건조,맑음,단일로 - 기타,승용,남,28세,상해없음,승용,남,38세,경상
2021042300100446,2021년 4월 23일 17시,금요일,제주특별자치도 제주시 한림읍,경상사고,0,0,2,0,차대차 - 추돌,안전운전불이행,건조,맑음,단일로 - 기타,승용,남,48세,기타불명,승용,여,24세,경상
2021042300100490,2021년 4월 23일 18시,금요일,제주특별자치도 제주시 연동,경상사고,0,0,1,0,차대사람 - 기타,보행자보호의무위반,건조,맑음,교차로 - 교차로횡단보도내,승용,남,45세,상해없음,보행자,남,42세,경상
2021042300100491,2021년 4월 23일 18시,금요일,제주특별자치도 제주시 연동,경상사고,0,0,1,0,차대사람 - 횡단중,보행자보호의무위반,건조,맑음,교차로 - 교차로횡단보도내,승용,남,28세,상해없음,보행자,여,20세,경상
2021042300100573,2021년 4월 23일 20시,금요일,제주특별자치도 서귀포시 안덕면,경상사고,0,0,1,0,차량단독 - 도로외이탈 - 기타,안전운전불이행,건조,맑음,단일로 - 기타,승용,여,25세,상해없음,,,,
2021042300100574,2021년 4월 23일 20시,금요일,제주특별자치도 제주시 용담이동,경상사고,0,0,2,0,차대차 - 기타,안전거리미확보,건조,맑음,단일로 - 기타,승용,남,49세,기타불명,승용,남,36세,경상
2021042400100013,2021년 4월 24일 00시,토요일,제주특별자치도 제주시 연동,경상사고,0,0,2,0,차대차 - 측면충돌,안전운전불이행,건조,맑음,교차로 - 교차로안,승용,남,49세,상해없음,승용,남,57세,경상
2021042400100029,2021년 4월 24일 01시,토요일,제주특별자치도 제주시 연동,부상신고사고,0,0,0,1,차량단독 - 공작물충돌,안전운전불이행,건조,맑음,단일로 - 기타,승용,여,35세,부상신고,,,,
2021042400100069,2021년 4월 24일 07시,토요일,제주특별자치도 제주시 월평동,경상사고,0,0,1,0,차대차 - 측면충돌,교차로운행방법위반,건조,맑음,교차로 - 교차로안,승용,남,52세,상해없음,화물,남,57세,경상
2021042400100139,2021년 4월 24일 10시,토요일,제주특별자치도 제주시 이도이동,부상신고사고,0,0,0,1,차대차 - 측면충돌,직진우회전진행방해,건조,맑음,교차로 - 교차로안,승용,남,59세,상해없음,승용,여,42세,부상신고
2021042400100185,2021년 4월 24일 11시,토요일,제주특별자치도 제주시 외도이동,경상사고,0,0,1,0,차대차 - 추돌,안전거리미확보,건조,맑음,교차로 - 교차로부근,이륜,남,58세,상해없음,승용,여,28세,경상
2021042400100335,2021년 4월 24일 15시,토요일,제주특별자치도 제주시 삼도이동,경상사고,0,0,2,0,차대차 - 측면충돌,안전운전불이행,건조,맑음,단일로 - 기타,승용,남,48세,상해없음,승용,남,33세,상해없음
2021042400100408,2021년 4월 24일 17시,토요일,제주특별자치도 제주시 한림읍,중상사고,0,1,3,0,차대차 - 측면충돌,안전운전불이행,건조,맑음,교차로 - 교차로안,승용,남,26세,경상,승용,여,28세,경상
2021042400100409,2021년 4월 24일 17시,토요일,제주특별자치도 제주시 애월읍,경상사고,0,0,1,0,차대차 - 추돌,안전운전불이행,건조,맑음,단일로 - 기타,승용,남,30세,상해없음,승용,남,41세,경상
2021042400100461,2021년 4월 24일 18시,토요일,제주특별자치도 제주시 노형동,경상사고,0,0,1,0,차대차 - 추돌,안전운전불이행,건조,맑음,단일로 - 기타,승용,남,55세,상해없음,이륜,남,22세,경상
2021042400100534,2021년 4월 24일 20시,토요일,제주특별자치도 제주시 도두일동,경상사고,0,0,1,0,차대차 - 정면충돌,중앙선침범,건조,맑음,단일로 - 기타,승용,여,27세,상해없음,이륜,남,38세,경상
2021042400100589,2021년 4월 24일 22시,토요일,제주특별자치도 제주시 노형동,경상사고,0,0,1,0,차대차 - 추돌,안전운전불이행,건조,맑음,단일로 - 기타,승용,남,65세,상해없음,승용,여,52세,경상
2021042500100092,2021년 4월 25일 10시,일요일,제주특별자치도 제주시 용담이동,경상사고,0,0,1,0,차대차 - 기타,안전거리미확보,건조,맑음,단일로 - 기타,승용,남,70세,상해없음,승용,남,25세,경상
2021042500100160,2021년 4월 25일 12시,일요일,제주특별자치도 서귀포시 안덕면,중상사고,0,1,1,0,차대차 - 기타,기타,건조,맑음,교차로 - 교차로안,승용,여,53세,상해없음,승용,여,47세,경상
2021042500100161,2021년 4월 25일 12시,일요일,제주특별자치도 서귀포시 서홍동,경상사고,0,0,1,0,차대차 - 측면충돌,안전운전불이행,건조,맑음,단일로 - 기타,승용,남,47세,상해없음,승용,남,58세,경상
2021042500100199,2021년 4월 25일 13시,일요일,제주특별자치도 제주시 구좌읍,경상사고,0,0,1,0,차대사람 - 기타,안전운전불이행,건조,맑음,단일로 - 기타,승용,여,25세,상해없음,보행자,남,19세,경상
2021042500100238,2021년 4월 25일 14시,일요일,제주특별자치도 제주시 오등동,중상사고,0,1,0,0,차대사람 - 기타,안전운전불이행,건조,맑음,단일로 - 기타,승용,남,55세,상해없음,보행자,여,1세,중상
2021042500100319,2021년 4월 25일 16시,일요일,제주특별자치도 서귀포시 표선면,경상사고,0,0,3,2,차대차 - 정면충돌,중앙선침범,건조,맑음,기타 - 기타,승용,남,48세,상해없음,승용,여,51세,경상
2021042500100359,2021년 4월 25일 17시,일요일,제주특별자치도 제주시 도두이동,경상사고,0,0,1,0,차대사람 - 기타,안전운전불이행,건조,맑음,단일로 - 기타,승용,남,43세,상해없음,보행자,남,31세,경상
2021042500100391,2021년 4월 25일 18시,일요일,제주특별자치도 서귀포시 대포동,중상사고,0,1,0,0,차량단독 - 기타,안전운전불이행,건조,맑음,단일로 - 기타,자전거,남,54세,중상,,,,
2021042500100392,2021년 4월 25일 18시,일요일,제주특별자치도 제주시 도두일동,경상사고,0,0,4,0,차대차 - 추돌,안전운전불이행,건조,맑음,교차로 - 교차로부근,승용,남,25세,상해없음,승용,남,29세,경상
2021042500100475,2021년 4월 25일 22시,일요일,제주특별자치도 서귀포시 동홍동,부상신고사고,0,0,0,1,차대차 - 정면충돌,중앙선침범,건조,기타,단일로 - 기타,이륜,남,26세,부상신고,화물,남,54세,상해없음
2021042600100025,2021년 4월 26일 05시,월요일,제주특별자치도 제주시 연동,경상사고,0,0,1,0,차대차 - 기타,교차로운행방법위반,건조,맑음,교차로 - 교차로안,승용,남,47세,상해없음,화물,남,48세,경상
2021042600100033,2021년 4월 26일 06시,월요일,제주특별자치도 제주시 외도일동,중상사고,0,1,2,0,차대차 - 기타,직진우회전진행방해,건조,맑음,교차로 - 교차로안,승용,남,65세,경상,화물,남,57세,중상
2021042600100058,2021년 4월 26일 07시,월요일,제주특별자치도 서귀포시 서홍동,경상사고,0,0,1,0,차대차 - 기타,안전운전불이행,건조,맑음,단일로 - 기타,화물,남,76세,상해없음,승용,여,52세,경상
2021042600100183,2021년 4월 26일 10시,월요일,제주특별자치도 제주시 화북이동,중상사고,0,1,1,0,차대차 - 측면충돌,신호위반,건조,맑음,교차로 - 교차로안,승용,여,63세,기타불명,승용,남,57세,경상
2021042600100241,2021년 4월 26일 12시,월요일,제주특별자치도 서귀포시 안덕면,경상사고,0,0,1,0,차대차 - 정면충돌,중앙선침범,건조,맑음,단일로 - 기타,화물,남,76세,상해없음,승용,남,57세,경상
2021042600100319,2021년 4월 26일 14시,월요일,제주특별자치도 제주시 한림읍,경상사고,0,0,1,0,차대차 - 측면충돌,안전운전불이행,건조,맑음,단일로 - 기타,화물,남,49세,상해없음,이륜,남,21세,경상
2021042600100404,2021년 4월 26일 16시,월요일,제주특별자치도 제주시 오라이동,경상사고,0,0,2,0,차대차 - 측면충돌,교차로운행방법위반,건조,맑음,교차로 - 교차로안,승용,남,67세,상해없음,승용,남,47세,경상
2021042600100405,2021년 4월 26일 16시,월요일,제주특별자치도 제주시 건입동,중상사고,0,1,0,0,차대차 - 기타,안전운전불이행,건조,맑음,교차로 - 교차로부근,승용,여,57세,상해없음,승합,남,49세,상해없음
2021042600100406,2021년 4월 26일 16시,월요일,제주특별자치도 서귀포시 남원읍,경상사고,0,0,1,0,차대차 - 측면충돌,안전운전불이행,건조,맑음,단일로 - 기타,승용,남,44세,상해없음,화물,남,71세,경상
2021042600100445,2021년 4월 26일 17시,월요일,제주특별자치도 제주시 이호일동,경상사고,0,0,2,0,차대차 - 후진중충돌,안전운전불이행,건조,맑음,주차장 - 주차장,승용,남,33세,상해없음,승용,남,27세,경상
2021042600100487,2021년 4월 26일 18시,월요일,제주특별자치도 제주시 연동,부상신고사고,0,0,0,1,차대차 - 기타,안전거리미확보,건조,맑음,단일로 - 기타,이륜,남,43세,부상신고,승용,남,52세,상해없음
2021042600100559,2021년 4월 26일 20시,월요일,제주특별자치도 제주시 화북일동,경상사고,0,0,2,0,차대차 - 측면충돌,신호위반,건조,맑음,교차로 - 교차로안,이륜,남,31세,상해없음,승용,여,57세,경상
2021042600100607,2021년 4월 26일 22시,월요일,제주특별자치도 제주시 용강동,경상사고,0,0,4,0,차대차 - 정면충돌,중앙선침범,건조,맑음,단일로 - 기타,승용,남,41세,경상,승합,남,54세,경상
2021042700100032,2021년 4월 27일 05시,화요일,제주특별자치도 제주시 노형동,경상사고,0,0,1,0,차대차 - 추돌,안전운전불이행,건조,맑음,단일로 - 기타,승용,여,37세,상해없음,화물,남,65세,경상
2021042700100055,2021년 4월 27일 07시,화요일,제주특별자치도 제주시 일도이동,경상사고,0,0,1,0,차대차 - 추돌,안전운전불이행,건조,맑음,교차로 - 교차로부근,승용,여,50세,상해없음,이륜,남,56세,경상
2021042700100091,2021년 4월 27일 08시,화요일,제주특별자치도 제주시 오라일동,경상사고,0,0,1,0,차대사람 - 기타,안전운전불이행,건조,맑음,단일로 - 기타,승용,남,49세,상해없음,보행자,여,81세,경상
2021042700100092,2021년 4월 27일 08시,화요일,제주특별자치도 서귀포시 남원읍,부상신고사고,0,0,0,1,차량단독 - 공작물충돌,안전운전불이행,건조,맑음,교차로 - 교차로부근,화물,남,46세,부상신고,,,,
2021042700100121,2021년 4월 27일 09시,화요일,제주특별자치도 제주시 화북이동,경상사고,0,0,1,0,차대사람 - 횡단중,신호위반,건조,맑음,교차로 - 교차로횡단보도내,승용,여,41세,상해없음,보행자,여,66세,경상
2021042700100122,2021년 4월 27일 09시,화요일,제주특별자치도 제주시 화북일동,중상사고,0,1,0,0,차대차 - 기타,차로위반,건조,맑음,단일로 - 기타,승용,여,39세,상해없음,승합,남,43세,상해없음
2021042700100149,2021년 4월 27일 10시,화요일,제주특별자치도 제주시 화북일동,경상사고,0,0,1,0,차대차 - 측면충돌,직진우회전진행방해,건조,맑음,교차로 - 교차로안,승용,남,70세,상해없음,승용,남,55세,경상
2021042700100150,2021년 4월 27일 10시,화요일,제주특별자치도 제주시 애월읍,경상사고,0,0,1,0,차대차 - 측면충돌,교차로운행방법위반,건조,맑음,교차로 - 교차로안,승용,여,46세,상해없음,자전거,남,51세,경상
2021042700100176,2021년 4월 27일 11시,화요일,제주특별자치도 제주시 연동,경상사고,0,0,2,0,차대차 - 기타,안전운전불이행,건조,맑음,단일로 - 기타,승용,여,49세,상해없음,승용,남,59세,경상
2021042700100249,2021년 4월 27일 13시,화요일,제주특별자치도 제주시 이도이동,경상사고,0,0,1,0,차대사람 - 기타,안전운전불이행,건조,맑음,교차로 - 교차로부근,이륜,남,40세,상해없음,보행자,여,17세,경상
2021042700100250,2021년 4월 27일 13시,화요일,제주특별자치도 서귀포시 안덕면,중상사고,0,3,2,0,차대차 - 기타,신호위반,건조,맑음,교차로 - 교차로안,승용,남,35세,상해없음,승용,남,31세,중상
2021042700100251,2021년 4월 27일 13시,화요일,제주특별자치도 서귀포시 표선면,경상사고,0,0,1,0,차량단독 - 공작물충돌,안전운전불이행,건조,맑음,단일로 - 지하차도(도로)내,승용,여,46세,경상,,,,
2021042700100278,2021년 4월 27일 14시,화요일,제주특별자치도 제주시 일도일동,경상사고,0,0,1,0,차대차 - 측면충돌,신호위반,건조,맑음,교차로 - 교차로안,이륜,남,28세,경상,승용,남,29세,상해없음
2021042700100279,2021년 4월 27일 14시,화요일,제주특별자치도 서귀포시 서호동,경상사고,0,0,1,0,차대사람 - 횡단중,안전운전불이행,건조,맑음,단일로 - 기타,승용,여,51세,상해없음,보행자,남,71세,경상
2021042700100342,2021년 4월 27일 16시,화요일,제주특별자치도 제주시 이도이동,경상사고,0,0,1,0,차대사람 - 횡단중,보행자보호의무위반,건조,맑음,교차로 - 교차로부근,승용,남,52세,상해없음,보행자,남,27세,경상
2021042700100343,2021년 4월 27일 16시,화요일,제주특별자치도 제주시 용담일동,경상사고,0,0,2,0,차대차 - 기타,안전거리미확보,건조,맑음,단일로 - 기타,승용,여,61세,경상,승용,남,51세,경상
2021042700100392,2021년 4월 27일 17시,화요일,제주특별자치도 서귀포시 표선면,경상사고,0,0,1,0,차대차 - 정면충돌,교차로운행방법위반,건조,맑음,교차로 - 교차로안,이륜,여,77세,경상,승용,남,53세,상해없음
2021042700100439,2021년 4월 27일 18시,화요일,제주특별자치도 제주시 일도일동,경상사고,0,0,4,0,차대차 - 측면충돌,직진우회전진행방해,건조,맑음,교차로 - 교차로안,승용,여,25세,경상,화물,남,66세,상해없음
2021042700100511,2021년 4월 27일 20시,화요일,제주특별자치도 제주시 삼도이동,경상사고,0,0,1,0,차대사람 - 기타,보행자보호의무위반,젖음/습기,비,단일로 - 기타,승용,남,66세,상해없음,보행자,여,19세,경상
2021042800100051,2021년 4월 28일 06시,수요일,제주특별자치도 제주시 조천읍,경상사고,0,0,1,0,차대차 - 측면충돌,신호위반,건조,맑음,교차로 - 교차로안,승용,남,55세,상해없음,화물,남,65세,경상
2021042800100109,2021년 4월 28일 08시,수요일,제주특별자치도 제주시 화북일동,중상사고,0,1,0,0,차량단독 - 기타,안전운전불이행,건조,맑음,단일로 - 기타,승합,남,60세,상해없음,,,,
2021042800100110,2021년 4월 28일 08시,수요일,제주특별자치도 서귀포시 서귀동,중상사고,0,1,0,0,차대차 - 측면충돌,안전운전불이행,건조,맑음,단일로 - 기타,승용,여,48세,상해없음,승용,여,58세,중상
2021042800100188,2021년 4월 28일 11시,수요일,제주특별자치도 제주시 삼도일동,중상사고,0,1,2,0,차대차 - 추돌,안전운전불이행,건조,맑음,단일로 - 기타,승용,남,42세,상해없음,승용,여,62세,경상
2021042800100213,2021년 4월 28일 12시,수요일,제주특별자치도 제주시 우도면,중상사고,0,1,0,0,차량단독 - 전도전복 - 전도,안전운전불이행,건조,맑음,단일로 - 기타,이륜,여,45세,상해없음,,,,
2021042800100214,2021년 4월 28일 12시,수요일,제주특별자치도 제주시 애월읍,부상신고사고,0,0,0,2,차대차 - 추돌,안전운전불이행,건조,맑음,교차로 - 교차로안,승용,여,49세,상해없음,승용,남,29세,부상신고
2021042800100255,2021년 4월 28일 13시,수요일,제주특별자치도 서귀포시 서호동,중상사고,0,1,0,0,차대사람 - 기타,안전운전불이행,건조,맑음,단일로 - 기타,승용,여,31세,상해없음,보행자,남,86세,중상
2021042800100345,2021년 4월 28일 16시,수요일,제주특별자치도 제주시 건입동,경상사고,0,0,1,0,차대차 - 측면충돌,중앙선침범,건조,맑음,기타 - 기타,이륜,남,73세,경상,승용,여,69세,상해없음
2021042800100346,2021년 4월 28일 16시,수요일,제주특별자치도 서귀포시 토평동,중상사고,0,2,0,0,차대차 - 기타,기타,건조,맑음,단일로 - 기타,승용,남,60세,상해없음,이륜,남,19세,중상
2021042800100347,2021년 4월 28일 16시,수요일,제주특별자치도 제주시 외도일동,경상사고,0,0,4,0,차대차 - 측면충돌,안전운전불이행,건조,맑음,단일로 - 기타,화물,남,53세,상해없음,승합,남,38세,경상
2021042800100423,2021년 4월 28일 18시,수요일,제주특별자치도 제주시 연동,경상사고,0,0,1,0,차대차 - 정면충돌,직진우회전진행방해,건조,맑음,교차로 - 교차로안,승용,남,43세,상해없음,승용,남,68세,경상
2021042800100463,2021년 4월 28일 19시,수요일,제주특별자치도 제주시 애월읍,경상사고,0,0,3,0,차대차 - 추돌,안전운전불이행,건조,맑음,단일로 - 기타,승용,여,41세,경상,승용,남,49세,경상
2021042800100555,2021년 4월 28일 22시,수요일,제주특별자치도 제주시 애월읍,중상사고,0,1,0,0,차대차 - 추돌,안전운전불이행,건조,기타,단일로 - 기타,화물,남,49세,중상,화물,남,44세,기타불명
2021042900100026,2021년 4월 29일 03시,목요일,제주특별자치도 서귀포시 성산읍,경상사고,0,0,1,0,차대사람 - 횡단중,안전운전불이행,건조,맑음,단일로 - 기타,승용,여,52세,상해없음,보행자,여,51세,경상
2021042900100028,2021년 4월 29일 04시,목요일,제주특별자치도 서귀포시 서귀동,경상사고,0,0,1,0,차대차 - 기타,교차로운행방법위반,건조,맑음,교차로 - 교차로안,승용,남,20세,상해없음,승용,여,41세,경상
2021042900100067,2021년 4월 29일 07시,목요일,제주특별자치도 서귀포시 대정읍,경상사고,0,0,3,0,차대차 - 정면충돌,직진우회전진행방해,건조,맑음,교차로 - 교차로안,승용,남,43세,상해없음,승용,남,47세,경상
2021042900100108,2021년 4월 29일 08시,목요일,제주특별자치도 제주시 노형동,경상사고,0,0,1,0,차대차 - 기타,안전운전불이행,건조,맑음,교차로 - 교차로부근,화물,남,53세,기타불명,승용,남,27세,경상
2021042900100186,2021년 4월 29일 11시,목요일,제주특별자치도 제주시 조천읍,경상사고,0,0,1,0,차대차 - 기타,교차로운행방법위반,건조,맑음,교차로 - 교차로안,이륜,남,25세,상해없음,승용,여,58세,경상
2021042900100187,2021년 4월 29일 11시,목요일,제주특별자치도 제주시 노형동,경상사고,0,0,1,0,차량단독 - 공작물충돌,안전운전불이행,건조,맑음,교차로 - 교차로안,이륜,남,22세,경상,,,,
2021042900100226,2021년 4월 29일 12시,목요일,제주특별자치도 제주시 삼도일동,중상사고,0,1,0,0,차대차 - 측면충돌,안전운전불이행,건조,맑음,단일로 - 기타,승용,남,25세,상해없음,승용,여,58세,중상
2021042900100297,2021년 4월 29일 14시,목요일,제주특별자치도 제주시 노형동,경상사고,0,0,2,0,차대차 - 추돌,신호위반,건조,맑음,교차로 - 교차로부근,승용,여,41세,상해없음,승용,남,63세,경상
2021042900100329,2021년 4월 29일 15시,목요일,제주특별자치도 서귀포시 대정읍,중상사고,0,2,1,0,차대차 - 기타,직진우회전진행방해,건조,맑음,교차로 - 교차로안,승용,여,49세,경상,승용,남,43세,중상
2021042900100415,2021년 4월 29일 17시,목요일,제주특별자치도 서귀포시 남원읍,경상사고,0,0,4,0,차대차 - 기타,기타,건조,맑음,단일로 - 지하차도(도로)내,화물,남,49세,상해없음,승용,남,44세,경상
2021042900100479,2021년 4월 29일 18시,목요일,제주특별자치도 제주시 아라일동,부상신고사고,0,0,0,1,차대사람 - 기타,안전운전불이행,건조,맑음,단일로 - 기타,승용,여,27세,상해없음,보행자,남,6세,부상신고
2021042900100640,2021년 4월 29일 23시,목요일,제주특별자치도 제주시 연동,경상사고,0,0,1,0,차대차 - 측면충돌,직진우회전진행방해,건조,맑음,교차로 - 교차로안,승용,여,50세,상해없음,승용,남,36세,경상
2021043000100019,2021년 4월 30일 02시,금요일,제주특별자치도 제주시 애월읍,경상사고,0,0,1,0,차량단독 - 공작물충돌,안전운전불이행,건조,맑음,단일로 - 기타,승용,여,34세,경상,,,,
2021043000100078,2021년 4월 30일 07시,금요일,제주특별자치도 제주시 이도일동,경상사고,0,0,1,0,차대사람 - 기타,안전운전불이행,건조,맑음,교차로 - 교차로부근,승용,남,27세,상해없음,보행자,남,37세,경상
2021043000100173,2021년 4월 30일 10시,금요일,제주특별자치도 제주시 연동,경상사고,0,0,1,0,차대차 - 정면충돌,안전운전불이행,건조,맑음,단일로 - 기타,승용,여,48세,경상,승합,남,46세,상해없음
2021043000100201,2021년 4월 30일 11시,금요일,제주특별자치도 제주시 연동,경상사고,0,0,1,0,차대차 - 측면충돌,교차로운행방법위반,건조,맑음,교차로 - 교차로안,승용,남,28세,상해없음,승합,남,47세,경상
2021043000100245,2021년 4월 30일 12시,금요일,제주특별자치도 제주시 조천읍,경상사고,0,0,1,0,차대차 - 기타,안전운전불이행,건조,맑음,단일로 - 기타,승용,남,51세,상해없음,승용,여,39세,경상
2021043000100246,2021년 4월 30일 12시,금요일,제주특별자치도 제주시 이도이동,경상사고,0,0,1,0,차대차 - 측면충돌,신호위반,건조,맑음,교차로 - 교차로안,승용,남,60세,상해없음,승용,여,61세,경상
2021043000100247,2021년 4월 30일 12시,금요일,제주특별자치도 제주시 노형동,경상사고,0,0,1,0,차대사람 - 보도통행중,보행자보호의무위반,건조,맑음,교차로 - 교차로횡단보도내,승용,여,25세,상해없음,보행자,여,32세,경상
2021043000100356,2021년 4월 30일 15시,금요일,제주특별자치도 제주시 이도이동,중상사고,0,1,0,0,차대사람 - 횡단중,안전운전불이행,건조,맑음,단일로 - 기타,승용,남,55세,상해없음,보행자,여,8세,중상
2021043000100393,2021년 4월 30일 16시,금요일,제주특별자치도 제주시 이도이동,부상신고사고,0,0,0,1,차대차 - 기타,불법유턴,건조,맑음,교차로 - 교차로횡단보도내,개인형이동수단(PM),여,15세,부상신고,승용,여,39세,상해없음
2021043000100394,2021년 4월 30일 16시,금요일,제주특별자치도 제주시 용담일동,경상사고,0,0,2,0,차대차 - 측면충돌,신호위반,건조,맑음,교차로 - 교차로안,화물,남,68세,상해없음,승합,여,60세,경상
2021043000100395,2021년 4월 30일 16시,금요일,제주특별자치도 서귀포시 남원읍,경상사고,0,0,1,0,차대차 - 기타,신호위반,건조,맑음,교차로 - 교차로안,화물,남,81세,상해없음,승용,여,71세,경상
2021043000100454,2021년 4월 30일 17시,금요일,제주특별자치도 제주시 애월읍,경상사고,0,0,1,0,차대차 - 측면충돌,안전거리미확보,건조,맑음,단일로 - 기타,승용,남,54세,상해없음,승용,여,44세,경상
2021043000100503,2021년 4월 30일 18시,금요일,제주특별자치도 제주시 구좌읍,경상사고,0,0,1,0,차대차 - 추돌,안전거리미확보,건조,맑음,단일로 - 기타,승용,남,44세,상해없음,승용,남,58세,경상
2021043000100504,2021년 4월 30일 18시,금요일,제주특별자치도 제주시 애월읍,경상사고,0,0,1,0,차대차 - 측면충돌,안전운전불이행,건조,맑음,교차로 - 교차로안,승용,남,51세,기타불명,개인형이동수단(PM),여,28세,경상
2021043000100599,2021년 4월 30일 20시,금요일,제주특별자치도 제주시 노형동,경상사고,0,0,1,0,차대사람 - 기타,보행자보호의무위반,젖음/습기,비,교차로 - 교차로안,승용,남,38세,상해없음,보행자,여,44세,경상
2021043000100600,2021년 4월 30일 20시,금요일,제주특별자치도 제주시 노형동,경상사고,0,0,1,0,차대사람 - 기타,안전운전불이행,젖음/습기,비,단일로 - 기타,원동기,남,38세,상해없음,보행자,남,54세,경상
2021043000100695,2021년 4월 30일 23시,금요일,제주특별자치도 제주시 일도이동,중상사고,0,1,0,0,차대사람 - 길가장자리구역통행중,안전운전불이행,젖음/습기,비,단일로 - 기타,승용,여,41세,상해없음,보행자,여,28세,중상
2021043000100696,2021년 4월 30일 23시,금요일,제주특별자치도 제주시 오등동,경상사고,0,0,1,0,차대차 - 측면충돌,안전운전불이행,젖음/습기,비,교차로 - 교차로안,승용,여,32세,상해없음,승용,남,36세,경상
2021050100100336,2021년 5월 1일 16시,토요일,제주특별자치도 제주시 도남동,중상사고,0,2,0,0,차대차 - 측면충돌,직진우회전진행방해,건조,맑음,교차로 - 교차로안,승용,여,28세,중상,승용,여,50세,중상
2021050100100337,2021년 5월 1일 16시,토요일,제주특별자치도 제주시 노형동,경상사고,0,0,1,0,차대차 - 기타,안전운전불이행,건조,맑음,교차로 - 교차로부근,승용,남,31세,상해없음,화물,남,46세,상해없음
2021050100100411,2021년 5월 1일 18시,토요일,제주특별자치도 제주시 일도이동,경상사고,0,0,1,0,차대차 - 측면충돌,직진우회전진행방해,건조,맑음,교차로 - 교차로안,승용,남,58세,상해없음,승용,남,69세,경상
2021050100100534,2021년 5월 1일 22시,토요일,제주특별자치도 제주시 일도일동,경상사고,0,0,1,0,차대차 - 측면충돌,안전운전불이행,건조,맑음,교차로 - 교차로부근,승용,여,54세,상해없음,승용,남,23세,경상
2021050200100018,2021년 5월 2일 01시,일요일,제주특별자치도 서귀포시 안덕면,부상신고사고,0,0,0,1,차량단독 - 전도전복 - 전도,안전운전불이행,건조,맑음,단일로 - 기타,승용,남,41세,부상신고,,,,
2021050200100032,2021년 5월 2일 03시,일요일,제주특별자치도 제주시 용담일동,경상사고,0,0,1,0,차대차 - 측면충돌,안전운전불이행,건조,맑음,교차로 - 교차로안,승용,남,27세,상해없음,승용,남,64세,경상
2021050200100047,2021년 5월 2일 06시,일요일,제주특별자치도 제주시 도두이동,경상사고,0,0,1,0,차대차 - 기타,안전운전불이행,건조,맑음,교차로 - 교차로안,승용,남,55세,상해없음,승용,남,38세,상해없음
2021050200100055,2021년 5월 2일 07시,일요일,제주특별자치도 서귀포시 남원읍,부상신고사고,0,0,0,1,차대차 - 측면충돌,안전운전불이행,건조,맑음,단일로 - 기타,이륜,남,35세,부상신고,화물,남,71세,상해없음
2021050200100066,2021년 5월 2일 08시,일요일,제주특별자치도 제주시 회천동,중상사고,0,1,0,0,차대사람 - 차도통행중,안전운전불이행,건조,맑음,단일로 - 기타,승용,남,82세,상해없음,보행자,남,71세,중상
2021050200100168,2021년 5월 2일 12시,일요일,제주특별자치도 제주시 영평동,경상사고,0,0,1,1,차대차 - 측면충돌,신호위반,건조,맑음,교차로 - 교차로안,화물,남,63세,부상신고,승용,남,44세,경상
2021050200100204,2021년 5월 2일 13시,일요일,제주특별자치도 제주시 도두일동,경상사고,0,0,1,0,차대차 - 기타,안전운전불이행,건조,맑음,단일로 - 기타,승합,남,28세,상해없음,승용,여,28세,경상
2021050200100233,2021년 5월 2일 14시,일요일,제주특별자치도 서귀포시 동홍동,경상사고,0,0,1,0,차대차 - 추돌,차로위반,건조,맑음,교차로 - 교차로부근,승용,여,24세,상해없음,승용,여,58세,경상
2021050200100271,2021년 5월 2일 15시,일요일,제주특별자치도 제주시 용담이동,중상사고,0,1,0,0,차대사람 - 횡단중,안전운전불이행,건조,맑음,교차로 - 교차로횡단보도내,승용,남,46세,상해없음,보행자,여,71세,중상