사고번호,사고일시,요일,시군구,사고내용,사망자수,중상자수,경상자수,부상신고자수,사고유형,법규위반,노면상태,기상상태,도로형태,가해운전자 차종,가해운전자 성별,가해운전자 연령,가해운전자 상해정도,피해운전자 차종,피해운전자 성별,피해운전자 연령,피해운전자 상해정도
2021050300100144,2021년 5월 3일 09시,월요일,제주특별자치도 제주시 조천읍,경상사고,0,0,2,0,차대차 - 기타,교차로운행방법위반,건조,맑음,교차로 - 교차로안,승용,여,35세,경상,승용,여,51세,경상
2021050300100178,2021년 5월 3일 10시,월요일,제주특별자치도 서귀포시 중문동,중상사고,0,1,0,0,차대차 - 기타,신호위반,건조,맑음,교차로 - 교차로안,승용,남,39세,상해없음,이륜,남,54세,중상
2021050300100222,2021년 5월 3일 11시,월요일,제주특별자치도 제주시 조천읍,부상신고사고,0,0,0,1,차량단독 - 공작물충돌,안전운전불이행,건조,맑음,단일로 - 기타,승용,여,37세,부상신고,,,,
2021050300100223,2021년 5월 3일 11시,월요일,제주특별자치도 서귀포시 하효동,부상신고사고,0,0,0,2,차대차 - 기타,직진우회전진행방해,건조,맑음,교차로 - 교차로안,승용,여,36세,부상신고,화물,남,70세,부상신고
2021050300100261,2021년 5월 3일 12시,월요일,제주특별자치도 제주시 구좌읍,경상사고,0,0,1,0,차대사람 - 기타,안전운전불이행,건조,맑음,단일로 - 기타,승용,남,63세,상해없음,보행자,남,45세,경상
2021050300100262,2021년 5월 3일 12시,월요일,제주특별자치도 제주시 한경면,중상사고,0,1,2,0,차대차 - 측면충돌,교차로운행방법위반,건조,맑음,교차로 - 교차로안,화물,남,71세,경상,화물,남,55세,상해없음
2021050300100424,2021년 5월 3일 16시,월요일,제주특별자치도 제주시 애월읍,부상신고사고,0,0,0,1,차대차 - 기타,안전운전불이행,건조,맑음,단일로 - 기타,승용,남,40세,부상신고,승용,여,55세,기타불명
2021050300100471,2021년 5월 3일 17시,월요일,제주특별자치도 서귀포시 동홍동,경상사고,0,0,2,0,차대차 - 추돌,안전운전불이행,건조,맑음,단일로 - 기타,승용,여,36세,상해없음,승용,남,30세,경상
2021050300100521,2021년 5월 3일 18시,월요일,제주특별자치도 제주시 도남동,부상신고사고,0,0,0,1,차대차 - 측면충돌,안전운전불이행,건조,맑음,교차로 - 교차로안,승용,여,40세,상해없음,이륜,남,30세,부상신고
2021050300100580,2021년 5월 3일 20시,월요일,제주특별자치도 제주시 용담일동,중상사고,0,1,0,0,차대사람 - 횡단중,보행자보호의무위반,건조,맑음,단일로 - 기타,승용,남,52세,상해없음,보행자,남,35세,중상
2021050300100637,2021년 5월 3일 22시,월요일,제주특별자치도 제주시 건입동,경상사고,0,0,3,1,차대차 - 측면충돌,불법유턴,건조,맑음,교차로 - 교차로안,승용,여,34세,부상신고,승용,남,35세,경상
2021050300100638,2021년 5월 3일 22시,월요일,제주특별자치도 제주시 연동,중상사고,0,1,0,0,차대차 - 측면충돌,교차로운행방법위반,건조,기타,교차로 - 교차로안,승용,남,56세,상해없음,이륜,남,27세,중상
2021050400100055,2021년 5월 4일 07시,화요일,제주특별자치도 서귀포시 안덕면,경상사고,0,0,1,0,차대차 - 측면충돌,직진우회전진행방해,건조,맑음,교차로 - 교차로안,승용,여,63세,상해없음,승용,남,37세,경상
2021050400100114,2021년 5월 4일 09시,화요일,제주특별자치도 서귀포시 서귀동,경상사고,0,0,1,0,차대사람 - 차도통행중,안전운전불이행,건조,맑음,단일로 - 지하차도(도로)내,승용,여,31세,상해없음,보행자,남,59세,경상
2021050400100142,2021년 5월 4일 10시,화요일,제주특별자치도 제주시 삼도일동,경상사고,0,0,6,0,차대차 - 정면충돌,안전운전불이행,건조,맑음,교차로 - 교차로안,승용,남,49세,상해없음,화물,남,50세,기타불명
2021050400100263,2021년 5월 4일 14시,화요일,제주특별자치도 제주시 조천읍,경상사고,0,0,1,0,차대차 - 추돌,안전운전불이행,젖음/습기,비,단일로 - 기타,승용,여,46세,상해없음,화물,남,30세,경상
2021050400100310,2021년 5월 4일 15시,화요일,제주특별자치도 제주시 한림읍,경상사고,0,0,2,0,차대차 - 기타,중앙선침범,건조,맑음,교차로 - 교차로부근,승용,남,55세,상해없음,승용,남,24세,경상
2021050400100311,2021년 5월 4일 15시,화요일,제주특별자치도 제주시 연동,경상사고,0,0,1,0,차대차 - 기타,직진우회전진행방해,젖음/습기,비,교차로 - 교차로안,승용,여,39세,상해없음,승용,남,53세,경상
2021050400100349,2021년 5월 4일 16시,화요일,제주특별자치도 제주시 애월읍,경상사고,0,0,1,0,차대차 - 측면충돌,안전운전불이행,적설,비,단일로 - 기타,화물,남,44세,상해없음,승합,남,38세,경상
2021050400100350,2021년 5월 4일 16시,화요일,제주특별자치도 제주시 오라삼동,부상신고사고,0,0,0,1,차대차 - 기타,안전거리미확보,젖음/습기,비,단일로 - 기타,화물,남,56세,상해없음,승합,남,58세,상해없음
2021050400100390,2021년 5월 4일 17시,화요일,제주특별자치도 서귀포시 성산읍,경상사고,0,0,1,0,차량단독 - 공작물충돌,안전운전불이행,젖음/습기,비,단일로 - 기타,승용,남,51세,경상,,,,
2021050400100392,2021년 5월 4일 17시,화요일,제주특별자치도 제주시 노형동,경상사고,0,0,1,0,차대차 - 측면충돌,안전운전불이행,건조,맑음,교차로 - 교차로안,이륜,남,58세,상해없음,화물,남,38세,경상
2021050400100436,2021년 5월 4일 18시,화요일,제주특별자치도 제주시 오라이동,경상사고,0,0,4,0,차대차 - 정면충돌,신호위반,젖음/습기,비,교차로 - 교차로안,승용,여,46세,상해없음,승용,남,46세,경상
2021050400100503,2021년 5월 4일 19시,화요일,제주특별자치도 서귀포시 서귀동,경상사고,0,0,3,0,차대차 - 기타,직진우회전진행방해,젖음/습기,비,교차로 - 교차로안,승용,남,26세,경상,승용,여,46세,경상
2021050400100671,2021년 5월 4일 22시,화요일,제주특별자치도 제주시 이도일동,사망사고,1,0,0,0,차대사람 - 횡단중,안전운전불이행,젖음/습기,흐림,단일로 - 기타,승용,남,59세,상해없음,보행자,여,56세,사망
2021050400100707,2021년 5월 4일 23시,화요일,제주특별자치도 제주시 삼도일동,경상사고,0,0,1,0,차대사람 - 횡단중,보행자보호의무위반,건조,맑음,단일로 - 기타,승용,남,73세,상해없음,보행자,남,25세,경상
2021050500100011,2021년 5월 5일 00시,수요일,제주특별자치도 제주시 조천읍,경상사고,0,0,1,0,차량단독 - 공작물충돌,안전운전불이행,젖음/습기,안개,단일로 - 기타,승용,여,50세,상해없음,,,,
2021050500100049,2021년 5월 5일 04시,수요일,제주특별자치도 제주시 노형동,중상사고,0,1,0,0,차대차 - 정면충돌,신호위반,건조,맑음,교차로 - 교차로안,승용,여,25세,상해없음,화물,남,48세,중상
2021050500100081,2021년 5월 5일 08시,수요일,제주특별자치도 제주시 이도이동,경상사고,0,0,1,0,차대차 - 기타,안전거리미확보,건조,맑음,단일로 - 기타,승용,여,35세,상해없음,승용,여,37세,경상
2021050500100095,2021년 5월 5일 09시,수요일,제주특별자치도 제주시 구좌읍,경상사고,0,0,1,0,차대차 - 측면충돌,안전거리미확보,건조,기타,기타 - 기타,승용,여,32세,기타불명,승용,남,33세,경상
2021050500100157,2021년 5월 5일 11시,수요일,제주특별자치도 제주시 연동,중상사고,0,1,1,0,차대차 - 기타,안전운전불이행,건조,맑음,단일로 - 기타,승용,여,69세,경상,승합,남,66세,상해없음
2021050500100198,2021년 5월 5일 12시,수요일,제주특별자치도 서귀포시 토평동,경상사고,0,0,1,0,차대차 - 추돌,안전운전불이행,건조,맑음,교차로 - 교차로부근,화물,남,32세,상해없음,이륜,남,27세,경상
2021050500100199,2021년 5월 5일 12시,수요일,제주특별자치도 제주시 도두일동,중상사고,0,2,2,0,차대차 - 추돌,안전운전불이행,건조,맑음,교차로 - 교차로부근,승용,남,30세,상해없음,승용,남,45세,중상
2021050500100242,2021년 5월 5일 13시,수요일,제주특별자치도 제주시 건입동,경상사고,0,0,3,0,차대차 - 기타,신호위반,건조,맑음,교차로 - 교차로부근,승용,남,63세,상해없음,승용,남,40세,경상
2021050500100243,2021년 5월 5일 13시,수요일,제주특별자치도 제주시 연동,경상사고,0,0,1,2,차대차 - 추돌,안전운전불이행,건조,맑음,교차로 - 교차로부근,승용,여,61세,상해없음,승용,여,38세,부상신고
2021050500100326,2021년 5월 5일 15시,수요일,제주특별자치도 제주시 애월읍,중상사고,0,1,0,0,차량단독 - 도로외이탈 - 기타,안전운전불이행,건조,맑음,단일로 - 기타,이륜,남,32세,중상,,,,
2021050500100327,2021년 5월 5일 15시,수요일,제주특별자치도 제주시 연동,경상사고,0,0,1,0,차대차 - 기타,안전운전불이행,건조,맑음,교차로 - 교차로부근,승용,여,66세,상해없음,승용,여,49세,경상
2021050500100415,2021년 5월 5일 17시,수요일,제주특별자치도 제주시 이도이동,경상사고,0,0,2,0,차대차 - 측면충돌,안전거리미확보,건조,기타,기타 - 기타,승용,남,78세,상해없음,승용,여,49세,경상
2021050500100416,2021년 5월 5일 17시,수요일,제주특별자치도 제주시 애월읍,경상사고,0,0,3,0,차대차 - 측면충돌,교차로운행방법위반,건조,맑음,교차로 - 교차로안,화물,남,57세,경상,승용,여,60세,상해없음
2021050500100536,2021년 5월 5일 21시,수요일,제주특별자치도 제주시 삼도일동,경상사고,0,0,2,1,차대차 - 추돌,직진우회전진행방해,건조,맑음,교차로 - 교차로안,승용,남,56세,경상,승용,여,32세,경상
2021050500100537,2021년 5월 5일 21시,수요일,제주특별자치도 서귀포시 토평동,경상사고,0,0,3,0,차대차 - 기타,교차로운행방법위반,건조,맑음,교차로 - 교차로안,승용,남,44세,상해없음,승용,여,37세,경상
2021050600100038,2021년 5월 6일 06시,목요일,제주특별자치도 서귀포시 토평동,중상사고,0,1,0,0,차대차 - 기타,안전운전불이행,건조,맑음,교차로 - 교차로안,승용,여,26세,상해없음,자전거,남,70세,중상
2021050600100059,2021년 5월 6일 07시,목요일,제주특별자치도 서귀포시 안덕면,경상사고,0,0,1,0,차대차 - 측면충돌,교차로운행방법위반,건조,맑음,교차로 - 교차로안,승용,남,28세,상해없음,승용,남,39세,경상
2021050600100086,2021년 5월 6일 08시,목요일,제주특별자치도 제주시 아라일동,경상사고,0,0,1,0,차대차 - 정면충돌,안전운전불이행,건조,맑음,교차로 - 교차로안,승용,남,44세,상해없음,화물,남,51세,경상
2021050600100087,2021년 5월 6일 08시,목요일,제주특별자치도 제주시 이도이동,경상사고,0,0,1,0,차대사람 - 기타,안전운전불이행,건조,맑음,단일로 - 기타,승용,여,43세,상해없음,보행자,여,25세,경상
2021050600100088,2021년 5월 6일 08시,목요일,제주특별자치도 제주시 화북이동,경상사고,0,0,2,0,차대차 - 측면충돌,안전운전불이행,건조,맑음,교차로 - 교차로안,승용,여,43세,상해없음,승용,여,42세,경상
2021050600100156,2021년 5월 6일 10시,목요일,제주특별자치도 서귀포시 동홍동,중상사고,0,1,0,0,차대차 - 기타,신호위반,건조,맑음,교차로 - 교차로안,승용,남,71세,상해없음,이륜,남,26세,중상
2021050600100186,2021년 5월 6일 11시,목요일,제주특별자치도 서귀포시 동홍동,경상사고,0,0,1,0,차대차 - 측면충돌,안전운전불이행,건조,맑음,단일로 - 기타,승용,여,78세,상해없음,화물,남,33세,경상
2021050600100247,2021년 5월 6일 13시,목요일,제주특별자치도 제주시 이도이동,경상사고,0,0,1,0,차대사람 - 차도통행중,안전운전불이행,건조,맑음,기타 - 기타,승용,남,28세,상해없음,보행자,남,26세,경상
2021050600100248,2021년 5월 6일 13시,목요일,제주특별자치도 제주시 한림읍,경상사고,0,0,2,0,차대차 - 기타,직진우회전진행방해,건조,맑음,교차로 - 교차로안,승용,남,36세,상해없음,승용,남,28세,경상
2021050600100279,2021년 5월 6일 14시,목요일,제주특별자치도 제주시 한림읍,경상사고,0,0,1,0,차량단독 - 도로외이탈 - 추락,안전운전불이행,건조,맑음,단일로 - 기타,화물,남,65세,경상,,,,
2021050600100317,2021년 5월 6일 15시,목요일,제주특별자치도 제주시 건입동,경상사고,0,0,1,0,차대사람 - 기타,안전운전불이행,건조,맑음,단일로 - 기타,승용,남,39세,상해없음,보행자,남,49세,경상
2021050600100318,2021년 5월 6일 15시,목요일,제주특별자치도 제주시 이도이동,경상사고,0,0,1,0,차대사람 - 횡단중,안전운전불이행,건조,맑음,단일로 - 기타,승용,남,45세,상해없음,보행자,남,20세,경상
2021050600100319,2021년 5월 6일 15시,목요일,제주특별자치도 제주시 연동,중상사고,0,1,0,0,차대사람 - 기타,안전운전불이행,기타,맑음,기타 - 기타,화물,남,26세,상해없음,보행자,남,38세,중상
2021050600100384,2021년 5월 6일 17시,목요일,제주특별자치도 제주시 한림읍,경상사고,0,0,1,0,차대사람 - 기타,안전운전불이행,건조,맑음,단일로 - 기타,승용,여,49세,상해없음,보행자,남,11세,경상
2021050600100433,2021년 5월 6일 18시,목요일,제주특별자치도 제주시 용담이동,중상사고,0,1,0,0,차대차 - 측면충돌,안전거리미확보,건조,맑음,단일로 - 기타,승용,여,26세,상해없음,이륜,남,36세,중상
2021050600100469,2021년 5월 6일 19시,목요일,제주특별자치도 제주시 노형동,경상사고,0,0,1,0,차대차 - 기타,기타,건조,맑음,단일로 - 기타,승용,남,50세,상해없음,이륜,남,26세,경상
2021050600100470,2021년 5월 6일 19시,목요일,제주특별자치도 제주시 용담이동,중상사고,0,1,7,0,차대차 - 기타,신호위반,건조,맑음,기타 - 기타,승합,남,67세,기타불명,승용,남,55세,경상
2021050600100496,2021년 5월 6일 20시,목요일,제주특별자치도 서귀포시 남원읍,부상신고사고,0,0,0,1,차량단독 - 기타,안전운전불이행,건조,맑음,단일로 - 기타,승용,여,46세,부상신고,,,,
2021050700100018,2021년 5월 7일 02시,금요일,제주특별자치도 제주시 연동,경상사고,0,0,1,0,차대사람 - 차도통행중,안전운전불이행,건조,맑음,단일로 - 기타,승용,남,61세,상해없음,보행자,여,18세,경상
2021050700100217,2021년 5월 7일 12시,금요일,제주특별자치도 제주시 화북일동,경상사고,0,0,1,0,차대차 - 추돌,안전거리미확보,건조,맑음,교차로 - 교차로부근,승용,남,29세,상해없음,화물,남,44세,경상
2021050700100218,2021년 5월 7일 12시,금요일,제주특별자치도 서귀포시 동홍동,경상사고,0,0,1,0,차대차 - 기타,직진우회전진행방해,건조,맑음,교차로 - 교차로안,승용,여,31세,상해없음,이륜,남,39세,경상
2021050700100263,2021년 5월 7일 13시,금요일,제주특별자치도 제주시 용담삼동,경상사고,0,0,1,0,차대사람 - 횡단중,안전운전불이행,건조,맑음,단일로 - 기타,승용,남,43세,상해없음,보행자,남,11세,경상
2021050700100364,2021년 5월 7일 16시,금요일,제주특별자치도 제주시 한림읍,중상사고,0,1,0,0,차대사람 - 기타,안전운전불이행,건조,맑음,교차로 - 교차로안,화물,여,72세,상해없음,보행자,여,85세,중상
2021050700100365,2021년 5월 7일 16시,금요일,제주특별자치도 제주시 연동,경상사고,0,0,1,0,차대차 - 측면충돌,안전운전불이행,건조,맑음,교차로 - 교차로안,승용,남,65세,상해없음,이륜,남,39세,경상
2021050700100409,2021년 5월 7일 17시,금요일,제주특별자치도 서귀포시 강정동,중상사고,0,1,0,0,차량단독 - 공작물충돌,안전운전불이행,건조,맑음,교차로 - 교차로부근,승용,여,70세,중상,,,,
2021050700100461,2021년 5월 7일 18시,금요일,제주특별자치도 제주시 일도이동,경상사고,0,0,1,0,차대차 - 측면충돌,안전운전불이행,건조,맑음,교차로 - 교차로안,화물,남,41세,상해없음,이륜,남,62세,경상
2021050700100507,2021년 5월 7일 19시,금요일,제주특별자치도 제주시 일도이동,경상사고,0,0,1,0,차대차 - 기타,안전운전불이행,건조,맑음,단일로 - 기타,화물,남,56세,상해없음,승용,여,39세,경상
2021050700100540,2021년 5월 7일 20시,금요일,제주특별자치도 서귀포시 대포동,경상사고,0,0,1,0,차대차 - 기타,안전운전불이행,건조,기타,교차로 - 교차로안,이륜,남,42세,경상,승용,남,52세,상해없음
2021050700100541,2021년 5월 7일 20시,금요일,제주특별자치도 제주시 오라삼동,경상사고,0,0,1,0,차대차 - 측면충돌,신호위반,건조,기타,교차로 - 교차로횡단보도내,자전거,여,62세,경상,기타불명,기타불명,미분류,기타불명
2021050700100574,2021년 5월 7일 21시,금요일,제주특별자치도 제주시 오등동,경상사고,0,0,1,0,차대차 - 측면충돌,중앙선침범,건조,맑음,단일로 - 기타,승합,남,53세,상해없음,승용,여,48세,경상
2021050700100603,2021년 5월 7일 22시,금요일,제주특별자치도 제주시 이도이동,중상사고,0,1,1,0,차대차 - 기타,신호위반,건조,맑음,단일로 - 기타,이륜,남,54세,중상,이륜,남,30세,경상
2021050700100604,2021년 5월 7일 22시,금요일,제주특별자치도 제주시 애월읍,경상사고,0,0,1,0,차대차 - 측면충돌,안전운전불이행,건조,맑음,단일로 - 기타,승용,여,60세,경상,화물,남,46세,기타불명
2021050800100023,2021년 5월 8일 01시,토요일,제주특별자치도 제주시 건입동,경상사고,0,0,1,0,차대차 - 기타,안전운전불이행,건조,맑음,교차로 - 교차로부근,화물,남,32세,상해없음,승용,남,49세,경상
2021050800100032,2021년 5월 8일 02시,토요일,제주특별자치도 제주시 이도일동,경상사고,0,0,2,0,차대차 - 측면충돌,신호위반,건조,맑음,교차로 - 교차로안,원동기,남,49세,경상,승용,남,55세,경상
2021050800100049,2021년 5월 8일 05시,토요일,제주특별자치도 서귀포시 표선면,경상사고,0,0,1,0,차량단독 - 공작물충돌,안전운전불이행,건조,맑음,교차로 - 교차로안,승용,남,50세,경상,,,,
2021050800100057,2021년 5월 8일 06시,토요일,제주특별자치도 제주시 삼양이동,중상사고,0,1,0,0,차대사람 - 기타,신호위반,건조,맑음,교차로 - 교차로횡단보도내,승용,남,53세,상해없음,보행자,남,36세,중상
2021050800100114,2021년 5월 8일 09시,토요일,제주특별자치도 제주시 노형동,경상사고,0,0,2,1,차대차 - 추돌,안전운전불이행,건조,맑음,단일로 - 기타,승용,남,49세,상해없음,승용,여,28세,경상
2021050800100226,2021년 5월 8일 12시,토요일,제주특별자치도 제주시 삼도이동,경상사고,0,0,2,0,차대차 - 측면충돌,신호위반,건조,맑음,교차로 - 교차로안,승용,여,42세,상해없음,승용,남,65세,경상
2021050800100227,2021년 5월 8일 12시,토요일,제주특별자치도 제주시 조천읍,경상사고,0,0,2,0,차대차 - 정면충돌,안전운전불이행,건조,맑음,단일로 - 기타,화물,남,62세,상해없음,승용,여,44세,경상
2021050800100228,2021년 5월 8일 12시,토요일,제주특별자치도 서귀포시 강정동,경상사고,0,0,1,1,차대차 - 측면충돌,안전운전불이행,건조,맑음,단일로 - 기타,승용,남,51세,상해없음,승용,여,26세,경상
2021050800100280,2021년 5월 8일 13시,토요일,제주특별자치도 제주시 봉개동,경상사고,0,0,3,0,차대차 - 정면충돌,신호위반,건조,기타,교차로 - 교차로안,승용,남,51세,상해없음,승용,여,36세,경상
2021050800100281,2021년 5월 8일 13시,토요일,제주특별자치도 서귀포시 남원읍,중상사고,0,1,0,0,차량단독 - 공작물충돌,안전운전불이행,건조,맑음,단일로 - 기타,농기계,남,82세,중상,,,,
2021050800100329,2021년 5월 8일 14시,토요일,제주특별자치도 제주시 한경면,경상사고,0,0,1,0,차대차 - 기타,안전운전불이행,건조,맑음,교차로 - 교차로안,이륜,여,78세,상해없음,원동기,남,30세,상해없음
2021050800100411,2021년 5월 8일 16시,토요일,제주특별자치도 제주시 노형동,경상사고,0,0,4,0,차대차 - 추돌,안전운전불이행,건조,맑음,교차로 - 교차로부근,승용,여,23세,상해없음,승용,남,43세,경상
2021050800100455,2021년 5월 8일 17시,토요일,제주특별자치도 제주시 건입동,경상사고,0,0,1,0,차대사람 - 횡단중,보행자보호의무위반,건조,맑음,교차로 - 교차로횡단보도내,승용,남,55세,상해없음,보행자,남,13세,경상
2021050800100456,2021년 5월 8일 17시,토요일,제주특별자치도 제주시 이도이동,중상사고,0,1,0,0,차대사람 - 횡단중,보행자보호의무위반,건조,맑음,교차로 - 교차로횡단보도내,승합,여,53세,상해없음,보행자,여,26세,중상
2021050800100458,2021년 5월 8일 17시,토요일,제주특별자치도 서귀포시 안덕면,경상사고,0,0,3,0,차대차 - 측면충돌,안전운전불이행,건조,맑음,교차로 - 교차로부근,승용,여,24세,상해없음,승용,남,29세,경상
2021050800100459,2021년 5월 8일 17시,토요일,제주특별자치도 제주시 도두일동,중상사고,0,1,0,0,차대사람 - 보도통행중,안전운전불이행,건조,맑음,단일로 - 기타,승용,여,26세,상해없음,보행자,남,36세,중상
2021050800100501,2021년 5월 8일 18시,토요일,제주특별자치도 제주시 화북이동,경상사고,0,0,1,0,차대차 - 측면충돌,안전운전불이행,건조,맑음,단일로 - 기타,화물,남,61세,상해없음,승용,여,67세,경상
2021050800100502,2021년 5월 8일 18시,토요일,제주특별자치도 서귀포시 서호동,중상사고,0,1,0,0,차대차 - 기타,안전운전불이행,건조,맑음,교차로 - 교차로안,이륜,남,51세,중상,승용,남,54세,상해없음
2021050800100553,2021년 5월 8일 20시,토요일,제주특별자치도 제주시 내도동,경상사고,0,0,1,0,차대차 - 기타,안전거리미확보,건조,맑음,단일로 - 기타,승용,남,56세,상해없음,원동기,남,20세,경상
2021050800100607,2021년 5월 8일 22시,토요일,제주특별자치도 서귀포시 동홍동,중상사고,0,1,0,0,차대사람 - 보도통행중,기타,건조,맑음,기타 - 기타,승용,여,27세,상해없음,보행자,남,46세,중상
2021050900100060,2021년 5월 9일 08시,일요일,제주특별자치도 제주시 노형동,경상사고,0,0,1,0,차대차 - 측면충돌,안전운전불이행,건조,맑음,단일로 - 기타,승용,남,32세,상해없음,승용,남,23세,경상
2021050900100107,2021년 5월 9일 10시,일요일,제주특별자치도 제주시 한림읍,중상사고,0,1,0,0,차대사람 - 기타,안전운전불이행,건조,맑음,기타 - 기타,승용,남,73세,상해없음,보행자,여,63세,중상
2021050900100137,2021년 5월 9일 11시,일요일,제주특별자치도 서귀포시 중문동,중상사고,0,1,0,0,차대차 - 기타,안전운전불이행,건조,맑음,단일로 - 기타,이륜,남,25세,상해없음,승용,여,27세,중상
2021050900100206,2021년 5월 9일 13시,일요일,제주특별자치도 제주시 이도이동,경상사고,0,0,1,0,차대차 - 측면충돌,직진우회전진행방해,건조,맑음,교차로 - 교차로안,승용,남,29세,상해없음,승용,여,70세,경상
2021050900100245,2021년 5월 9일 14시,일요일,제주특별자치도 제주시 조천읍,중상사고,0,1,0,0,차대사람 - 기타,안전운전불이행,건조,맑음,단일로 - 기타,승용,여,44세,상해없음,보행자,남,45세,중상
2021050900100279,2021년 5월 9일 15시,일요일,제주특별자치도 서귀포시 표선면,중상사고,0,1,0,0,차량단독 - 공작물충돌,안전운전불이행,건조,맑음,단일로 - 기타,승용,여,26세,중상,,,,
2021050900100280,2021년 5월 9일 15시,일요일,제주특별자치도 서귀포시 서귀동,경상사고,0,0,2,0,차대차 - 측면충돌,안전거리미확보,건조,맑음,단일로 - 기타,승용,남,37세,상해없음,승용,남,41세,경상
2021050900100281,2021년 5월 9일 15시,일요일,제주특별자치도 제주시 애월읍,부상신고사고,0,0,0,1,차대사람 - 길가장자리구역통행중,안전운전불이행,건조,맑음,단일로 - 기타,승용,여,23세,상해없음,보행자,여,60세,부상신고
2021050900100395,2021년 5월 9일 18시,일요일,제주특별자치도 서귀포시 안덕면,경상사고,0,0,3,0,차대차 - 기타,직진우회전진행방해,건조,맑음,교차로 - 교차로안,승용,남,62세,경상,승용,남,69세,경상
2021050900100455,2021년 5월 9일 20시,일요일,제주특별자치도 서귀포시 동홍동,부상신고사고,0,0,0,1,차대차 - 기타,안전운전불이행,건조,맑음,교차로 - 교차로안,이륜,남,38세,부상신고,승용,남,23세,상해없음
2021050900100456,2021년 5월 9일 20시,일요일,제주특별자치도 제주시 애월읍,경상사고,0,0,1,0,차대차 - 기타,안전운전불이행,건조,맑음,단일로 - 기타,승용,남,58세,상해없음,승용,여,43세,경상
2021050900100506,2021년 5월 9일 23시,일요일,제주특별자치도 제주시 외도이동,경상사고,0,0,3,0,차대차 - 추돌,안전운전불이행,건조,맑음,교차로 - 교차로부근,승용,여,52세,상해없음,승용,여,36세,경상
2021051000100010,2021년 5월 10일 03시,월요일,제주특별자치도 제주시 조천읍,중상사고,0,1,0,0,차대차 - 기타,직진우회전진행방해,건조,맑음,교차로 - 교차로안,자전거,여,38세,중상,승용,남,56세,상해없음
2021051000100047,2021년 5월 10일 07시,월요일,제주특별자치도 제주시 한림읍,중상사고,0,1,1,0,차대차 - 정면충돌,신호위반,건조,맑음,교차로 - 교차로안,승용,여,48세,상해없음,승용,남,25세,중상
2021051000100093,2021년 5월 10일 08시,월요일,제주특별자치도 제주시 노형동,경상사고,0,0,4,0,차대차 - 기타,차로위반,건조,맑음,교차로 - 교차로부근,승용,남,46세,경상,승용,여,45세,경상
2021051000100120,2021년 5월 10일 09시,월요일,제주특별자치도 제주시 연동,중상사고,0,1,0,0,차대사람 - 횡단중,신호위반,건조,맑음,단일로 - 기타,승용,남,47세,상해없음,보행자,여,80세,중상
2021051000100137,2021년 5월 10일 10시,월요일,제주특별자치도 서귀포시 남원읍,경상사고,0,0,1,0,차대차 - 기타,기타,건조,맑음,교차로 - 교차로안,승합,남,64세,상해없음,승용,여,50세,경상
2021051000100230,2021년 5월 10일 13시,월요일,제주특별자치도 서귀포시 색달동,중상사고,0,1,1,0,차대차 - 기타,안전거리미확보,건조,맑음,단일로 - 기타,승용,남,41세,경상,화물,남,24세,상해없음
2021051000100267,2021년 5월 10일 14시,월요일,제주특별자치도 제주시 조천읍,경상사고,0,0,2,0,차대차 - 측면충돌,직진우회전진행방해,건조,맑음,교차로 - 교차로안,화물,남,36세,경상,승용,여,63세,경상
2021051000100268,2021년 5월 10일 14시,월요일,제주특별자치도 제주시 한림읍,경상사고,0,0,1,2,차대차 - 정면충돌,안전운전불이행,건조,맑음,교차로 - 교차로부근,승용,남,31세,부상신고,승용,남,53세,부상신고
2021051000100269,2021년 5월 10일 14시,월요일,제주특별자치도 제주시 노형동,중상사고,0,1,0,0,차대사람 - 보도통행중,보행자보호의무위반,건조,맑음,단일로 - 기타,승용,남,48세,상해없음,보행자,여,25세,중상
2021051000100309,2021년 5월 10일 15시,월요일,제주특별자치도 서귀포시 성산읍,부상신고사고,0,0,0,1,차대차 - 기타,안전거리미확보,건조,맑음,단일로 - 기타,승용,여,61세,상해없음,원동기,여,28세,부상신고
2021051000100310,2021년 5월 10일 15시,월요일,제주특별자치도 서귀포시 성산읍,경상사고,0,0,2,0,차대차 - 추돌,안전거리미확보,건조,맑음,단일로 - 기타,승용,남,60세,상해없음,승용,여,43세,경상
2021051000100311,2021년 5월 10일 15시,월요일,제주특별자치도 서귀포시 서홍동,경상사고,0,0,1,0,차대차 - 측면충돌,교차로운행방법위반,건조,맑음,교차로 - 교차로안,승용,여,41세,기타불명,승용,여,24세,경상
2021051000100349,2021년 5월 10일 16시,월요일,제주특별자치도 서귀포시 토평동,중상사고,0,1,0,0,차대차 - 측면충돌,안전거리미확보,건조,맑음,단일로 - 기타,자전거,남,81세,중상,화물,남,63세,상해없음
2021051000100383,2021년 5월 10일 17시,월요일,제주특별자치도 제주시 오라일동,경상사고,0,0,2,0,차대차 - 기타,신호위반,건조,맑음,교차로 - 교차로부근,승용,남,63세,상해없음,승용,여,33세,경상