사고번호,사고일시,요일,시군구,사고내용,사망자수,중상자수,경상자수,부상신고자수,사고유형,법규위반,노면상태,기상상태,도로형태,가해운전자 차종,가해운전자 성별,가해운전자 연령,가해운전자 상해정도,피해운전자 차종,피해운전자 성별,피해운전자 연령,피해운전자 상해정도
2021051000100384,2021년 5월 10일 17시,월요일,제주특별자치도 제주시 용담일동,부상신고사고,0,0,0,1,차대차 - 기타,교차로운행방법위반,건조,맑음,교차로 - 교차로안,자전거,남,84세,부상신고,승합,남,59세,상해없음
2021051000100385,2021년 5월 10일 17시,월요일,제주특별자치도 제주시 해안동,경상사고,0,0,1,0,차대차 - 정면충돌,중앙선침범,건조,맑음,교차로 - 교차로부근,화물,남,59세,상해없음,자전거,남,29세,경상
2021051000100414,2021년 5월 10일 18시,월요일,제주특별자치도 서귀포시 남원읍,경상사고,0,0,2,0,차대차 - 기타,기타,건조,흐림,교차로 - 교차로안,승용,여,31세,경상,승용,남,63세,경상
2021051000100415,2021년 5월 10일 18시,월요일,제주특별자치도 제주시 노형동,경상사고,0,0,1,0,차대차 - 추돌,안전운전불이행,건조,맑음,단일로 - 기타,기타불명,남,42세,기타불명,승용,여,32세,경상
2021051000100546,2021년 5월 10일 22시,월요일,제주특별자치도 서귀포시 중문동,중상사고,0,1,0,0,차대차 - 기타,직진우회전진행방해,건조,기타,교차로 - 교차로안,승용,남,26세,상해없음,이륜,남,27세,중상
2021051100100022,2021년 5월 11일 02시,화요일,제주특별자치도 제주시 이도이동,경상사고,0,0,1,0,차대차 - 추돌,안전운전불이행,건조,맑음,단일로 - 기타,승용,남,24세,상해없음,승용,여,43세,경상
2021051100100128,2021년 5월 11일 08시,화요일,제주특별자치도 서귀포시 대정읍,부상신고사고,0,0,0,2,차대차 - 정면충돌,교차로운행방법위반,건조,맑음,교차로 - 교차로안,승용,여,50세,부상신고,화물,남,56세,부상신고
2021051100100230,2021년 5월 11일 11시,화요일,제주특별자치도 제주시 애월읍,중상사고,0,1,0,0,차대차 - 기타,직진우회전진행방해,건조,맑음,교차로 - 교차로안,승용,남,51세,상해없음,이륜,남,61세,중상
2021051100100264,2021년 5월 11일 12시,화요일,제주특별자치도 제주시 한림읍,경상사고,0,0,1,0,차대차 - 기타,직진우회전진행방해,건조,맑음,교차로 - 교차로안,승용,여,67세,상해없음,이륜,남,21세,경상
2021051100100308,2021년 5월 11일 13시,화요일,제주특별자치도 제주시 이도이동,경상사고,0,0,1,0,차대차 - 후진중충돌,안전운전불이행,건조,맑음,교차로 - 교차로안,화물,남,73세,상해없음,승용,여,33세,경상
2021051100100309,2021년 5월 11일 13시,화요일,제주특별자치도 제주시 용담이동,경상사고,0,0,1,0,차대차 - 기타,직진우회전진행방해,건조,맑음,교차로 - 교차로안,화물,남,37세,상해없음,승용,남,57세,상해없음
2021051100100310,2021년 5월 11일 13시,화요일,제주특별자치도 제주시 노형동,경상사고,0,0,2,0,차대차 - 측면충돌,안전거리미확보,건조,맑음,단일로 - 기타,승용,여,55세,경상,승용,남,36세,경상
2021051100100348,2021년 5월 11일 14시,화요일,제주특별자치도 제주시 애월읍,중상사고,0,1,0,0,차대차 - 기타,직진우회전진행방해,건조,맑음,교차로 - 교차로안,승용,여,54세,상해없음,승용,여,70세,중상
2021051100100349,2021년 5월 11일 14시,화요일,제주특별자치도 제주시 애월읍,중상사고,0,2,0,0,차량단독 - 공작물충돌,안전운전불이행,건조,맑음,단일로 - 기타,승용,여,64세,중상,,,,
2021051100100387,2021년 5월 11일 15시,화요일,제주특별자치도 제주시 오라이동,경상사고,0,0,1,0,차대차 - 추돌,안전운전불이행,건조,맑음,교차로 - 교차로부근,특수,남,58세,상해없음,승용,여,52세,경상
2021051100100388,2021년 5월 11일 15시,화요일,제주특별자치도 제주시 이도일동,경상사고,0,0,2,0,차대차 - 기타,안전거리미확보,건조,맑음,교차로 - 교차로부근,승합,남,40세,상해없음,승용,남,29세,경상
2021051100100429,2021년 5월 11일 16시,화요일,제주특별자치도 제주시 이도이동,중상사고,0,1,0,0,차대차 - 기타,신호위반,건조,기타,교차로 - 교차로안,이륜,남,29세,상해없음,이륜,남,57세,중상
2021051100100430,2021년 5월 11일 16시,화요일,제주특별자치도 제주시 노형동,경상사고,0,0,1,1,차대차 - 측면충돌,안전운전불이행,건조,맑음,단일로 - 기타,승용,여,54세,부상신고,승용,남,55세,경상
2021051100100470,2021년 5월 11일 17시,화요일,제주특별자치도 제주시 애월읍,경상사고,0,0,5,0,차대차 - 추돌,안전거리미확보,젖음/습기,비,교차로 - 교차로안,승용,여,50세,상해없음,승용,여,44세,경상
2021051100100513,2021년 5월 11일 18시,화요일,제주특별자치도 제주시 연동,경상사고,0,0,1,0,차대차 - 측면충돌,기타,젖음/습기,비,단일로 - 기타,승용,남,58세,상해없음,이륜,남,43세,경상
2021051100100551,2021년 5월 11일 19시,화요일,제주특별자치도 서귀포시 서귀동,중상사고,0,1,0,0,차대사람 - 차도통행중,안전운전불이행,젖음/습기,기타,단일로 - 기타,승용,여,21세,상해없음,보행자,여,78세,중상
2021051100100552,2021년 5월 11일 19시,화요일,제주특별자치도 제주시 외도이동,중상사고,0,1,1,0,차대차 - 기타,안전거리미확보,젖음/습기,비,단일로 - 기타,승용,여,49세,상해없음,승용,남,28세,중상
2021051100100636,2021년 5월 11일 22시,화요일,제주특별자치도 서귀포시 서호동,경상사고,0,0,2,0,차대차 - 추돌,안전운전불이행,젖음/습기,비,교차로 - 교차로부근,승용,남,33세,상해없음,승용,남,33세,경상
2021051200100013,2021년 5월 12일 01시,수요일,제주특별자치도 제주시 연동,경상사고,0,0,1,0,차대사람 - 기타,안전운전불이행,건조,흐림,단일로 - 기타,승용,남,21세,상해없음,보행자,남,27세,경상
2021051200100088,2021년 5월 12일 08시,수요일,제주특별자치도 서귀포시 서호동,중상사고,0,1,0,0,차대사람 - 횡단중,보행자보호의무위반,건조,맑음,교차로 - 교차로횡단보도내,승용,여,46세,상해없음,보행자,여,38세,중상
2021051200100089,2021년 5월 12일 08시,수요일,제주특별자치도 제주시 한림읍,경상사고,0,0,1,0,차대차 - 기타,직진우회전진행방해,건조,맑음,교차로 - 교차로안,승용,남,28세,경상,승용,남,42세,상해없음
2021051200100090,2021년 5월 12일 08시,수요일,제주특별자치도 제주시 연동,경상사고,0,0,1,0,차대차 - 기타,직진우회전진행방해,건조,맑음,교차로 - 교차로안,승용,남,41세,상해없음,승용,남,32세,경상
2021051200100223,2021년 5월 12일 12시,수요일,제주특별자치도 제주시 아라일동,중상사고,0,1,0,0,차대차 - 측면충돌,안전운전불이행,건조,맑음,교차로 - 교차로안,승용,여,26세,상해없음,승용,여,51세,중상
2021051200100295,2021년 5월 12일 14시,수요일,제주특별자치도 제주시 구좌읍,부상신고사고,0,0,0,1,차량단독 - 기타,안전운전불이행,건조,맑음,단일로 - 기타,이륜,남,41세,부상신고,,,,
2021051200100296,2021년 5월 12일 14시,수요일,제주특별자치도 서귀포시 서홍동,부상신고사고,0,0,0,1,차량단독 - 기타,안전운전불이행,건조,맑음,단일로 - 기타,이륜,남,20세,상해없음,,,,
2021051200100297,2021년 5월 12일 14시,수요일,제주특별자치도 서귀포시 법환동,경상사고,0,0,4,0,차대차 - 측면충돌,안전운전불이행,건조,맑음,단일로 - 기타,승용,여,47세,경상,승용,남,58세,경상
2021051200100329,2021년 5월 12일 15시,수요일,제주특별자치도 제주시 용담일동,경상사고,0,0,2,0,차대차 - 측면충돌,안전거리미확보,건조,맑음,단일로 - 기타,승용,여,21세,상해없음,승용,여,74세,경상
2021051200100330,2021년 5월 12일 15시,수요일,제주특별자치도 제주시 이도일동,경상사고,0,0,1,0,차대차 - 측면충돌,안전운전불이행,건조,맑음,단일로 - 기타,승용,남,34세,상해없음,승용,남,65세,경상
2021051200100331,2021년 5월 12일 15시,수요일,제주특별자치도 서귀포시 중문동,경상사고,0,0,1,0,차대사람 - 횡단중,보행자보호의무위반,건조,맑음,단일로 - 기타,승용,여,23세,상해없음,보행자,여,35세,경상
2021051200100332,2021년 5월 12일 15시,수요일,제주특별자치도 제주시 한경면,경상사고,0,0,1,0,차대차 - 추돌,안전운전불이행,건조,맑음,단일로 - 기타,승합,남,65세,기타불명,화물,남,41세,경상
2021051200100382,2021년 5월 12일 16시,수요일,제주특별자치도 서귀포시 안덕면,부상신고사고,0,0,0,1,차대차 - 측면충돌,차로위반,건조,맑음,단일로 - 기타,이륜,남,19세,부상신고,승용,여,27세,상해없음
2021051200100383,2021년 5월 12일 16시,수요일,제주특별자치도 제주시 애월읍,경상사고,0,0,3,0,차대차 - 측면충돌,직진우회전진행방해,건조,맑음,교차로 - 교차로안,승용,여,50세,상해없음,승용,여,22세,경상
2021051200100384,2021년 5월 12일 16시,수요일,제주특별자치도 제주시 애월읍,중상사고,0,1,0,0,차량단독 - 도로외이탈 - 추락,안전운전불이행,건조,맑음,단일로 - 기타,이륜,남,24세,중상,,,,
2021051200100490,2021년 5월 12일 18시,수요일,제주특별자치도 제주시 애월읍,경상사고,0,0,3,0,차대차 - 정면충돌,중앙선침범,건조,맑음,단일로 - 기타,승용,여,24세,상해없음,승용,남,29세,경상
2021051300100143,2021년 5월 13일 09시,목요일,제주특별자치도 서귀포시 동홍동,중상사고,0,1,1,0,차대차 - 기타,신호위반,건조,맑음,교차로 - 교차로안,승용,여,36세,중상,승용,여,64세,경상
2021051300100144,2021년 5월 13일 09시,목요일,제주특별자치도 서귀포시 서귀동,경상사고,0,0,1,0,차대차 - 측면충돌,안전운전불이행,건조,맑음,교차로 - 교차로부근,화물,여,65세,상해없음,승용,여,34세,경상
2021051300100177,2021년 5월 13일 10시,목요일,제주특별자치도 서귀포시 남원읍,경상사고,0,0,4,0,차대차 - 기타,안전거리미확보,건조,맑음,단일로 - 기타,승용,여,49세,상해없음,승용,남,57세,상해없음
2021051300100236,2021년 5월 13일 12시,목요일,제주특별자치도 제주시 이도이동,경상사고,0,0,2,0,차대차 - 측면충돌,교차로운행방법위반,건조,맑음,교차로 - 교차로안,승용,여,24세,상해없음,승용,여,36세,경상
2021051300100276,2021년 5월 13일 13시,목요일,제주특별자치도 제주시 용담일동,경상사고,0,0,1,0,차대사람 - 기타,안전운전불이행,건조,맑음,단일로 - 기타,승용,남,49세,상해없음,보행자,남,51세,경상
2021051300100356,2021년 5월 13일 15시,목요일,제주특별자치도 제주시 노형동,경상사고,0,0,1,0,차대차 - 기타,안전운전불이행,건조,맑음,교차로 - 교차로안,승용,여,23세,상해없음,승용,여,50세,경상
2021051300100393,2021년 5월 13일 16시,목요일,제주특별자치도 제주시 애월읍,경상사고,0,0,1,1,차대차 - 추돌,안전거리미확보,건조,맑음,단일로 - 기타,승용,여,50세,상해없음,승용,여,53세,경상
2021051300100492,2021년 5월 13일 18시,목요일,제주특별자치도 서귀포시 법환동,경상사고,0,0,2,0,차대차 - 측면충돌,안전운전불이행,건조,맑음,주차장 - 주차장,승용,여,31세,상해없음,승용,남,41세,경상
2021051400100160,2021년 5월 14일 09시,금요일,제주특별자치도 제주시 오라일동,경상사고,0,0,1,0,차대차 - 추돌,안전거리미확보,건조,맑음,교차로 - 교차로부근,화물,남,34세,기타불명,승용,남,58세,경상
2021051400100186,2021년 5월 14일 10시,금요일,제주특별자치도 제주시 용담이동,중상사고,0,1,0,0,차대차 - 측면충돌,안전운전불이행,건조,맑음,단일로 - 기타,승용,남,25세,상해없음,자전거,여,55세,중상
2021051400100218,2021년 5월 14일 11시,금요일,제주특별자치도 서귀포시 표선면,중상사고,0,1,0,0,차대차 - 추돌,안전운전불이행,건조,맑음,교차로 - 교차로부근,이륜,남,81세,중상,승용,남,43세,상해없음
2021051400100219,2021년 5월 14일 11시,금요일,제주특별자치도 서귀포시 남원읍,경상사고,0,0,1,0,차대차 - 측면충돌,중앙선침범,건조,맑음,단일로 - 기타,승합,남,75세,상해없음,승용,남,33세,경상
2021051400100251,2021년 5월 14일 12시,금요일,제주특별자치도 서귀포시 대정읍,경상사고,0,0,1,0,차대차 - 측면충돌,안전운전불이행,건조,맑음,단일로 - 기타,승용,남,87세,상해없음,승용,남,59세,경상
2021051400100285,2021년 5월 14일 13시,금요일,제주특별자치도 제주시 노형동,경상사고,0,0,1,0,차대차 - 추돌,안전거리미확보,건조,맑음,단일로 - 기타,승용,남,35세,상해없음,승용,남,60세,경상
2021051400100324,2021년 5월 14일 14시,금요일,제주특별자치도 서귀포시 대정읍,경상사고,0,0,1,0,차대차 - 기타,직진우회전진행방해,건조,맑음,교차로 - 교차로안,이륜,남,86세,경상,승용,남,45세,상해없음
2021051400100431,2021년 5월 14일 16시,금요일,제주특별자치도 제주시 도련이동,경상사고,0,0,2,0,차대차 - 측면충돌,안전거리미확보,건조,맑음,단일로 - 기타,승용,여,33세,상해없음,승용,남,25세,경상
2021051400100499,2021년 5월 14일 17시,금요일,제주특별자치도 서귀포시 서귀동,경상사고,0,0,1,0,차대사람 - 기타,안전운전불이행,건조,맑음,단일로 - 기타,승용,여,26세,상해없음,보행자,남,68세,경상
2021051400100500,2021년 5월 14일 17시,금요일,제주특별자치도 서귀포시 서귀동,부상신고사고,0,0,0,1,차대차 - 측면충돌,안전운전불이행,건조,맑음,단일로 - 기타,승용,남,51세,부상신고,승용,남,55세,상해없음
2021051400100592,2021년 5월 14일 19시,금요일,제주특별자치도 제주시 애월읍,경상사고,0,0,1,0,차대차 - 추돌,안전운전불이행,건조,맑음,단일로 - 기타,승용,남,27세,상해없음,승용,남,41세,경상
2021051500100022,2021년 5월 15일 01시,토요일,제주특별자치도 서귀포시 안덕면,중상사고,0,2,5,0,차대차 - 측면충돌,신호위반,건조,맑음,교차로 - 교차로안,승용,남,36세,중상,승용,남,57세,경상
2021051500100095,2021년 5월 15일 08시,토요일,제주특별자치도 제주시 용담이동,경상사고,0,0,1,0,차대차 - 측면충돌,안전운전불이행,건조,맑음,단일로 - 기타,승용,남,60세,상해없음,승용,남,48세,상해없음
2021051500100116,2021년 5월 15일 09시,토요일,제주특별자치도 서귀포시 남원읍,부상신고사고,0,0,0,1,차량단독 - 공작물충돌,안전운전불이행,젖음/습기,기타,단일로 - 기타,승용,여,41세,부상신고,,,,
2021051500100145,2021년 5월 15일 10시,토요일,제주특별자치도 서귀포시 안덕면,중상사고,0,1,0,0,차대사람 - 기타,보행자보호의무위반,건조,흐림,기타 - 기타,승용,남,28세,상해없음,보행자,여,15세,중상
2021051500100217,2021년 5월 15일 12시,토요일,제주특별자치도 서귀포시 대정읍,중상사고,0,1,1,1,차대차 - 기타,불법유턴,건조,맑음,기타 - 기타,승용,여,47세,상해없음,승용,남,49세,중상
2021051500100218,2021년 5월 15일 12시,토요일,제주특별자치도 서귀포시 신효동,중상사고,0,1,5,0,차대차 - 측면충돌,안전거리미확보,건조,맑음,교차로 - 교차로안,화물,남,66세,경상,승용,여,30세,경상
2021051500100303,2021년 5월 15일 14시,토요일,제주특별자치도 서귀포시 대정읍,부상신고사고,0,0,0,1,차량단독 - 기타,안전운전불이행,건조,맑음,단일로 - 기타,승용,남,42세,상해없음,,,,
2021051500100376,2021년 5월 15일 16시,토요일,제주특별자치도 서귀포시 표선면,중상사고,0,1,2,0,차대차 - 측면충돌,직진우회전진행방해,건조,맑음,교차로 - 교차로안,승용,남,46세,경상,승용,남,51세,경상
2021051500100410,2021년 5월 15일 17시,토요일,제주특별자치도 제주시 애월읍,경상사고,0,0,1,0,차대차 - 측면충돌,안전운전불이행,건조,맑음,교차로 - 교차로안,이륜,남,39세,경상,승용,남,39세,상해없음
2021051500100411,2021년 5월 15일 17시,토요일,제주특별자치도 제주시 연동,경상사고,0,0,1,0,차대차 - 추돌,안전운전불이행,건조,맑음,단일로 - 기타,승용,남,58세,상해없음,승용,여,63세,경상
2021051500100412,2021년 5월 15일 17시,토요일,제주특별자치도 제주시 연동,중상사고,0,1,0,0,차대사람 - 기타,안전운전불이행,건조,맑음,단일로 - 기타,승용,남,58세,상해없음,보행자,여,54세,중상
2021051500100451,2021년 5월 15일 18시,토요일,제주특별자치도 제주시 오라일동,경상사고,0,0,1,0,차대사람 - 보도통행중,기타,건조,맑음,단일로 - 기타,승용,남,74세,상해없음,보행자,남,79세,경상
2021051500100525,2021년 5월 15일 20시,토요일,제주특별자치도 제주시 도남동,중상사고,0,1,0,0,차대차 - 측면충돌,기타,건조,흐림,단일로 - 기타,승용,남,35세,상해없음,승용,여,26세,상해없음
2021051500100526,2021년 5월 15일 20시,토요일,제주특별자치도 제주시 한림읍,중상사고,0,2,0,0,차량단독 - 공작물충돌,안전운전불이행,건조,맑음,단일로 - 기타,승용,남,37세,중상,,,,
2021051600100012,2021년 5월 16일 00시,일요일,제주특별자치도 제주시 삼도이동,경상사고,0,0,1,0,차대차 - 측면충돌,안전운전불이행,건조,맑음,교차로 - 교차로안,화물,남,62세,상해없음,승용,남,57세,경상
2021051600100033,2021년 5월 16일 01시,일요일,제주특별자치도 서귀포시 호근동,경상사고,0,0,3,0,차대차 - 추돌,안전운전불이행,젖음/습기,비,단일로 - 기타,승합,남,55세,상해없음,화물,남,40세,경상
2021051600100096,2021년 5월 16일 09시,일요일,제주특별자치도 제주시 봉개동,경상사고,0,0,1,0,차대차 - 정면충돌,안전운전불이행,건조,맑음,교차로 - 교차로부근,승용,남,47세,상해없음,승용,남,57세,상해없음
2021051600100244,2021년 5월 16일 15시,일요일,제주특별자치도 제주시 외도일동,중상사고,0,1,1,0,차대차 - 측면충돌,안전운전불이행,건조,맑음,교차로 - 교차로안,승용,여,26세,상해없음,이륜,남,50세,중상
2021051600100319,2021년 5월 16일 18시,일요일,제주특별자치도 제주시 오라이동,경상사고,0,0,1,0,차대차 - 기타,안전운전불이행,젖음/습기,맑음,단일로 - 기타,화물,남,62세,상해없음,이륜,남,37세,경상
2021051600100412,2021년 5월 16일 21시,일요일,제주특별자치도 제주시 일도이동,경상사고,0,0,1,0,차대사람 - 차도통행중,안전운전불이행,건조,맑음,교차로 - 교차로안,이륜,남,33세,상해없음,보행자,여,57세,경상
2021051700100176,2021년 5월 17일 11시,월요일,제주특별자치도 제주시 오등동,중상사고,0,1,0,0,차대사람 - 길가장자리구역통행중,안전운전불이행,젖음/습기,비,단일로 - 기타,승용,남,27세,기타불명,보행자,남,31세,중상
2021051700100177,2021년 5월 17일 11시,월요일,제주특별자치도 서귀포시 안덕면,중상사고,0,1,0,0,차대사람 - 횡단중,보행자보호의무위반,건조,맑음,단일로 - 기타,화물,남,50세,상해없음,보행자,여,85세,중상
2021051700100203,2021년 5월 17일 12시,월요일,제주특별자치도 제주시 노형동,사망사고,1,0,0,0,차대차 - 정면충돌,신호위반,건조,맑음,교차로 - 교차로안,이륜,남,43세,사망,승용,남,62세,상해없음
2021051700100204,2021년 5월 17일 12시,월요일,제주특별자치도 제주시 노형동,부상신고사고,0,0,0,1,차대차 - 측면충돌,안전거리미확보,건조,맑음,단일로 - 기타,승합,남,56세,상해없음,승용,남,19세,부상신고
2021051700100261,2021년 5월 17일 14시,월요일,제주특별자치도 제주시 도련일동,경상사고,0,0,1,0,차대사람 - 기타,안전운전불이행,건조,맑음,단일로 - 기타,승합,남,47세,상해없음,보행자,여,60세,경상
2021051700100295,2021년 5월 17일 15시,월요일,제주특별자치도 서귀포시 대정읍,부상신고사고,0,0,0,1,차량단독 - 공작물충돌,안전운전불이행,건조,맑음,교차로 - 교차로안,승용,여,56세,부상신고,,,,
2021051700100365,2021년 5월 17일 17시,월요일,제주특별자치도 서귀포시 강정동,중상사고,0,1,2,0,차대차 - 추돌,안전운전불이행,건조,맑음,교차로 - 교차로부근,승용,여,43세,상해없음,승용,여,28세,경상
2021051800100062,2021년 5월 18일 07시,화요일,제주특별자치도 제주시 애월읍,사망사고,1,0,0,0,차대차 - 기타,기타,건조,맑음,단일로 - 기타,승용,남,41세,상해없음,자전거,여,62세,사망
2021051800100088,2021년 5월 18일 08시,화요일,제주특별자치도 제주시 오등동,중상사고,0,1,0,0,차대사람 - 기타,안전운전불이행,건조,맑음,단일로 - 기타,승용,남,19세,상해없음,보행자,여,9세,중상
2021051800100196,2021년 5월 18일 12시,화요일,제주특별자치도 서귀포시 성산읍,경상사고,0,0,1,0,차대차 - 기타,안전운전불이행,건조,맑음,단일로 - 기타,승용,남,30세,상해없음,농기계,남,50세,경상
2021051800100197,2021년 5월 18일 12시,화요일,제주특별자치도 제주시 애월읍,중상사고,0,2,1,0,차대차 - 기타,안전운전불이행,건조,맑음,단일로 - 기타,승용,남,27세,상해없음,승용,남,66세,중상
2021051800100198,2021년 5월 18일 12시,화요일,제주특별자치도 제주시 한림읍,경상사고,0,0,1,0,차대차 - 측면충돌,기타,건조,맑음,단일로 - 기타,승용,남,80세,기타불명,승용,여,45세,경상
2021051800100230,2021년 5월 18일 13시,화요일,제주특별자치도 제주시 오라이동,경상사고,0,0,1,0,차대차 - 추돌,안전운전불이행,건조,맑음,단일로 - 기타,화물,남,30세,상해없음,승용,여,40세,경상
2021051800100271,2021년 5월 18일 14시,화요일,제주특별자치도 제주시 도두일동,경상사고,0,0,2,0,차대차 - 후진중충돌,안전운전불이행,건조,맑음,단일로 - 기타,승용,여,23세,상해없음,승용,남,29세,경상
2021051800100360,2021년 5월 18일 16시,화요일,제주특별자치도 서귀포시 대정읍,중상사고,0,1,0,1,차대차 - 기타,안전운전불이행,건조,맑음,단일로 - 기타,승용,여,55세,부상신고,승용,남,59세,상해없음
2021051800100406,2021년 5월 18일 17시,화요일,제주특별자치도 제주시 조천읍,중상사고,0,1,3,0,차대차 - 정면충돌,중앙선침범,건조,맑음,단일로 - 기타,이륜,남,25세,중상,승용,남,57세,경상
2021051800100450,2021년 5월 18일 18시,화요일,제주특별자치도 제주시 삼도일동,중상사고,0,1,0,0,차대차 - 측면충돌,직진우회전진행방해,건조,맑음,교차로 - 교차로안,승용,여,66세,기타불명,승용,여,40세,중상
2021051800100528,2021년 5월 18일 20시,화요일,제주특별자치도 서귀포시 성산읍,경상사고,0,0,4,0,차대차 - 측면충돌,직진우회전진행방해,건조,맑음,교차로 - 교차로안,승용,여,56세,상해없음,승용,여,29세,경상
2021051800100529,2021년 5월 18일 20시,화요일,제주특별자치도 제주시 연동,경상사고,0,0,1,0,차대차 - 기타,신호위반,건조,맑음,교차로 - 교차로부근,승용,여,34세,경상,화물,남,42세,상해없음
2021051900100021,2021년 5월 19일 01시,수요일,제주특별자치도 제주시 일도이동,경상사고,0,0,2,0,차대차 - 측면충돌,안전거리미확보,건조,맑음,단일로 - 기타,화물,남,62세,상해없음,승용,남,55세,경상
2021051900100022,2021년 5월 19일 01시,수요일,제주특별자치도 제주시 한림읍,사망사고,1,0,0,0,차량단독 - 공작물충돌,안전운전불이행,건조,맑음,단일로 - 기타,이륜,남,48세,사망,,,,
2021051900100029,2021년 5월 19일 02시,수요일,제주특별자치도 제주시 도남동,경상사고,0,0,2,0,차대차 - 추돌,안전운전불이행,건조,흐림,교차로 - 교차로부근,승용,남,47세,상해없음,승용,남,22세,경상
2021051900100216,2021년 5월 19일 12시,수요일,제주특별자치도 제주시 용담이동,경상사고,0,0,2,0,차대차 - 기타,직진우회전진행방해,건조,맑음,교차로 - 교차로안,승용,남,64세,상해없음,승용,여,37세,경상
2021051900100399,2021년 5월 19일 17시,수요일,제주특별자치도 제주시 이도이동,경상사고,0,0,1,0,차대사람 - 횡단중,보행자보호의무위반,건조,맑음,교차로 - 교차로부근,승용,남,61세,상해없음,보행자,여,9세,경상
2021051900100462,2021년 5월 19일 19시,수요일,제주특별자치도 제주시 이도일동,중상사고,0,1,0,0,차대사람 - 기타,보행자보호의무위반,건조,맑음,단일로 - 기타,승용,남,48세,상해없음,보행자,여,75세,중상
2021051900100463,2021년 5월 19일 19시,수요일,제주특별자치도 서귀포시 대포동,중상사고,0,1,0,0,차대차 - 기타,안전거리미확보,건조,맑음,교차로 - 교차로안,이륜,남,42세,중상,승용,남,29세,상해없음
2021052000100080,2021년 5월 20일 08시,목요일,제주특별자치도 서귀포시 색달동,경상사고,0,0,3,0,차대차 - 추돌,신호위반,건조,맑음,교차로 - 교차로부근,승용,남,54세,경상,승용,남,39세,경상
2021052000100157,2021년 5월 20일 11시,목요일,제주특별자치도 제주시 오등동,경상사고,0,0,1,0,차대차 - 기타,직진우회전진행방해,젖음/습기,흐림,교차로 - 교차로부근,화물,남,26세,상해없음,이륜,남,47세,경상
2021052000100187,2021년 5월 20일 12시,목요일,제주특별자치도 제주시 애월읍,경상사고,0,0,1,0,차대차 - 추돌,안전운전불이행,건조,맑음,단일로 - 기타,승용,남,29세,상해없음,승용,남,46세,경상
2021052000100225,2021년 5월 20일 13시,목요일,제주특별자치도 제주시 삼도일동,경상사고,0,0,1,0,차대차 - 측면충돌,안전거리미확보,건조,맑음,단일로 - 기타,승용,여,58세,경상,화물,남,42세,상해없음
2021052000100257,2021년 5월 20일 14시,목요일,제주특별자치도 제주시 일도이동,경상사고,0,0,1,0,차대차 - 기타,안전거리미확보,건조,맑음,단일로 - 기타,승용,여,58세,상해없음,승용,남,42세,경상
2021052000100284,2021년 5월 20일 15시,목요일,제주특별자치도 서귀포시 호근동,중상사고,0,3,1,0,차대차 - 기타,중앙선침범,건조,흐림,교차로 - 교차로안,승용,남,24세,경상,화물,남,59세,중상
2021052000100285,2021년 5월 20일 15시,목요일,제주특별자치도 서귀포시 남원읍,경상사고,0,0,3,0,차대차 - 추돌,안전운전불이행,건조,맑음,단일로 - 기타,승용,여,43세,상해없음,승용,여,39세,경상
2021052000100308,2021년 5월 20일 16시,목요일,제주특별자치도 제주시 연동,경상사고,0,0,1,0,차대차 - 측면충돌,직진우회전진행방해,건조,맑음,교차로 - 교차로안,승용,남,52세,상해없음,승용,남,38세,경상
2021052000100386,2021년 5월 20일 18시,목요일,제주특별자치도 서귀포시 남원읍,경상사고,0,0,2,0,차대차 - 추돌,안전거리미확보,건조,맑음,단일로 - 기타,승용,남,30세,상해없음,화물,남,58세,경상
2021052000100387,2021년 5월 20일 18시,목요일,제주특별자치도 서귀포시 토평동,경상사고,0,0,1,0,차대차 - 기타,중앙선침범,건조,맑음,단일로 - 기타,승용,남,81세,상해없음,승용,남,27세,경상
2021052000100388,2021년 5월 20일 18시,목요일,제주특별자치도 제주시 연동,중상사고,0,1,5,1,차대차 - 측면충돌,안전운전불이행,젖음/습기,비,단일로 - 기타,승용,여,40세,부상신고,승용,남,47세,경상
2021052000100431,2021년 5월 20일 19시,목요일,제주특별자치도 서귀포시 표선면,중상사고,0,1,0,0,차대차 - 기타,안전운전불이행,건조,맑음,단일로 - 기타,이륜,남,51세,중상,승용,여,56세,상해없음
2021052100100087,2021년 5월 21일 08시,금요일,제주특별자치도 제주시 화북일동,중상사고,0,1,0,0,차대차 - 측면충돌,안전운전불이행,건조,맑음,단일로 - 기타,승용,여,59세,상해없음,승용,남,57세,중상
2021052100100088,2021년 5월 21일 08시,금요일,제주특별자치도 제주시 한경면,경상사고,0,0,1,0,차대사람 - 보도통행중,보행자보호의무위반,건조,맑음,단일로 - 기타,승용,남,40세,상해없음,보행자,여,10세,경상
2021052100100172,2021년 5월 21일 11시,금요일,제주특별자치도 제주시 일도일동,경상사고,0,0,1,0,차대차 - 기타,중앙선침범,건조,맑음,단일로 - 기타,이륜,남,66세,경상,승용,남,30세,상해없음