사고번호,사고일시,요일,시군구,사고내용,사망자수,중상자수,경상자수,부상신고자수,사고유형,법규위반,노면상태,기상상태,도로형태,가해운전자 차종,가해운전자 성별,가해운전자 연령,가해운전자 상해정도,피해운전자 차종,피해운전자 성별,피해운전자 연령,피해운전자 상해정도
2021052900100439,2021년 5월 29일 18시,토요일,제주특별자치도 제주시 연동,경상사고,0,0,1,0,차대사람 - 차도통행중,안전운전불이행,건조,맑음,단일로 - 기타,승용,남,51세,상해없음,보행자,남,51세,경상
2021052900100475,2021년 5월 29일 19시,토요일,제주특별자치도 제주시 삼양이동,중상사고,0,1,1,0,차대차 - 기타,안전거리미확보,건조,맑음,단일로 - 기타,특수,남,50세,상해없음,이륜,남,25세,중상
2021052900100529,2021년 5월 29일 21시,토요일,제주특별자치도 제주시 이도이동,부상신고사고,0,0,0,1,차대차 - 측면충돌,안전운전불이행,건조,맑음,교차로 - 교차로부근,이륜,남,38세,부상신고,승용,남,32세,상해없음
2021052900100557,2021년 5월 29일 22시,토요일,제주특별자치도 제주시 화북일동,경상사고,0,0,2,0,차대차 - 측면충돌,안전운전불이행,건조,맑음,단일로 - 기타,승용,여,38세,상해없음,승용,남,48세,경상
2021053000100035,2021년 5월 30일 06시,일요일,제주특별자치도 서귀포시 도순동,경상사고,0,0,1,0,차대차 - 측면충돌,중앙선침범,건조,맑음,단일로 - 기타,승용,여,27세,상해없음,승합,남,51세,경상
2021053000100036,2021년 5월 30일 06시,일요일,제주특별자치도 제주시 연동,중상사고,0,1,0,0,차량단독 - 공작물충돌,안전운전불이행,건조,맑음,단일로 - 기타,개인형이동수단(PM),남,21세,중상,,,,
2021053000100364,2021년 5월 30일 18시,일요일,제주특별자치도 제주시 한림읍,사망사고,1,2,3,0,차대차 - 측면충돌,신호위반,건조,맑음,교차로 - 교차로안,승용,남,64세,경상,승합,남,55세,경상
2021053000100424,2021년 5월 30일 20시,일요일,제주특별자치도 제주시 노형동,경상사고,0,0,1,0,차대차 - 기타,신호위반,건조,맑음,교차로 - 교차로안,승용,여,34세,상해없음,이륜,남,39세,경상
2021053000100445,2021년 5월 30일 21시,일요일,제주특별자치도 제주시 일도이동,경상사고,0,0,4,0,차대차 - 측면충돌,신호위반,건조,흐림,교차로 - 교차로부근,승용,남,65세,상해없음,승용,남,51세,경상
2021053000100500,2021년 5월 30일 23시,일요일,제주특별자치도 제주시 삼도이동,중상사고,0,1,0,0,차량단독 - 기타,안전운전불이행,건조,맑음,기타 - 기타,이륜,남,35세,중상,,,,
2021053100100014,2021년 5월 31일 03시,월요일,제주특별자치도 서귀포시 서홍동,경상사고,0,0,1,0,차량단독 - 공작물충돌,안전운전불이행,건조,맑음,단일로 - 기타,승용,남,23세,경상,,,,
2021053100100079,2021년 5월 31일 08시,월요일,제주특별자치도 제주시 한림읍,경상사고,0,0,1,0,차대차 - 측면충돌,중앙선침범,건조,맑음,단일로 - 기타,화물,남,77세,상해없음,특수,남,44세,경상
2021053100100198,2021년 5월 31일 12시,월요일,제주특별자치도 제주시 조천읍,경상사고,0,0,2,0,차대사람 - 보도통행중,안전운전불이행,건조,맑음,단일로 - 기타,승용,여,40세,상해없음,보행자,여,54세,경상
2021053100100302,2021년 5월 31일 15시,월요일,제주특별자치도 제주시 애월읍,부상신고사고,0,0,0,2,차대차 - 측면충돌,직진우회전진행방해,건조,맑음,교차로 - 교차로안,승용,남,51세,부상신고,승용,남,43세,부상신고
2021053100100339,2021년 5월 31일 16시,월요일,제주특별자치도 제주시 구좌읍,부상신고사고,0,0,0,1,차량단독 - 기타,안전운전불이행,건조,맑음,단일로 - 기타,이륜,남,59세,부상신고,,,,
2021053100100386,2021년 5월 31일 17시,월요일,제주특별자치도 제주시 연동,중상사고,0,1,0,0,차대차 - 측면충돌,신호위반,건조,맑음,교차로 - 교차로안,화물,남,58세,상해없음,이륜,남,60세,중상
2021053100100530,2021년 5월 31일 22시,월요일,제주특별자치도 제주시 건입동,중상사고,0,1,0,0,차대사람 - 횡단중,안전운전불이행,건조,맑음,교차로 - 교차로안,이륜,남,33세,상해없음,보행자,여,56세,중상
2021060100100143,2021년 6월 1일 09시,화요일,제주특별자치도 제주시 아라이동,경상사고,0,0,1,0,차대차 - 측면충돌,직진우회전진행방해,건조,맑음,교차로 - 교차로안,화물,남,26세,상해없음,승용,여,41세,경상
2021060100100195,2021년 6월 1일 11시,화요일,제주특별자치도 서귀포시 성산읍,경상사고,0,0,2,0,차대차 - 측면충돌,중앙선침범,건조,기타,단일로 - 기타,승용,남,37세,상해없음,승용,남,30세,경상
2021060100100397,2021년 6월 1일 16시,화요일,제주특별자치도 제주시 연동,경상사고,0,0,1,0,차대차 - 기타,안전운전불이행,건조,맑음,교차로 - 교차로안,승용,남,66세,기타불명,승용,여,46세,경상
2021060100100444,2021년 6월 1일 17시,화요일,제주특별자치도 서귀포시 법환동,경상사고,0,0,1,0,차대차 - 기타,교차로운행방법위반,건조,맑음,교차로 - 교차로안,승용,여,43세,상해없음,화물,남,63세,경상
2021060100100445,2021년 6월 1일 17시,화요일,제주특별자치도 서귀포시 안덕면,중상사고,0,1,0,0,차대차 - 기타,안전운전불이행,건조,맑음,교차로 - 교차로안,승용,여,21세,상해없음,이륜,남,56세,중상
2021060100100446,2021년 6월 1일 17시,화요일,제주특별자치도 제주시 애월읍,경상사고,0,0,4,0,차대차 - 기타,안전운전불이행,건조,맑음,단일로 - 기타,승용,여,56세,상해없음,승용,남,39세,경상
2021060100100487,2021년 6월 1일 18시,화요일,제주특별자치도 제주시 연동,경상사고,0,0,2,0,차대차 - 측면충돌,교차로운행방법위반,건조,맑음,교차로 - 교차로안,승용,남,26세,경상,승용,여,48세,경상
2021060100100523,2021년 6월 1일 19시,화요일,제주특별자치도 서귀포시 색달동,중상사고,0,1,0,0,차대사람 - 길가장자리구역통행중,안전운전불이행,건조,맑음,단일로 - 지하차도(도로)내,승용,여,36세,상해없음,보행자,남,45세,중상
2021060100100524,2021년 6월 1일 19시,화요일,제주특별자치도 제주시 노형동,경상사고,0,0,1,0,차대차 - 측면충돌,안전운전불이행,건조,맑음,단일로 - 기타,승용,여,51세,상해없음,원동기,여,33세,경상
2021060200100040,2021년 6월 2일 06시,수요일,제주특별자치도 제주시 애월읍,부상신고사고,0,0,0,1,차대차 - 정면충돌,직진우회전진행방해,건조,맑음,교차로 - 교차로안,화물,남,45세,부상신고,승용,남,57세,상해없음
2021060200100099,2021년 6월 2일 08시,수요일,제주특별자치도 제주시 일도일동,중상사고,0,1,0,0,차대사람 - 기타,보행자보호의무위반,건조,맑음,미분류 - 미분류,승용,남,65세,상해없음,보행자,여,79세,중상
2021060200100129,2021년 6월 2일 09시,수요일,제주특별자치도 제주시 삼양이동,경상사고,0,0,2,0,차대차 - 기타,직진우회전진행방해,건조,맑음,교차로 - 교차로안,승용,여,56세,경상,승용,남,27세,경상
2021060200100130,2021년 6월 2일 09시,수요일,제주특별자치도 제주시 노형동,경상사고,0,0,1,0,차대차 - 기타,안전운전불이행,건조,맑음,교차로 - 교차로안,승용,남,69세,상해없음,승용,남,67세,경상
2021060200100165,2021년 6월 2일 10시,수요일,제주특별자치도 제주시 용담이동,경상사고,0,0,2,0,차대차 - 측면충돌,안전거리미확보,건조,맑음,단일로 - 기타,승용,남,63세,상해없음,승합,남,47세,경상
2021060200100200,2021년 6월 2일 11시,수요일,제주특별자치도 제주시 삼양일동,중상사고,0,1,0,0,차대차 - 측면충돌,기타,건조,맑음,기타 - 기타,이륜,남,62세,중상,화물,여,55세,상해없음
2021060200100201,2021년 6월 2일 11시,수요일,제주특별자치도 서귀포시 안덕면,경상사고,0,0,2,0,차대차 - 측면충돌,직진우회전진행방해,건조,맑음,교차로 - 교차로안,승용,여,47세,경상,승용,여,36세,경상
2021060200100261,2021년 6월 2일 13시,수요일,제주특별자치도 제주시 애월읍,경상사고,0,0,2,0,차대차 - 기타,안전거리미확보,건조,맑음,교차로 - 교차로부근,승용,남,36세,상해없음,승용,여,24세,경상
2021060200100337,2021년 6월 2일 15시,수요일,제주특별자치도 제주시 한경면,부상신고사고,0,0,0,1,차대차 - 측면충돌,직진우회전진행방해,건조,맑음,교차로 - 교차로안,승용,여,68세,부상신고,승용,여,26세,상해없음
2021060200100376,2021년 6월 2일 16시,수요일,제주특별자치도 서귀포시 동홍동,경상사고,0,0,2,0,차대차 - 기타,안전운전불이행,건조,맑음,교차로 - 교차로부근,승용,여,65세,상해없음,승용,여,60세,경상
2021060200100377,2021년 6월 2일 16시,수요일,제주특별자치도 제주시 한경면,부상신고사고,0,0,0,1,차대차 - 측면충돌,직진우회전진행방해,건조,맑음,교차로 - 교차로안,이륜,여,75세,부상신고,승합,여,58세,상해없음
2021060200100551,2021년 6월 2일 20시,수요일,제주특별자치도 서귀포시 동홍동,경상사고,0,0,1,0,차대차 - 기타,기타,건조,맑음,교차로 - 교차로안,이륜,남,23세,경상,승용,남,47세,상해없음
2021060200100626,2021년 6월 2일 23시,수요일,제주특별자치도 서귀포시 안덕면,중상사고,0,1,0,0,차량단독 - 공작물충돌,안전운전불이행,건조,맑음,단일로 - 기타,승용,남,30세,중상,,,,
2021060200100627,2021년 6월 2일 23시,수요일,제주특별자치도 서귀포시 서호동,경상사고,0,0,1,0,차대차 - 후진중충돌,안전운전불이행,건조,기타,단일로 - 기타,화물,남,52세,상해없음,승용,여,49세,경상
2021060300100022,2021년 6월 3일 02시,목요일,제주특별자치도 제주시 구좌읍,중상사고,0,1,0,0,차대사람 - 차도통행중,안전운전불이행,젖음/습기,비,단일로 - 기타,승용,남,50세,상해없음,보행자,남,47세,중상
2021060300100029,2021년 6월 3일 03시,목요일,제주특별자치도 제주시 애월읍,부상신고사고,0,0,0,1,차대차 - 추돌,안전거리미확보,건조,맑음,교차로 - 교차로안,이륜,남,22세,부상신고,승용,남,60세,상해없음
2021060300100077,2021년 6월 3일 07시,목요일,제주특별자치도 제주시 연동,중상사고,0,1,0,0,차대차 - 측면충돌,직진우회전진행방해,건조,맑음,교차로 - 교차로안,화물,여,61세,상해없음,이륜,남,41세,중상
2021060300100184,2021년 6월 3일 11시,목요일,제주특별자치도 제주시 이도이동,중상사고,0,1,1,0,차대차 - 추돌,안전운전불이행,건조,맑음,단일로 - 기타,승합,남,52세,상해없음,화물,남,60세,상해없음
2021060300100185,2021년 6월 3일 11시,목요일,제주특별자치도 제주시 한경면,경상사고,0,0,1,0,차대차 - 기타,신호위반,건조,맑음,단일로 - 기타,승용,여,56세,상해없음,승용,남,78세,상해없음
2021060300100221,2021년 6월 3일 12시,목요일,제주특별자치도 제주시 연동,경상사고,0,0,2,0,차대차 - 정면충돌,직진우회전진행방해,건조,맑음,교차로 - 교차로안,승용,여,30세,상해없음,승용,남,28세,경상
2021060300100252,2021년 6월 3일 13시,목요일,제주특별자치도 서귀포시 표선면,부상신고사고,0,0,0,1,차량단독 - 공작물충돌,안전운전불이행,건조,맑음,단일로 - 기타,승용,여,27세,부상신고,,,,
2021060300100282,2021년 6월 3일 14시,목요일,제주특별자치도 제주시 봉개동,경상사고,0,0,1,0,차대차 - 기타,안전운전불이행,건조,맑음,교차로 - 교차로부근,승용,여,28세,상해없음,화물,남,33세,경상
2021060300100309,2021년 6월 3일 15시,목요일,제주특별자치도 제주시 해안동,경상사고,0,0,3,0,차대차 - 추돌,안전거리미확보,건조,맑음,단일로 - 기타,승용,남,62세,상해없음,승용,남,41세,경상
2021060300100373,2021년 6월 3일 17시,목요일,제주특별자치도 서귀포시 서귀동,경상사고,0,0,3,0,차대차 - 측면충돌,직진우회전진행방해,건조,맑음,교차로 - 교차로안,승용,여,59세,경상,승용,남,53세,상해없음
2021060300100374,2021년 6월 3일 17시,목요일,제주특별자치도 제주시 외도일동,부상신고사고,0,0,0,1,차대차 - 정면충돌,직진우회전진행방해,건조,맑음,교차로 - 교차로안,승용,남,49세,상해없음,이륜,남,41세,부상신고
2021060300100421,2021년 6월 3일 18시,목요일,제주특별자치도 서귀포시 토평동,경상사고,0,0,1,0,차대차 - 측면충돌,안전운전불이행,건조,맑음,교차로 - 교차로안,승용,남,28세,상해없음,승용,여,62세,경상
2021060300100512,2021년 6월 3일 20시,목요일,제주특별자치도 제주시 한림읍,중상사고,0,1,0,0,차대차 - 기타,안전운전불이행,건조,맑음,교차로 - 교차로안,승용,여,48세,상해없음,화물,여,48세,중상
2021060300100557,2021년 6월 3일 21시,목요일,제주특별자치도 제주시 조천읍,경상사고,0,0,2,0,차대차 - 측면충돌,신호위반,건조,맑음,교차로 - 교차로안,승용,남,20세,상해없음,승용,남,31세,경상
2021060300100558,2021년 6월 3일 21시,목요일,제주특별자치도 제주시 용담일동,경상사고,0,0,1,0,차대사람 - 횡단중,안전운전불이행,젖음/습기,비,단일로 - 기타,승용,남,31세,상해없음,보행자,남,38세,경상
2021060300100559,2021년 6월 3일 21시,목요일,제주특별자치도 제주시 일도이동,경상사고,0,0,1,0,차대차 - 측면충돌,안전운전불이행,건조,맑음,단일로 - 기타,이륜,남,36세,경상,승용,남,30세,상해없음
2021060300100560,2021년 6월 3일 21시,목요일,제주특별자치도 서귀포시 대정읍,경상사고,0,0,1,0,차대차 - 기타,안전운전불이행,젖음/습기,흐림,교차로 - 교차로안,승용,남,57세,상해없음,이륜,남,40세,경상
2021060300100561,2021년 6월 3일 21시,목요일,제주특별자치도 제주시 노형동,중상사고,0,1,0,0,차대차 - 기타,안전운전불이행,젖음/습기,비,교차로 - 교차로횡단보도내,승합,남,64세,기타불명,자전거,남,10세,중상
2021060300100562,2021년 6월 3일 21시,목요일,제주특별자치도 제주시 연동,경상사고,0,0,1,0,차대차 - 기타,안전거리미확보,젖음/습기,비,단일로 - 기타,승용,여,32세,상해없음,이륜,남,42세,경상
2021060400100172,2021년 6월 4일 10시,금요일,제주특별자치도 제주시 노형동,부상신고사고,0,0,0,3,차대차 - 측면충돌,안전거리미확보,건조,맑음,단일로 - 기타,승용,남,52세,부상신고,승용,여,41세,부상신고
2021060400100207,2021년 6월 4일 11시,금요일,제주특별자치도 제주시 연동,경상사고,0,0,1,0,차대차 - 기타,중앙선침범,건조,맑음,교차로 - 교차로안,자전거,여,48세,경상,승용,남,60세,상해없음
2021060400100366,2021년 6월 4일 15시,금요일,제주특별자치도 제주시 해안동,경상사고,0,0,1,0,차량단독 - 공작물충돌,안전운전불이행,건조,맑음,단일로 - 기타,승용,여,25세,경상,,,,
2021060400100367,2021년 6월 4일 15시,금요일,제주특별자치도 제주시 애월읍,경상사고,0,0,1,0,차대차 - 기타,신호위반,건조,맑음,단일로 - 기타,승용,여,26세,상해없음,이륜,남,21세,경상
2021060400100412,2021년 6월 4일 16시,금요일,제주특별자치도 제주시 화북일동,경상사고,0,0,1,0,차대차 - 측면충돌,직진우회전진행방해,건조,맑음,교차로 - 교차로안,승용,여,44세,상해없음,이륜,남,22세,경상
2021060400100476,2021년 6월 4일 17시,금요일,제주특별자치도 제주시 이도일동,부상신고사고,0,0,0,1,차대차 - 측면충돌,차로위반,건조,맑음,교차로 - 교차로횡단보도내,개인형이동수단(PM),여,30세,부상신고,승합,남,72세,상해없음
2021060400100477,2021년 6월 4일 17시,금요일,제주특별자치도 제주시 조천읍,경상사고,0,0,1,0,차대차 - 기타,신호위반,건조,맑음,교차로 - 교차로안,승용,여,29세,상해없음,승용,남,35세,경상
2021060400100478,2021년 6월 4일 17시,금요일,제주특별자치도 서귀포시 대정읍,경상사고,0,0,1,0,차대차 - 기타,안전운전불이행,건조,맑음,단일로 - 기타,이륜,남,43세,경상,승용,남,51세,상해없음
2021060400100604,2021년 6월 4일 20시,금요일,제주특별자치도 제주시 용담일동,경상사고,0,0,1,0,차대차 - 기타,교차로운행방법위반,건조,맑음,교차로 - 교차로안,화물,남,46세,경상,승용,여,57세,상해없음
2021060400100627,2021년 6월 4일 21시,금요일,제주특별자치도 제주시 조천읍,경상사고,0,0,1,0,차대사람 - 횡단중,안전운전불이행,건조,맑음,기타 - 기타,승용,남,52세,상해없음,보행자,남,8세,경상
2021060500100026,2021년 6월 5일 01시,토요일,제주특별자치도 제주시 연동,경상사고,0,0,1,0,차대차 - 기타,안전운전불이행,건조,맑음,교차로 - 교차로안,승용,남,29세,상해없음,승용,남,56세,경상
2021060500100147,2021년 6월 5일 10시,토요일,제주특별자치도 제주시 아라일동,중상사고,0,1,0,0,차대사람 - 기타,기타,건조,맑음,기타 - 기타,승합,남,57세,상해없음,보행자,여,82세,중상
2021060500100194,2021년 6월 5일 11시,토요일,제주특별자치도 서귀포시 안덕면,중상사고,0,2,0,0,차대차 - 기타,직진우회전진행방해,건조,맑음,교차로 - 교차로안,승용,남,53세,상해없음,승용,남,75세,상해없음
2021060500100239,2021년 6월 5일 12시,토요일,제주특별자치도 제주시 건입동,중상사고,0,1,1,1,차대차 - 기타,안전거리미확보,건조,맑음,교차로 - 교차로안,승용,여,53세,상해없음,승합,남,52세,상해없음
2021060500100240,2021년 6월 5일 12시,토요일,제주특별자치도 제주시 한경면,경상사고,0,0,1,0,차대차 - 측면충돌,안전운전불이행,건조,맑음,단일로 - 기타,승용,남,48세,상해없음,화물,남,60세,경상
2021060500100300,2021년 6월 5일 13시,토요일,제주특별자치도 제주시 화북이동,경상사고,0,0,2,0,차대차 - 추돌,안전운전불이행,건조,맑음,단일로 - 기타,승용,여,53세,상해없음,승용,여,30세,경상
2021060500100301,2021년 6월 5일 13시,토요일,제주특별자치도 서귀포시 안덕면,중상사고,0,7,0,0,차대차 - 정면충돌,신호위반,건조,맑음,교차로 - 교차로안,승용,남,72세,중상,승용,여,52세,중상
2021060500100347,2021년 6월 5일 14시,토요일,제주특별자치도 제주시 삼도이동,경상사고,0,0,1,0,차대차 - 기타,안전거리미확보,건조,맑음,교차로 - 교차로부근,승용,여,54세,상해없음,승용,남,45세,경상
2021060500100348,2021년 6월 5일 14시,토요일,제주특별자치도 제주시 용담이동,중상사고,0,1,4,0,차대차 - 정면충돌,안전운전불이행,건조,맑음,교차로 - 교차로안,승용,남,52세,경상,승용,남,30세,경상
2021060500100388,2021년 6월 5일 15시,토요일,제주특별자치도 서귀포시 남원읍,경상사고,0,0,4,0,차대차 - 정면충돌,교차로운행방법위반,건조,맑음,교차로 - 교차로안,승용,남,76세,경상,승용,남,59세,경상
2021060500100389,2021년 6월 5일 15시,토요일,제주특별자치도 서귀포시 대정읍,경상사고,0,0,1,0,차량단독 - 기타,안전운전불이행,건조,맑음,단일로 - 기타,승용,여,59세,상해없음,,,,
2021060500100467,2021년 6월 5일 17시,토요일,제주특별자치도 제주시 봉개동,경상사고,0,0,1,1,차대차 - 정면충돌,교차로운행방법위반,건조,맑음,교차로 - 교차로안,승용,남,66세,부상신고,승용,남,52세,경상
2021060500100550,2021년 6월 5일 20시,토요일,제주특별자치도 서귀포시 성산읍,경상사고,0,0,1,0,차대차 - 기타,안전운전불이행,건조,맑음,단일로 - 기타,이륜,남,33세,경상,화물,남,48세,상해없음
2021060500100615,2021년 6월 5일 23시,토요일,제주특별자치도 제주시 이도이동,중상사고,0,1,0,0,차대차 - 추돌,안전운전불이행,건조,맑음,교차로 - 교차로부근,승용,남,31세,상해없음,이륜,남,40세,중상
2021060500100616,2021년 6월 5일 23시,토요일,제주특별자치도 서귀포시 중문동,경상사고,0,0,2,0,차대차 - 기타,안전운전불이행,건조,기타,단일로 - 기타,승용,남,19세,상해없음,승용,남,68세,경상
2021060600100005,2021년 6월 6일 00시,일요일,제주특별자치도 제주시 연동,경상사고,0,0,1,0,차대차 - 기타,직진우회전진행방해,건조,맑음,교차로 - 교차로안,승용,여,44세,기타불명,승용,여,19세,경상
2021060600100018,2021년 6월 6일 01시,일요일,제주특별자치도 제주시 연동,경상사고,0,0,1,0,차대사람 - 기타,안전운전불이행,건조,맑음,주차장 - 주차장,승용,남,47세,상해없음,보행자,남,45세,경상
2021060600100074,2021년 6월 6일 09시,일요일,제주특별자치도 제주시 삼도이동,경상사고,0,0,1,0,차량단독 - 기타,안전운전불이행,건조,맑음,교차로 - 교차로안,승용,남,62세,상해없음,,,,
2021060600100075,2021년 6월 6일 09시,일요일,제주특별자치도 제주시 구좌읍,경상사고,0,0,1,0,차대차 - 기타,안전운전불이행,건조,맑음,단일로 - 기타,승용,남,48세,상해없음,승용,남,68세,경상
2021060600100076,2021년 6월 6일 09시,일요일,제주특별자치도 제주시 해안동,중상사고,0,1,2,0,차대차 - 후진중충돌,기타,건조,맑음,기타 - 기타,화물,남,38세,중상,승용,여,30세,경상
2021060600100095,2021년 6월 6일 10시,일요일,제주특별자치도 서귀포시 호근동,경상사고,0,0,1,0,차대차 - 기타,신호위반,건조,맑음,단일로 - 기타,승용,남,76세,상해없음,승용,여,35세,경상
2021060600100112,2021년 6월 6일 11시,일요일,제주특별자치도 제주시 한림읍,경상사고,0,0,3,0,차대차 - 추돌,안전운전불이행,건조,맑음,교차로 - 교차로부근,승용,남,22세,상해없음,화물,남,58세,경상
2021060600100138,2021년 6월 6일 12시,일요일,제주특별자치도 제주시 조천읍,중상사고,0,1,1,0,차대차 - 측면충돌,교차로운행방법위반,건조,맑음,교차로 - 교차로안,승용,남,43세,상해없음,승용,여,41세,경상
2021060600100171,2021년 6월 6일 13시,일요일,제주특별자치도 제주시 연동,경상사고,0,0,3,0,차대차 - 측면충돌,교차로운행방법위반,건조,맑음,교차로 - 교차로안,승용,남,60세,경상,승용,여,62세,경상
2021060600100314,2021년 6월 6일 17시,일요일,제주특별자치도 제주시 애월읍,경상사고,0,0,4,0,차대차 - 기타,중앙선침범,건조,맑음,단일로 - 기타,이륜,남,29세,경상,승용,남,38세,상해없음
2021060600100344,2021년 6월 6일 18시,일요일,제주특별자치도 제주시 애월읍,경상사고,0,0,1,0,차량단독 - 기타,안전운전불이행,건조,맑음,교차로 - 교차로안,개인형이동수단(PM),남,19세,경상,,,,
2021060600100432,2021년 6월 6일 22시,일요일,제주특별자치도 제주시 오라일동,경상사고,0,0,1,0,차대차 - 추돌,안전운전불이행,건조,맑음,단일로 - 기타,승용,남,24세,상해없음,승용,여,48세,경상
2021060700100079,2021년 6월 7일 08시,월요일,제주특별자치도 제주시 조천읍,경상사고,0,0,1,0,차대차 - 추돌,안전운전불이행,건조,맑음,교차로 - 교차로부근,승용,남,28세,상해없음,승용,여,38세,경상
2021060700100111,2021년 6월 7일 09시,월요일,제주특별자치도 제주시 애월읍,경상사고,0,0,2,0,차대차 - 추돌,안전거리미확보,건조,맑음,단일로 - 기타,화물,남,36세,상해없음,승용,여,25세,경상
2021060700100140,2021년 6월 7일 10시,월요일,제주특별자치도 제주시 우도면,경상사고,0,0,2,0,차대차 - 기타,교차로운행방법위반,건조,맑음,교차로 - 교차로안,승용,남,61세,경상,승용,남,33세,상해없음
2021060700100141,2021년 6월 7일 10시,월요일,제주특별자치도 서귀포시 서홍동,중상사고,0,1,0,0,차대사람 - 기타,안전운전불이행,건조,맑음,단일로 - 기타,승용,남,68세,상해없음,보행자,여,40세,중상
2021060700100220,2021년 6월 7일 12시,월요일,제주특별자치도 서귀포시 법환동,경상사고,0,0,1,0,차대사람 - 횡단중,보행자보호의무위반,건조,맑음,단일로 - 기타,승용,여,56세,상해없음,보행자,여,58세,경상
2021060700100280,2021년 6월 7일 14시,월요일,제주특별자치도 제주시 연동,경상사고,0,0,1,0,차대차 - 측면충돌,안전거리미확보,건조,맑음,단일로 - 기타,승용,여,27세,상해없음,승용,남,54세,경상
2021060700100325,2021년 6월 7일 15시,월요일,제주특별자치도 제주시 우도면,중상사고,0,1,0,0,차대차 - 측면충돌,안전운전불이행,건조,맑음,단일로 - 기타,이륜,여,35세,상해없음,승용,여,45세,상해없음
2021060700100327,2021년 6월 7일 15시,월요일,제주특별자치도 서귀포시 대정읍,경상사고,0,0,2,0,차대차 - 기타,신호위반,건조,맑음,교차로 - 교차로안,승용,남,29세,상해없음,화물,남,52세,경상
2021060700100378,2021년 6월 7일 16시,월요일,제주특별자치도 제주시 구좌읍,중상사고,0,1,0,0,차대차 - 기타,안전운전불이행,건조,맑음,단일로 - 기타,승용,여,41세,상해없음,원동기,여,59세,중상
2021060700100379,2021년 6월 7일 16시,월요일,제주특별자치도 서귀포시 서귀동,경상사고,0,0,1,0,차대차 - 기타,신호위반,건조,맑음,교차로 - 교차로안,승용,남,60세,상해없음,승용,남,50세,경상
2021060700100516,2021년 6월 7일 19시,월요일,제주특별자치도 제주시 연동,경상사고,0,0,1,0,차대사람 - 기타,안전운전불이행,건조,맑음,단일로 - 기타,승용,남,43세,상해없음,보행자,남,52세,경상
2021060700100539,2021년 6월 7일 20시,월요일,제주특별자치도 제주시 연동,경상사고,0,0,1,0,차대차 - 추돌,안전운전불이행,건조,맑음,교차로 - 교차로부근,승용,여,34세,기타불명,승용,남,70세,경상
2021060800100054,2021년 6월 8일 07시,화요일,제주특별자치도 서귀포시 보목동,중상사고,0,1,1,0,차대차 - 기타,직진우회전진행방해,건조,맑음,교차로 - 교차로안,승용,여,70세,경상,승용,남,77세,중상
2021060800100122,2021년 6월 8일 09시,화요일,제주특별자치도 제주시 노형동,중상사고,0,1,0,0,차대차 - 측면충돌,신호위반,건조,맑음,교차로 - 교차로안,승용,여,59세,상해없음,자전거,남,52세,중상
2021060800100165,2021년 6월 8일 10시,화요일,제주특별자치도 제주시 연동,경상사고,0,0,1,0,차대차 - 기타,안전운전불이행,건조,맑음,교차로 - 교차로부근,승용,남,18세,기타불명,승용,남,43세,경상
2021060800100236,2021년 6월 8일 12시,화요일,제주특별자치도 서귀포시 성산읍,중상사고,0,1,0,0,차대차 - 기타,중앙선침범,건조,맑음,단일로 - 기타,승합,여,52세,상해없음,자전거,남,58세,중상
2021060800100266,2021년 6월 8일 13시,화요일,제주특별자치도 제주시 이도이동,경상사고,0,0,1,0,차대차 - 측면충돌,직진우회전진행방해,건조,맑음,교차로 - 교차로안,승용,여,20세,상해없음,이륜,남,25세,경상
2021060800100267,2021년 6월 8일 13시,화요일,제주특별자치도 제주시 구좌읍,경상사고,0,0,1,0,차대차 - 후진중충돌,안전운전불이행,건조,맑음,단일로 - 기타,승용,여,27세,경상,화물,남,58세,상해없음
2021060800100296,2021년 6월 8일 14시,화요일,제주특별자치도 제주시 한림읍,경상사고,0,0,2,0,차대차 - 정면충돌,중앙선침범,건조,맑음,단일로 - 기타,승용,여,50세,경상,건설기계,남,54세,경상
2021060800100297,2021년 6월 8일 14시,화요일,제주특별자치도 제주시 이호이동,중상사고,0,1,2,0,차대차 - 기타,신호위반,건조,맑음,교차로 - 교차로안,이륜,남,50세,중상,승용,남,46세,상해없음
2021060800100378,2021년 6월 8일 16시,화요일,제주특별자치도 제주시 연동,경상사고,0,0,1,0,차대차 - 측면충돌,교차로운행방법위반,건조,맑음,교차로 - 교차로안,승용,남,59세,상해없음,화물,남,28세,경상
2021060800100595,2021년 6월 8일 23시,화요일,제주특별자치도 제주시 오라이동,경상사고,0,0,1,0,차대차 - 추돌,안전운전불이행,건조,맑음,교차로 - 교차로부근,승용,남,58세,상해없음,승용,남,44세,경상
2021060900100057,2021년 6월 9일 07시,수요일,제주특별자치도 제주시 한림읍,경상사고,0,0,1,0,차대차 - 측면충돌,안전운전불이행,건조,맑음,교차로 - 교차로부근,화물,남,49세,상해없음,승용,남,54세,경상