사고번호,사고일시,요일,시군구,사고내용,사망자수,중상자수,경상자수,부상신고자수,사고유형,법규위반,노면상태,기상상태,도로형태,가해운전자 차종,가해운전자 성별,가해운전자 연령,가해운전자 상해정도,피해운전자 차종,피해운전자 성별,피해운전자 연령,피해운전자 상해정도
2021060900100150,2021년 6월 9일 10시,수요일,제주특별자치도 제주시 노형동,중상사고,0,1,1,0,차대차 - 정면충돌,중앙선침범,건조,맑음,단일로 - 기타,승용,여,28세,상해없음,승용,여,66세,중상
2021060900100151,2021년 6월 9일 10시,수요일,제주특별자치도 제주시 노형동,중상사고,0,1,0,0,차대차 - 추돌,안전운전불이행,건조,맑음,단일로 - 기타,승용,여,67세,상해없음,승용,남,30세,중상
2021060900100222,2021년 6월 9일 12시,수요일,제주특별자치도 제주시 용담이동,경상사고,0,0,2,0,차대차 - 추돌,안전거리미확보,건조,맑음,교차로 - 교차로부근,화물,남,60세,상해없음,승용,여,30세,경상
2021060900100293,2021년 6월 9일 14시,수요일,제주특별자치도 제주시 애월읍,중상사고,0,1,0,0,차대차 - 측면충돌,안전운전불이행,젖음/습기,비,단일로 - 기타,승용,여,40세,상해없음,이륜,남,42세,중상
2021060900100332,2021년 6월 9일 15시,수요일,제주특별자치도 서귀포시 서홍동,중상사고,0,1,0,0,차대사람 - 기타,신호위반,건조,맑음,교차로 - 교차로안,승용,여,40세,상해없음,보행자,여,14세,중상
2021060900100369,2021년 6월 9일 16시,수요일,제주특별자치도 제주시 용담일동,경상사고,0,0,1,0,차대차 - 기타,안전운전불이행,건조,맑음,단일로 - 기타,기타불명,기타불명,미분류,기타불명,자전거,남,13세,경상
2021060900100429,2021년 6월 9일 17시,수요일,제주특별자치도 서귀포시 서귀동,경상사고,0,0,1,0,차대차 - 기타,안전운전불이행,건조,맑음,교차로 - 교차로횡단보도내,승용,여,46세,상해없음,자전거,남,62세,경상
2021060900100430,2021년 6월 9일 17시,수요일,제주특별자치도 서귀포시 동홍동,경상사고,0,0,1,0,차대차 - 기타,안전거리미확보,건조,맑음,단일로 - 기타,승용,여,63세,상해없음,승용,여,28세,경상
2021060900100531,2021년 6월 9일 19시,수요일,제주특별자치도 제주시 노형동,경상사고,0,0,1,1,차대차 - 추돌,안전거리미확보,건조,맑음,단일로 - 기타,승용,남,21세,상해없음,승용,남,40세,경상
2021060900100562,2021년 6월 9일 20시,수요일,제주특별자치도 제주시 일도이동,경상사고,0,0,1,0,차대차 - 측면충돌,차로위반,건조,맑음,교차로 - 교차로부근,승용,남,56세,상해없음,승용,남,63세,경상
2021060900100590,2021년 6월 9일 21시,수요일,제주특별자치도 서귀포시 하원동,경상사고,0,0,2,2,차량단독 - 기타,안전운전불이행,건조,기타,단일로 - 기타,승용,남,25세,부상신고,,,,
2021060900100621,2021년 6월 9일 22시,수요일,제주특별자치도 제주시 이도이동,경상사고,0,0,1,0,차대차 - 추돌,안전운전불이행,건조,맑음,단일로 - 기타,승용,남,25세,상해없음,승용,남,66세,경상
2021061000100179,2021년 6월 10일 10시,목요일,제주특별자치도 제주시 도두일동,경상사고,0,0,2,0,차대차 - 후진중충돌,안전운전불이행,건조,맑음,기타 - 기타,승합,남,66세,상해없음,승용,남,32세,경상
2021061000100249,2021년 6월 10일 12시,목요일,제주특별자치도 제주시 일도이동,중상사고,0,1,1,0,차대차 - 기타,안전운전불이행,건조,맑음,교차로 - 교차로안,승용,남,31세,상해없음,승용,남,66세,중상
2021061000100398,2021년 6월 10일 16시,목요일,제주특별자치도 제주시 화북일동,중상사고,0,1,0,0,차대차 - 측면충돌,신호위반,건조,맑음,교차로 - 교차로부근,이륜,남,42세,중상,승용,여,41세,상해없음
2021061000100437,2021년 6월 10일 17시,목요일,제주특별자치도 서귀포시 서귀동,경상사고,0,0,1,0,차대사람 - 차도통행중,안전운전불이행,젖음/습기,비,단일로 - 기타,승용,남,37세,상해없음,보행자,여,62세,경상
2021061000100557,2021년 6월 10일 20시,목요일,제주특별자치도 제주시 아라일동,중상사고,0,1,0,0,차대차 - 기타,안전운전불이행,젖음/습기,비,단일로 - 기타,이륜,남,31세,중상,승용,남,27세,상해없음
2021061000100558,2021년 6월 10일 20시,목요일,제주특별자치도 제주시 조천읍,경상사고,0,0,1,0,차대차 - 측면충돌,안전거리미확보,젖음/습기,비,단일로 - 기타,이륜,남,46세,경상,승용,남,49세,상해없음
2021061000100622,2021년 6월 10일 22시,목요일,제주특별자치도 제주시 이도이동,중상사고,0,1,0,0,차대차 - 측면충돌,안전거리미확보,건조,맑음,교차로 - 교차로부근,승용,여,53세,상해없음,이륜,남,40세,중상
2021061100100006,2021년 6월 11일 00시,금요일,제주특별자치도 제주시 건입동,경상사고,0,0,1,0,차대차 - 측면충돌,신호위반,젖음/습기,흐림,교차로 - 교차로안,승용,남,23세,상해없음,승용,남,54세,경상
2021061100100027,2021년 6월 11일 02시,금요일,제주특별자치도 제주시 연동,부상신고사고,0,0,0,1,차대차 - 기타,안전거리미확보,건조,맑음,단일로 - 기타,승용,여,36세,상해없음,승용,남,66세,부상신고
2021061100100109,2021년 6월 11일 08시,금요일,제주특별자치도 서귀포시 남원읍,경상사고,0,0,1,0,차대차 - 정면충돌,직진우회전진행방해,젖음/습기,비,교차로 - 교차로안,화물,남,78세,상해없음,승용,여,28세,경상
2021061100100141,2021년 6월 11일 09시,금요일,제주특별자치도 서귀포시 표선면,중상사고,0,1,0,0,차량단독 - 기타,기타,기타,비,단일로 - 기타,이륜,남,76세,중상,,,,
2021061100100142,2021년 6월 11일 09시,금요일,제주특별자치도 제주시 용담이동,경상사고,0,0,1,0,차대차 - 측면충돌,안전운전불이행,젖음/습기,비,단일로 - 기타,승용,남,27세,상해없음,승합,여,49세,경상
2021061100100198,2021년 6월 11일 11시,금요일,제주특별자치도 서귀포시 대정읍,경상사고,0,0,1,0,차대사람 - 횡단중,안전운전불이행,건조,맑음,교차로 - 교차로부근,승용,남,53세,상해없음,보행자,남,78세,경상
2021061100100199,2021년 6월 11일 11시,금요일,제주특별자치도 제주시 연동,중상사고,0,1,0,0,차대사람 - 차도통행중,안전운전불이행,젖음/습기,비,교차로 - 교차로안,승용,여,39세,상해없음,보행자,여,50세,중상
2021061100100239,2021년 6월 11일 12시,금요일,제주특별자치도 제주시 삼양이동,경상사고,0,0,2,0,차대차 - 정면충돌,교차로운행방법위반,건조,맑음,교차로 - 교차로안,승용,남,34세,상해없음,승용,남,59세,상해없음
2021061100100240,2021년 6월 11일 12시,금요일,제주특별자치도 제주시 노형동,경상사고,0,0,1,0,차대차 - 기타,교차로운행방법위반,젖음/습기,비,교차로 - 교차로안,승용,남,64세,상해없음,승용,여,29세,경상
2021061100100311,2021년 6월 11일 14시,금요일,제주특별자치도 제주시 도남동,중상사고,0,1,0,0,차대사람 - 기타,안전운전불이행,건조,맑음,단일로 - 기타,승용,여,49세,상해없음,보행자,남,9세,중상
2021061100100383,2021년 6월 11일 16시,금요일,제주특별자치도 제주시 연동,경상사고,0,0,1,0,차대차 - 측면충돌,안전거리미확보,건조,맑음,단일로 - 기타,승용,남,22세,상해없음,승용,여,54세,경상
2021061100100425,2021년 6월 11일 17시,금요일,제주특별자치도 제주시 용담이동,경상사고,0,0,1,0,차대차 - 추돌,안전운전불이행,건조,맑음,단일로 - 기타,승용,여,37세,상해없음,승용,남,22세,경상
2021061100100551,2021년 6월 11일 20시,금요일,제주특별자치도 서귀포시 서호동,중상사고,0,1,0,0,차대사람 - 횡단중,안전운전불이행,건조,맑음,단일로 - 기타,승용,남,62세,상해없음,보행자,여,42세,중상
2021061100100552,2021년 6월 11일 20시,금요일,제주특별자치도 제주시 애월읍,중상사고,0,1,0,3,차대차 - 측면충돌,불법유턴,젖음/습기,안개,단일로 - 기타,승용,남,27세,상해없음,승용,여,63세,중상
2021061100100553,2021년 6월 11일 20시,금요일,제주특별자치도 제주시 연동,중상사고,0,1,0,0,차대차 - 측면충돌,직진우회전진행방해,건조,맑음,교차로 - 교차로안,승용,남,58세,상해없음,이륜,여,27세,중상
2021061100100611,2021년 6월 11일 22시,금요일,제주특별자치도 제주시 노형동,경상사고,0,0,1,0,차량단독 - 공작물충돌,안전운전불이행,건조,기타,단일로 - 기타,승용,남,35세,경상,,,,
2021061100100641,2021년 6월 11일 23시,금요일,제주특별자치도 제주시 이도이동,경상사고,0,0,1,0,차대사람 - 기타,신호위반,건조,맑음,단일로 - 기타,승용,남,62세,상해없음,보행자,남,27세,경상
2021061200100038,2021년 6월 12일 05시,토요일,제주특별자치도 서귀포시 성산읍,경상사고,0,0,1,0,차량단독 - 공작물충돌,안전운전불이행,건조,맑음,단일로 - 기타,승용,남,24세,경상,,,,
2021061200100047,2021년 6월 12일 06시,토요일,제주특별자치도 제주시 도두이동,부상신고사고,0,0,0,1,차대차 - 정면충돌,안전운전불이행,젖음/습기,흐림,단일로 - 기타,이륜,남,26세,부상신고,건설기계,남,44세,상해없음
2021061200100113,2021년 6월 12일 09시,토요일,제주특별자치도 제주시 이도이동,경상사고,0,0,1,0,차대차 - 기타,직진우회전진행방해,건조,맑음,교차로 - 교차로안,승용,여,52세,상해없음,승합,남,71세,경상
2021061200100156,2021년 6월 12일 10시,토요일,제주특별자치도 제주시 용담이동,부상신고사고,0,0,0,2,차대차 - 측면충돌,중앙선침범,건조,맑음,단일로 - 기타,승용,여,37세,부상신고,승용,여,24세,부상신고
2021061200100157,2021년 6월 12일 10시,토요일,제주특별자치도 제주시 이호일동,부상신고사고,0,0,0,1,차대사람 - 기타,안전운전불이행,건조,맑음,단일로 - 기타,이륜,남,20세,부상신고,보행자,남,22세,상해없음
2021061200100195,2021년 6월 12일 11시,토요일,제주특별자치도 서귀포시 표선면,중상사고,0,1,0,1,차대차 - 정면충돌,안전운전불이행,건조,맑음,단일로 - 기타,화물,여,61세,중상,화물,남,45세,부상신고
2021061200100196,2021년 6월 12일 11시,토요일,제주특별자치도 제주시 애월읍,중상사고,0,1,0,0,차대차 - 기타,안전운전불이행,건조,맑음,교차로 - 교차로안,사륜오토바이(ATV),여,84세,중상,승용,여,53세,상해없음
2021061200100241,2021년 6월 12일 12시,토요일,제주특별자치도 제주시 조천읍,경상사고,0,0,2,0,차대차 - 기타,기타,건조,맑음,단일로 - 기타,화물,남,48세,상해없음,화물,남,69세,경상
2021061200100367,2021년 6월 12일 15시,토요일,제주특별자치도 제주시 조천읍,중상사고,0,4,0,0,차대차 - 정면충돌,중앙선침범,건조,맑음,기타 - 기타,승용,남,40세,상해없음,승용,남,42세,중상
2021061200100546,2021년 6월 12일 20시,토요일,제주특별자치도 서귀포시 색달동,부상신고사고,0,0,0,1,차대차 - 기타,안전운전불이행,건조,맑음,단일로 - 기타,이륜,남,25세,부상신고,승용,남,57세,상해없음
2021061200100573,2021년 6월 12일 21시,토요일,제주특별자치도 제주시 이도이동,경상사고,0,0,1,0,차대차 - 추돌,안전거리미확보,건조,맑음,단일로 - 기타,승용,남,73세,상해없음,이륜,남,32세,경상
2021061200100621,2021년 6월 12일 23시,토요일,제주특별자치도 서귀포시 서호동,경상사고,0,0,1,1,차대차 - 측면충돌,기타,건조,기타,교차로 - 교차로안,승용,남,62세,상해없음,승용,남,23세,상해없음
2021061300100051,2021년 6월 13일 07시,일요일,제주특별자치도 서귀포시 동홍동,경상사고,0,0,1,0,차대차 - 기타,신호위반,건조,맑음,교차로 - 교차로안,승용,여,75세,상해없음,승용,남,61세,상해없음
2021061300100074,2021년 6월 13일 09시,일요일,제주특별자치도 서귀포시 중문동,경상사고,0,0,1,0,차대차 - 기타,신호위반,건조,흐림,교차로 - 교차로안,승용,여,62세,경상,건설기계,남,52세,상해없음
2021061300100116,2021년 6월 13일 11시,일요일,제주특별자치도 제주시 연동,경상사고,0,0,1,0,차대차 - 측면충돌,안전운전불이행,건조,맑음,단일로 - 기타,승용,남,60세,상해없음,승용,남,60세,경상
2021061300100117,2021년 6월 13일 11시,일요일,제주특별자치도 제주시 용담이동,중상사고,0,2,0,0,차대차 - 추돌,안전거리미확보,건조,맑음,단일로 - 기타,승용,여,30세,상해없음,승용,여,46세,상해없음
2021061300100182,2021년 6월 13일 13시,일요일,제주특별자치도 제주시 한림읍,중상사고,0,1,0,0,차대차 - 측면충돌,안전운전불이행,건조,맑음,교차로 - 교차로부근,화물,남,39세,상해없음,원동기,여,66세,중상
2021061300100302,2021년 6월 13일 16시,일요일,제주특별자치도 제주시 화북일동,경상사고,0,0,1,0,차대사람 - 기타,안전운전불이행,건조,맑음,기타 - 기타,승용,남,31세,상해없음,보행자,남,53세,경상
2021061300100330,2021년 6월 13일 17시,일요일,제주특별자치도 제주시 화북일동,부상신고사고,0,0,0,1,차대차 - 추돌,안전운전불이행,건조,맑음,단일로 - 기타,자전거,남,55세,부상신고,승용,남,41세,상해없음
2021061300100364,2021년 6월 13일 18시,일요일,제주특별자치도 서귀포시 표선면,중상사고,0,1,1,0,차대차 - 추돌,안전운전불이행,건조,맑음,단일로 - 기타,승합,남,68세,기타불명,승용,여,63세,중상
2021061300100365,2021년 6월 13일 18시,일요일,제주특별자치도 서귀포시 성산읍,경상사고,0,0,1,0,차대차 - 측면충돌,안전운전불이행,건조,맑음,단일로 - 기타,승용,남,29세,상해없음,승용,남,37세,경상
2021061300100423,2021년 6월 13일 20시,일요일,제주특별자치도 제주시 외도일동,부상신고사고,0,0,0,1,차량단독 - 전도전복 - 전도,안전운전불이행,건조,맑음,교차로 - 교차로횡단보도내,이륜,남,29세,부상신고,,,,
2021061300100424,2021년 6월 13일 20시,일요일,제주특별자치도 제주시 도두일동,경상사고,0,0,1,0,차대차 - 측면충돌,신호위반,건조,맑음,교차로 - 교차로안,승용,여,32세,상해없음,승용,남,40세,경상
2021061400100106,2021년 6월 14일 08시,월요일,제주특별자치도 제주시 조천읍,경상사고,0,0,1,0,차량단독 - 공작물충돌,안전운전불이행,건조,맑음,단일로 - 기타,승용,여,58세,경상,,,,
2021061400100138,2021년 6월 14일 09시,월요일,제주특별자치도 제주시 용담일동,경상사고,0,0,1,0,차대차 - 기타,안전운전불이행,건조,맑음,교차로 - 교차로안,승용,여,67세,상해없음,이륜,남,43세,경상
2021061400100174,2021년 6월 14일 10시,월요일,제주특별자치도 제주시 조천읍,경상사고,0,0,2,0,차대차 - 측면충돌,안전운전불이행,건조,맑음,교차로 - 교차로부근,승용,남,76세,상해없음,화물,남,57세,경상
2021061400100243,2021년 6월 14일 12시,월요일,제주특별자치도 서귀포시 표선면,중상사고,0,1,0,0,차대차 - 기타,기타,건조,맑음,교차로 - 교차로안,승용,여,20세,상해없음,이륜,남,82세,중상
2021061400100280,2021년 6월 14일 13시,월요일,제주특별자치도 제주시 이도이동,부상신고사고,0,0,0,1,차대차 - 기타,차로위반,건조,맑음,단일로 - 기타,이륜,남,49세,부상신고,승용,여,43세,상해없음
2021061400100281,2021년 6월 14일 13시,월요일,제주특별자치도 제주시 구좌읍,경상사고,0,0,1,0,차대차 - 기타,안전운전불이행,건조,맑음,교차로 - 교차로안,화물,남,62세,상해없음,화물,남,33세,경상
2021061400100282,2021년 6월 14일 13시,월요일,제주특별자치도 서귀포시 동홍동,중상사고,0,1,0,0,차대차 - 추돌,안전운전불이행,건조,맑음,단일로 - 기타,승용,여,66세,상해없음,승용,남,62세,중상
2021061400100360,2021년 6월 14일 15시,월요일,제주특별자치도 제주시 노형동,경상사고,0,0,1,0,차대차 - 기타,직진우회전진행방해,건조,맑음,교차로 - 교차로안,승용,여,41세,상해없음,승용,남,68세,상해없음
2021061400100391,2021년 6월 14일 16시,월요일,제주특별자치도 제주시 도련이동,경상사고,0,0,1,0,차대차 - 후진중충돌,안전운전불이행,건조,맑음,교차로 - 교차로부근,승용,남,63세,상해없음,승용,여,34세,경상
2021061400100488,2021년 6월 14일 18시,월요일,제주특별자치도 제주시 구좌읍,경상사고,0,0,3,0,차대차 - 정면충돌,안전운전불이행,건조,맑음,기타 - 기타,이륜,남,19세,경상,승용,여,47세,경상
2021061400100560,2021년 6월 14일 21시,월요일,제주특별자치도 제주시 한경면,부상신고사고,0,0,0,1,차량단독 - 공작물충돌,안전운전불이행,건조,맑음,단일로 - 기타,승용,남,68세,상해없음,,,,
2021061500100151,2021년 6월 15일 10시,화요일,제주특별자치도 제주시 이도일동,중상사고,0,1,0,0,차대사람 - 길가장자리구역통행중,안전운전불이행,젖음/습기,비,단일로 - 기타,승용,남,70세,상해없음,보행자,여,78세,중상
2021061500100152,2021년 6월 15일 10시,화요일,제주특별자치도 제주시 일도이동,경상사고,0,0,1,0,차대차 - 기타,안전운전불이행,건조,기타,단일로 - 기타,승용,여,61세,상해없음,승용,여,65세,상해없음
2021061500100223,2021년 6월 15일 12시,화요일,제주특별자치도 제주시 한림읍,경상사고,0,0,2,0,차대차 - 측면충돌,직진우회전진행방해,젖음/습기,비,교차로 - 교차로안,승용,남,61세,상해없음,승용,남,27세,경상
2021061500100293,2021년 6월 15일 14시,화요일,제주특별자치도 서귀포시 동홍동,중상사고,0,1,0,0,차대차 - 측면충돌,신호위반,젖음/습기,비,교차로 - 교차로안,이륜,남,29세,중상,승용,남,47세,상해없음
2021061500100294,2021년 6월 15일 14시,화요일,제주특별자치도 서귀포시 동홍동,경상사고,0,0,1,0,차대차 - 측면충돌,안전거리미확보,젖음/습기,비,단일로 - 기타,화물,남,51세,상해없음,승합,남,44세,경상
2021061500100295,2021년 6월 15일 14시,화요일,제주특별자치도 제주시 노형동,경상사고,0,0,1,1,차대차 - 기타,직진우회전진행방해,젖음/습기,비,교차로 - 교차로안,승용,여,65세,상해없음,승용,여,52세,경상
2021061500100333,2021년 6월 15일 15시,화요일,제주특별자치도 제주시 연동,경상사고,0,0,1,2,차대차 - 기타,직진우회전진행방해,젖음/습기,비,교차로 - 교차로안,승용,여,22세,부상신고,승용,여,48세,경상
2021061500100451,2021년 6월 15일 18시,화요일,제주특별자치도 제주시 이도일동,경상사고,0,0,1,0,차대차 - 기타,기타,젖음/습기,비,단일로 - 기타,승용,남,47세,상해없음,이륜,남,20세,경상
2021061500100520,2021년 6월 15일 20시,화요일,제주특별자치도 제주시 연동,경상사고,0,0,1,0,차대사람 - 횡단중,안전운전불이행,건조,기타,교차로 - 교차로안,승용,남,67세,상해없음,보행자,여,52세,경상
2021061500100547,2021년 6월 15일 21시,화요일,제주특별자치도 제주시 애월읍,부상신고사고,0,0,0,1,차대차 - 측면충돌,중앙선침범,건조,맑음,교차로 - 교차로안,이륜,남,23세,부상신고,승용,여,45세,상해없음
2021061600100063,2021년 6월 16일 07시,수요일,제주특별자치도 제주시 일도이동,경상사고,0,0,1,0,차대차 - 추돌,안전운전불이행,건조,맑음,교차로 - 교차로부근,승합,남,41세,상해없음,승용,여,53세,경상
2021061600100112,2021년 6월 16일 08시,수요일,제주특별자치도 제주시 한림읍,경상사고,0,0,1,0,차대차 - 후진중충돌,안전운전불이행,건조,맑음,교차로 - 교차로부근,승용,남,37세,기타불명,승용,남,51세,경상
2021061600100147,2021년 6월 16일 09시,수요일,제주특별자치도 제주시 한림읍,중상사고,0,1,0,0,차대사람 - 횡단중,보행자보호의무위반,건조,맑음,교차로 - 교차로횡단보도내,승용,여,65세,상해없음,보행자,여,31세,중상
2021061600100175,2021년 6월 16일 10시,수요일,제주특별자치도 제주시 연동,경상사고,0,0,2,0,차대차 - 기타,직진우회전진행방해,건조,맑음,교차로 - 교차로안,승용,여,64세,경상,승용,여,33세,경상
2021061600100202,2021년 6월 16일 11시,수요일,제주특별자치도 제주시 용담이동,경상사고,0,0,1,0,차대차 - 추돌,안전운전불이행,건조,맑음,단일로 - 기타,승용,남,61세,상해없음,승용,남,56세,경상
2021061600100276,2021년 6월 16일 13시,수요일,제주특별자치도 서귀포시 동홍동,경상사고,0,0,5,0,차대차 - 측면충돌,교차로운행방법위반,건조,맑음,교차로 - 교차로안,승합,남,63세,경상,화물,남,38세,상해없음
2021061600100310,2021년 6월 16일 14시,수요일,제주특별자치도 서귀포시 안덕면,중상사고,0,1,0,0,차대차 - 측면충돌,교차로운행방법위반,건조,맑음,교차로 - 교차로부근,승용,남,32세,상해없음,이륜,여,80세,중상
2021061600100311,2021년 6월 16일 14시,수요일,제주특별자치도 서귀포시 남원읍,중상사고,0,1,2,0,차대차 - 정면충돌,중앙선침범,젖음/습기,비,단일로 - 기타,승용,남,71세,상해없음,승용,남,24세,경상
2021061600100312,2021년 6월 16일 14시,수요일,제주특별자치도 서귀포시 동홍동,부상신고사고,0,0,0,1,차대사람 - 횡단중,신호위반,건조,맑음,교차로 - 교차로안,승용,여,59세,상해없음,보행자,남,8세,부상신고
2021061600100429,2021년 6월 16일 17시,수요일,제주특별자치도 제주시 오라이동,경상사고,0,0,1,0,차대차 - 기타,안전운전불이행,건조,맑음,교차로 - 교차로안,승용,남,68세,상해없음,자전거,남,35세,경상
2021061600100485,2021년 6월 16일 18시,수요일,제주특별자치도 제주시 한림읍,경상사고,0,0,7,0,차대차 - 측면충돌,안전거리미확보,건조,맑음,교차로 - 교차로부근,승용,여,39세,상해없음,승용,남,46세,경상
2021061600100622,2021년 6월 16일 22시,수요일,제주특별자치도 제주시 연동,경상사고,0,0,1,0,차대차 - 추돌,안전운전불이행,건조,맑음,교차로 - 교차로부근,승용,남,65세,상해없음,승용,남,49세,상해없음
2021061700100229,2021년 6월 17일 12시,목요일,제주특별자치도 제주시 조천읍,경상사고,0,0,1,0,차대차 - 측면충돌,안전거리미확보,건조,맑음,교차로 - 교차로부근,이륜,여,82세,경상,승용,여,57세,상해없음
2021061700100266,2021년 6월 17일 13시,목요일,제주특별자치도 제주시 오등동,경상사고,0,0,1,0,차대차 - 측면충돌,안전운전불이행,건조,맑음,단일로 - 기타,승용,남,49세,상해없음,화물,남,36세,경상
2021061700100296,2021년 6월 17일 14시,목요일,제주특별자치도 제주시 용담이동,중상사고,0,1,2,0,차대차 - 측면충돌,안전운전불이행,건조,맑음,단일로 - 기타,승용,여,23세,상해없음,승용,남,41세,상해없음
2021061700100400,2021년 6월 17일 17시,목요일,제주특별자치도 제주시 연동,경상사고,0,0,2,0,차대차 - 측면충돌,직진우회전진행방해,건조,맑음,교차로 - 교차로부근,승용,남,65세,상해없음,승용,남,29세,경상
2021061700100474,2021년 6월 17일 19시,목요일,제주특별자치도 제주시 삼도일동,경상사고,0,0,1,0,차대차 - 기타,신호위반,건조,맑음,교차로 - 교차로부근,승용,여,51세,상해없음,이륜,남,21세,경상
2021061700100523,2021년 6월 17일 21시,목요일,제주특별자치도 서귀포시 서귀동,중상사고,0,1,0,0,차대사람 - 기타,안전운전불이행,건조,맑음,교차로 - 교차로횡단보도내,화물,남,53세,상해없음,보행자,여,65세,중상
2021061700100553,2021년 6월 17일 22시,목요일,제주특별자치도 제주시 조천읍,경상사고,0,0,1,0,차대차 - 기타,안전운전불이행,건조,기타,교차로 - 교차로부근,이륜,남,51세,상해없음,승용,여,25세,경상
2021061800100111,2021년 6월 18일 09시,금요일,제주특별자치도 제주시 아라일동,경상사고,0,0,1,0,차대차 - 후진중충돌,안전운전불이행,건조,맑음,단일로 - 기타,승용,여,52세,상해없음,승용,여,21세,경상
2021061800100150,2021년 6월 18일 10시,금요일,제주특별자치도 제주시 일도이동,경상사고,0,0,2,0,차대차 - 기타,교차로운행방법위반,건조,맑음,교차로 - 교차로부근,승용,남,27세,경상,승용,남,32세,경상
2021061800100204,2021년 6월 18일 12시,금요일,제주특별자치도 제주시 한림읍,경상사고,0,0,2,0,차대차 - 측면충돌,직진우회전진행방해,건조,맑음,교차로 - 교차로안,화물,여,52세,상해없음,승용,남,21세,경상
2021061800100384,2021년 6월 18일 17시,금요일,제주특별자치도 서귀포시 서호동,경상사고,0,0,1,0,차대차 - 기타,직진우회전진행방해,건조,맑음,교차로 - 교차로안,승용,남,41세,상해없음,승용,여,66세,경상
2021061800100427,2021년 6월 18일 18시,금요일,제주특별자치도 서귀포시 호근동,경상사고,0,0,1,2,차대차 - 측면충돌,직진우회전진행방해,젖음/습기,비,교차로 - 교차로안,승합,여,65세,부상신고,화물,남,31세,경상
2021061800100535,2021년 6월 18일 21시,금요일,제주특별자치도 제주시 오라일동,중상사고,0,1,0,0,차대차 - 측면충돌,교차로운행방법위반,건조,맑음,교차로 - 교차로안,화물,남,43세,상해없음,이륜,남,33세,중상
2021061800100586,2021년 6월 18일 23시,금요일,제주특별자치도 서귀포시 대정읍,경상사고,0,0,2,0,차대차 - 정면충돌,중앙선침범,건조,맑음,단일로 - 기타,승용,남,37세,상해없음,승용,여,28세,경상
2021061900100034,2021년 6월 19일 02시,토요일,제주특별자치도 제주시 이도이동,중상사고,0,1,0,0,차대사람 - 보도통행중,보행자보호의무위반,건조,맑음,교차로 - 교차로횡단보도내,승용,남,27세,상해없음,보행자,남,27세,중상
2021061900100127,2021년 6월 19일 09시,토요일,제주특별자치도 제주시 삼도이동,경상사고,0,0,1,0,차대차 - 기타,교차로운행방법위반,건조,맑음,교차로 - 교차로안,승용,남,35세,상해없음,승용,여,60세,경상
2021061900100128,2021년 6월 19일 09시,토요일,제주특별자치도 제주시 노형동,경상사고,0,0,2,0,차대차 - 기타,안전거리미확보,건조,맑음,단일로 - 기타,승용,남,55세,상해없음,승용,남,55세,경상
2021061900100129,2021년 6월 19일 09시,토요일,제주특별자치도 제주시 연동,중상사고,0,1,0,0,차대차 - 측면충돌,직진우회전진행방해,건조,맑음,교차로 - 교차로안,승용,여,30세,상해없음,승용,여,58세,중상
2021061900100204,2021년 6월 19일 11시,토요일,제주특별자치도 서귀포시 하효동,경상사고,0,0,1,0,차대차 - 측면충돌,직진우회전진행방해,건조,맑음,교차로 - 교차로안,승용,남,67세,상해없음,화물,여,53세,경상
2021061900100236,2021년 6월 19일 12시,토요일,제주특별자치도 제주시 애월읍,경상사고,0,0,1,0,차대차 - 기타,신호위반,건조,맑음,교차로 - 교차로안,이륜,남,77세,상해없음,이륜,남,25세,경상
2021061900100237,2021년 6월 19일 12시,토요일,제주특별자치도 제주시 애월읍,경상사고,0,0,2,0,차대차 - 추돌,안전운전불이행,건조,맑음,단일로 - 기타,승용,여,40세,상해없음,승용,남,26세,경상
2021061900100283,2021년 6월 19일 13시,토요일,제주특별자치도 제주시 한림읍,경상사고,0,0,4,0,차대차 - 후진중충돌,안전운전불이행,건조,맑음,단일로 - 기타,승용,여,29세,기타불명,승용,남,41세,경상
2021061900100316,2021년 6월 19일 14시,토요일,제주특별자치도 제주시 조천읍,중상사고,0,1,4,0,차대차 - 측면충돌,신호위반,건조,맑음,교차로 - 교차로안,승용,남,22세,상해없음,승용,남,67세,경상
2021061900100410,2021년 6월 19일 16시,토요일,제주특별자치도 서귀포시 대정읍,부상신고사고,0,0,0,1,차대사람 - 기타,안전운전불이행,건조,맑음,단일로 - 기타,승용,여,43세,상해없음,보행자,여,28세,부상신고
2021061900100411,2021년 6월 19일 16시,토요일,제주특별자치도 제주시 한림읍,경상사고,0,0,2,0,차대차 - 추돌,안전운전불이행,건조,맑음,교차로 - 교차로부근,이륜,남,55세,경상,승용,남,32세,경상
2021061900100412,2021년 6월 19일 16시,토요일,제주특별자치도 제주시 연동,경상사고,0,0,3,0,차대차 - 측면충돌,교차로운행방법위반,건조,맑음,교차로 - 교차로안,승용,남,64세,경상,이륜,남,26세,경상