사고번호,사고일시,요일,시군구,사고내용,사망자수,중상자수,경상자수,부상신고자수,사고유형,법규위반,노면상태,기상상태,도로형태,가해운전자 차종,가해운전자 성별,가해운전자 연령,가해운전자 상해정도,피해운전자 차종,피해운전자 성별,피해운전자 연령,피해운전자 상해정도
2021080200100331,2021년 8월 2일 15시,월요일,제주특별자치도 서귀포시 색달동,경상사고,0,0,5,0,차대차 - 기타,안전운전불이행,건조,맑음,교차로 - 교차로부근,승용,남,66세,상해없음,승용,남,29세,경상
2021080200100332,2021년 8월 2일 15시,월요일,제주특별자치도 제주시 연동,경상사고,0,0,1,0,차대사람 - 횡단중,보행자보호의무위반,건조,맑음,교차로 - 교차로횡단보도내,승용,남,36세,상해없음,보행자,여,36세,경상
2021080200100361,2021년 8월 2일 16시,월요일,제주특별자치도 제주시 노형동,경상사고,0,0,1,0,차대차 - 기타,안전거리미확보,건조,맑음,단일로 - 기타,승용,남,27세,상해없음,승용,남,52세,경상
2021080200100362,2021년 8월 2일 16시,월요일,제주특별자치도 제주시 내도동,경상사고,0,0,2,0,차대차 - 추돌,안전거리미확보,젖음/습기,비,단일로 - 기타,승용,남,25세,상해없음,승용,남,57세,경상
2021080200100394,2021년 8월 2일 17시,월요일,제주특별자치도 서귀포시 성산읍,경상사고,0,0,6,0,차대차 - 기타,교차로운행방법위반,건조,맑음,교차로 - 교차로안,승용,남,70세,상해없음,승용,여,23세,경상
2021080200100395,2021년 8월 2일 17시,월요일,제주특별자치도 서귀포시 남원읍,경상사고,0,0,4,0,차대차 - 기타,중앙선침범,젖음/습기,비,단일로 - 기타,승용,여,44세,상해없음,승용,여,43세,경상
2021080200100396,2021년 8월 2일 17시,월요일,제주특별자치도 서귀포시 표선면,경상사고,0,0,4,0,차대차 - 기타,안전거리미확보,젖음/습기,비,교차로 - 교차로부근,승용,여,29세,상해없음,승용,남,68세,경상
2021080200100397,2021년 8월 2일 17시,월요일,제주특별자치도 제주시 내도동,부상신고사고,0,0,0,1,차대차 - 기타,기타,건조,맑음,교차로 - 교차로안,이륜,남,52세,부상신고,승용,남,57세,상해없음
2021080200100442,2021년 8월 2일 18시,월요일,제주특별자치도 제주시 일도이동,중상사고,0,1,0,0,차대사람 - 횡단중,보행자보호의무위반,젖음/습기,비,교차로 - 교차로횡단보도내,승용,여,40세,상해없음,보행자,남,17세,중상
2021080200100443,2021년 8월 2일 18시,월요일,제주특별자치도 제주시 도남동,경상사고,0,0,1,0,차대차 - 기타,안전거리미확보,젖음/습기,비,교차로 - 교차로부근,승용,남,29세,상해없음,승용,남,44세,상해없음
2021080200100505,2021년 8월 2일 20시,월요일,제주특별자치도 제주시 용담이동,경상사고,0,0,3,0,차대차 - 추돌,안전운전불이행,젖음/습기,비,단일로 - 기타,승용,여,51세,상해없음,승용,남,31세,경상
2021080200100533,2021년 8월 2일 21시,월요일,제주특별자치도 제주시 도남동,중상사고,0,1,0,0,차대사람 - 기타,안전운전불이행,젖음/습기,비,단일로 - 기타,승용,여,25세,상해없음,보행자,여,72세,중상
2021080200100577,2021년 8월 2일 23시,월요일,제주특별자치도 제주시 일도이동,중상사고,0,1,0,0,차대사람 - 횡단중,보행자보호의무위반,젖음/습기,비,교차로 - 교차로횡단보도내,승용,남,45세,상해없음,보행자,여,47세,중상
2021080200100578,2021년 8월 2일 23시,월요일,제주특별자치도 제주시 구좌읍,중상사고,0,1,1,0,차량단독 - 기타,안전운전불이행,건조,기타,기타 - 기타,승용,남,26세,상해없음,,,,
2021080300100018,2021년 8월 3일 03시,화요일,제주특별자치도 제주시 노형동,부상신고사고,0,0,0,1,차량단독 - 전도전복 - 전도,안전운전불이행,젖음/습기,흐림,교차로 - 교차로부근,개인형이동수단(PM),남,19세,부상신고,,,,
2021080300100027,2021년 8월 3일 05시,화요일,제주특별자치도 제주시 삼도일동,경상사고,0,0,1,0,차대차 - 측면충돌,신호위반,건조,맑음,교차로 - 교차로안,승용,여,54세,상해없음,화물,남,47세,경상
2021080300100059,2021년 8월 3일 08시,화요일,제주특별자치도 제주시 연동,경상사고,0,0,1,1,차대차 - 기타,안전거리미확보,건조,맑음,단일로 - 기타,승용,남,66세,상해없음,승용,남,81세,상해없음
2021080300100086,2021년 8월 3일 09시,화요일,제주특별자치도 제주시 화북이동,경상사고,0,0,1,0,차대차 - 추돌,안전운전불이행,건조,맑음,교차로 - 교차로부근,화물,남,78세,상해없음,승용,여,54세,경상
2021080300100121,2021년 8월 3일 10시,화요일,제주특별자치도 제주시 일도이동,경상사고,0,0,1,0,차대사람 - 길가장자리구역통행중,안전운전불이행,건조,맑음,단일로 - 기타,승용,남,56세,상해없음,보행자,남,31세,경상
2021080300100153,2021년 8월 3일 11시,화요일,제주특별자치도 서귀포시 강정동,경상사고,0,0,1,0,차대차 - 기타,안전거리미확보,건조,맑음,교차로 - 교차로횡단보도내,승용,남,62세,상해없음,승용,여,49세,경상
2021080300100211,2021년 8월 3일 13시,화요일,제주특별자치도 제주시 삼도일동,경상사고,0,0,2,0,차대차 - 측면충돌,교차로운행방법위반,건조,맑음,교차로 - 교차로안,승용,남,25세,상해없음,승용,여,71세,경상
2021080300100246,2021년 8월 3일 14시,화요일,제주특별자치도 제주시 노형동,경상사고,0,0,1,0,차대사람 - 횡단중,보행자보호의무위반,건조,맑음,교차로 - 교차로횡단보도내,승용,여,29세,상해없음,보행자,여,61세,경상
2021080300100288,2021년 8월 3일 15시,화요일,제주특별자치도 제주시 아라이동,경상사고,0,0,1,0,차대차 - 기타,신호위반,건조,맑음,교차로 - 교차로안,승용,여,71세,상해없음,승합,남,27세,경상
2021080300100319,2021년 8월 3일 16시,화요일,제주특별자치도 제주시 이도일동,경상사고,0,0,1,0,차대차 - 측면충돌,안전거리미확보,건조,맑음,단일로 - 기타,승용,남,70세,상해없음,승용,여,51세,경상
2021080300100320,2021년 8월 3일 16시,화요일,제주특별자치도 제주시 애월읍,부상신고사고,0,0,0,1,차대차 - 정면충돌,기타,건조,맑음,교차로 - 교차로안,이륜,남,33세,부상신고,승용,여,35세,상해없음
2021080300100425,2021년 8월 3일 19시,화요일,제주특별자치도 제주시 노형동,중상사고,0,1,0,0,차대사람 - 횡단중,보행자보호의무위반,건조,맑음,교차로 - 교차로횡단보도내,이륜,남,33세,상해없음,보행자,남,42세,중상
2021080300100477,2021년 8월 3일 21시,화요일,제주특별자치도 제주시 영평동,부상신고사고,0,0,0,1,차대차 - 기타,안전운전불이행,건조,맑음,교차로 - 교차로안,기타불명,기타불명,미분류,기타불명,승용,남,32세,부상신고
2021080400100086,2021년 8월 4일 08시,수요일,제주특별자치도 서귀포시 호근동,부상신고사고,0,0,0,1,차량단독 - 기타,안전운전불이행,건조,맑음,단일로 - 기타,승용,남,25세,부상신고,,,,
2021080400100087,2021년 8월 4일 08시,수요일,제주특별자치도 제주시 연동,경상사고,0,0,1,0,차대차 - 측면충돌,안전운전불이행,건조,맑음,주차장 - 주차장,화물,남,65세,상해없음,승용,남,29세,경상
2021080400100210,2021년 8월 4일 12시,수요일,제주특별자치도 제주시 삼도이동,경상사고,0,0,1,0,차량단독 - 공작물충돌,안전운전불이행,건조,맑음,교차로 - 교차로부근,승용,남,35세,상해없음,,,,
2021080400100252,2021년 8월 4일 13시,수요일,제주특별자치도 제주시 일도이동,중상사고,0,1,0,0,차대차 - 기타,안전운전불이행,건조,맑음,교차로 - 교차로부근,화물,남,55세,상해없음,이륜,남,22세,중상
2021080400100286,2021년 8월 4일 14시,수요일,제주특별자치도 제주시 애월읍,중상사고,0,1,1,0,차대차 - 추돌,안전거리미확보,건조,맑음,단일로 - 기타,화물,남,22세,중상,건설기계,남,41세,경상
2021080400100366,2021년 8월 4일 16시,수요일,제주특별자치도 서귀포시 동홍동,경상사고,0,0,1,0,차대차 - 측면충돌,안전거리미확보,건조,맑음,단일로 - 기타,승용,남,76세,상해없음,승용,여,61세,경상
2021080400100549,2021년 8월 4일 21시,수요일,제주특별자치도 서귀포시 안덕면,경상사고,0,0,1,1,차대차 - 정면충돌,신호위반,건조,맑음,교차로 - 교차로안,승용,여,36세,부상신고,승용,여,37세,경상
2021080400100582,2021년 8월 4일 22시,수요일,제주특별자치도 제주시 삼도일동,경상사고,0,0,1,0,차대차 - 추돌,안전운전불이행,건조,기타,기타 - 기타,승용,여,56세,상해없음,승용,남,55세,경상
2021080400100600,2021년 8월 4일 23시,수요일,제주특별자치도 제주시 노형동,경상사고,0,0,2,0,차대차 - 후진중충돌,안전운전불이행,건조,맑음,교차로 - 교차로안,승용,남,26세,상해없음,승용,여,22세,경상
2021080500100005,2021년 8월 5일 00시,목요일,제주특별자치도 제주시 건입동,중상사고,0,1,0,0,차대사람 - 횡단중,안전운전불이행,건조,맑음,교차로 - 교차로횡단보도내,승용,여,47세,상해없음,보행자,남,46세,중상
2021080500100036,2021년 8월 5일 06시,목요일,제주특별자치도 제주시 노형동,중상사고,0,1,0,0,차대차 - 기타,안전운전불이행,건조,맑음,교차로 - 교차로안,자전거,남,71세,중상,승용,남,41세,상해없음
2021080500100053,2021년 8월 5일 07시,목요일,제주특별자치도 제주시 조천읍,중상사고,0,1,0,0,차대차 - 측면충돌,교차로운행방법위반,건조,맑음,교차로 - 교차로안,화물,남,40세,상해없음,자전거,남,54세,중상
2021080500100123,2021년 8월 5일 09시,목요일,제주특별자치도 서귀포시 서귀동,경상사고,0,0,1,0,차대사람 - 횡단중,안전운전불이행,건조,맑음,단일로 - 지하차도(도로)내,화물,여,51세,상해없음,보행자,여,73세,경상
2021080500100124,2021년 8월 5일 09시,목요일,제주특별자치도 제주시 애월읍,경상사고,0,0,1,0,차대차 - 측면충돌,안전운전불이행,건조,맑음,단일로 - 기타,농기계,남,72세,경상,승용,여,43세,상해없음
2021080500100155,2021년 8월 5일 10시,목요일,제주특별자치도 서귀포시 성산읍,경상사고,0,0,1,0,차대차 - 기타,직진우회전진행방해,건조,맑음,교차로 - 교차로안,승용,남,26세,경상,승용,여,36세,상해없음
2021080500100272,2021년 8월 5일 13시,목요일,제주특별자치도 제주시 용담일동,중상사고,0,1,2,0,차대차 - 기타,교차로운행방법위반,건조,맑음,교차로 - 교차로안,승용,여,59세,중상,승용,여,26세,경상
2021080500100309,2021년 8월 5일 14시,목요일,제주특별자치도 서귀포시 상효동,경상사고,0,0,2,0,차대차 - 추돌,안전거리미확보,건조,맑음,단일로 - 기타,승용,여,21세,상해없음,승용,남,26세,경상
2021080500100342,2021년 8월 5일 15시,목요일,제주특별자치도 제주시 한림읍,중상사고,0,1,0,0,차대차 - 측면충돌,안전운전불이행,건조,맑음,단일로 - 기타,화물,여,69세,상해없음,이륜,남,84세,중상
2021080500100378,2021년 8월 5일 16시,목요일,제주특별자치도 제주시 연동,경상사고,0,0,1,0,차대차 - 기타,안전운전불이행,건조,맑음,기타 - 기타,승용,여,45세,상해없음,자전거,남,16세,경상
2021080500100554,2021년 8월 5일 20시,목요일,제주특별자치도 제주시 도두일동,경상사고,0,0,2,0,차대차 - 추돌,안전운전불이행,건조,기타,단일로 - 기타,승용,여,59세,상해없음,승용,여,34세,경상
2021080500100578,2021년 8월 5일 21시,목요일,제주특별자치도 서귀포시 안덕면,중상사고,0,4,3,0,차대차 - 기타,기타,건조,맑음,단일로 - 기타,승용,여,42세,중상,승용,남,35세,상해없음
2021080600100005,2021년 8월 6일 01시,금요일,제주특별자치도 서귀포시 안덕면,중상사고,0,1,0,0,차량단독 - 공작물충돌,기타,건조,맑음,단일로 - 기타,승용,남,31세,중상,,,,
2021080600100058,2021년 8월 6일 07시,금요일,제주특별자치도 제주시 도평동,부상신고사고,0,0,0,5,차대차 - 추돌,안전운전불이행,건조,맑음,교차로 - 교차로안,승용,여,46세,부상신고,승용,여,49세,부상신고
2021080600100131,2021년 8월 6일 09시,금요일,제주특별자치도 제주시 봉개동,경상사고,0,0,1,0,차대차 - 측면충돌,안전거리미확보,건조,맑음,단일로 - 기타,화물,남,60세,상해없음,승용,여,45세,경상
2021080600100154,2021년 8월 6일 10시,금요일,제주특별자치도 제주시 화북이동,경상사고,0,0,1,0,차대차 - 기타,안전운전불이행,건조,맑음,단일로 - 기타,화물,남,68세,상해없음,승용,여,31세,경상
2021080600100155,2021년 8월 6일 10시,금요일,제주특별자치도 제주시 이도일동,경상사고,0,0,2,0,차대차 - 추돌,안전운전불이행,건조,맑음,교차로 - 교차로안,승용,여,21세,상해없음,승용,여,34세,경상
2021080600100181,2021년 8월 6일 11시,금요일,제주특별자치도 제주시 구좌읍,사망사고,1,0,0,0,차대사람 - 횡단중,보행자보호의무위반,건조,맑음,교차로 - 교차로횡단보도내,화물,남,50세,상해없음,보행자,여,81세,사망
2021080600100182,2021년 8월 6일 11시,금요일,제주특별자치도 서귀포시 서귀동,경상사고,0,0,1,0,차대차 - 측면충돌,직진우회전진행방해,건조,맑음,교차로 - 교차로안,승용,남,70세,경상,승용,남,26세,상해없음
2021080600100298,2021년 8월 6일 14시,금요일,제주특별자치도 서귀포시 안덕면,경상사고,0,0,2,0,차대차 - 추돌,안전운전불이행,건조,맑음,단일로 - 기타,승용,여,24세,상해없음,승용,남,26세,경상
2021080600100342,2021년 8월 6일 15시,금요일,제주특별자치도 제주시 이도이동,경상사고,0,0,1,0,차대차 - 추돌,안전운전불이행,건조,맑음,교차로 - 교차로부근,승용,남,21세,기타불명,이륜,남,31세,경상
2021080600100343,2021년 8월 6일 15시,금요일,제주특별자치도 서귀포시 강정동,경상사고,0,0,5,0,차대차 - 기타,중앙선침범,건조,맑음,단일로 - 기타,승용,남,56세,상해없음,승용,여,66세,경상
2021080600100387,2021년 8월 6일 16시,금요일,제주특별자치도 제주시 연동,경상사고,0,0,1,0,차대차 - 측면충돌,안전운전불이행,건조,맑음,기타 - 기타,화물,남,55세,상해없음,승용,남,33세,경상
2021080600100437,2021년 8월 6일 17시,금요일,제주특별자치도 제주시 이도이동,경상사고,0,0,3,0,차대차 - 기타,안전거리미확보,건조,맑음,단일로 - 기타,화물,남,49세,상해없음,승용,여,51세,경상
2021080600100438,2021년 8월 6일 17시,금요일,제주특별자치도 서귀포시 대정읍,경상사고,0,0,1,0,차대차 - 기타,직진우회전진행방해,건조,맑음,교차로 - 교차로안,승용,여,48세,상해없음,승용,남,27세,경상
2021080600100486,2021년 8월 6일 18시,금요일,제주특별자치도 제주시 구좌읍,경상사고,0,0,1,0,차대차 - 기타,안전운전불이행,건조,맑음,단일로 - 기타,화물,남,61세,상해없음,승용,여,49세,경상
2021080600100526,2021년 8월 6일 19시,금요일,제주특별자치도 서귀포시 색달동,경상사고,0,0,1,0,차대사람 - 기타,기타,건조,맑음,교차로 - 교차로부근,승용,남,39세,상해없음,보행자,여,13세,경상
2021080600100569,2021년 8월 6일 20시,금요일,제주특별자치도 제주시 용담이동,경상사고,0,0,2,0,차대차 - 기타,안전운전불이행,건조,맑음,교차로 - 교차로안,승용,남,33세,상해없음,승합,남,49세,상해없음
2021080600100618,2021년 8월 6일 22시,금요일,제주특별자치도 제주시 연동,중상사고,0,1,0,0,차대사람 - 보도통행중,보행자보호의무위반,건조,맑음,교차로 - 교차로안,승용,남,28세,상해없음,보행자,남,44세,중상
2021080700100007,2021년 8월 7일 00시,토요일,제주특별자치도 제주시 용강동,사망사고,1,0,0,0,차량단독 - 전도전복 - 전도,기타,건조,맑음,단일로 - 기타,승용,남,41세,사망,,,,
2021080700100014,2021년 8월 7일 01시,토요일,제주특별자치도 제주시 노형동,경상사고,0,0,2,0,차대차 - 후진중충돌,안전운전불이행,건조,맑음,단일로 - 기타,승용,남,36세,상해없음,승용,남,29세,경상
2021080700100018,2021년 8월 7일 02시,토요일,제주특별자치도 제주시 도두이동,사망사고,1,2,1,0,차량단독 - 공작물충돌,기타,건조,기타,단일로 - 기타,승용,남,29세,경상,,,,
2021080700100054,2021년 8월 7일 07시,토요일,제주특별자치도 제주시 용담이동,경상사고,0,0,2,0,차대차 - 측면충돌,안전거리미확보,건조,맑음,단일로 - 기타,승용,남,68세,상해없음,화물,남,35세,경상
2021080700100070,2021년 8월 7일 08시,토요일,제주특별자치도 서귀포시 대정읍,경상사고,0,0,1,0,차대사람 - 기타,안전운전불이행,건조,맑음,단일로 - 기타,화물,남,57세,상해없음,보행자,남,64세,경상
2021080700100199,2021년 8월 7일 12시,토요일,제주특별자치도 제주시 구좌읍,경상사고,0,0,2,0,차대차 - 추돌,안전운전불이행,건조,맑음,교차로 - 교차로부근,화물,남,58세,상해없음,승용,여,26세,경상
2021080700100200,2021년 8월 7일 12시,토요일,제주특별자치도 서귀포시 상효동,경상사고,0,0,1,0,차대차 - 추돌,안전거리미확보,건조,맑음,교차로 - 교차로부근,화물,남,24세,상해없음,승용,남,33세,경상
2021080700100201,2021년 8월 7일 12시,토요일,제주특별자치도 서귀포시 법환동,경상사고,0,0,1,0,차대차 - 정면충돌,안전운전불이행,건조,맑음,교차로 - 교차로안,화물,남,41세,상해없음,승용,여,59세,경상
2021080700100275,2021년 8월 7일 14시,토요일,제주특별자치도 제주시 한림읍,경상사고,0,0,2,0,차대차 - 측면충돌,기타,건조,맑음,교차로 - 교차로안,승용,남,19세,상해없음,승용,남,27세,경상
2021080700100333,2021년 8월 7일 16시,토요일,제주특별자치도 제주시 건입동,경상사고,0,0,1,0,차대차 - 측면충돌,안전운전불이행,건조,맑음,교차로 - 교차로부근,화물,남,33세,상해없음,승용,남,44세,경상
2021080700100334,2021년 8월 7일 16시,토요일,제주특별자치도 서귀포시 강정동,경상사고,0,0,1,0,차대차 - 추돌,안전운전불이행,건조,맑음,교차로 - 교차로부근,승용,남,34세,상해없음,승용,여,44세,경상
2021080700100367,2021년 8월 7일 17시,토요일,제주특별자치도 서귀포시 신효동,중상사고,0,1,1,0,차대차 - 측면충돌,안전운전불이행,건조,맑음,단일로 - 기타,승용,남,50세,경상,승용,남,61세,중상
2021080700100368,2021년 8월 7일 17시,토요일,제주특별자치도 서귀포시 서귀동,경상사고,0,0,1,0,차대사람 - 기타,안전운전불이행,건조,맑음,단일로 - 기타,화물,남,33세,상해없음,보행자,남,61세,경상
2021080700100369,2021년 8월 7일 17시,토요일,제주특별자치도 제주시 한경면,경상사고,0,0,3,0,차대차 - 정면충돌,안전운전불이행,건조,맑음,교차로 - 교차로부근,이륜,여,73세,경상,승용,남,42세,경상
2021080700100447,2021년 8월 7일 19시,토요일,제주특별자치도 제주시 외도일동,중상사고,0,1,0,0,차대차 - 기타,안전거리미확보,건조,맑음,단일로 - 기타,승용,여,25세,상해없음,승용,여,63세,중상
2021080700100512,2021년 8월 7일 21시,토요일,제주특별자치도 서귀포시 중문동,경상사고,0,0,2,0,차대차 - 측면충돌,신호위반,건조,맑음,교차로 - 교차로안,승용,남,64세,상해없음,승용,남,26세,경상
2021080700100513,2021년 8월 7일 21시,토요일,제주특별자치도 서귀포시 대정읍,경상사고,0,0,3,0,차대차 - 측면충돌,직진우회전진행방해,건조,맑음,교차로 - 교차로안,화물,남,48세,경상,승용,여,39세,경상
2021080800100075,2021년 8월 8일 09시,일요일,제주특별자치도 서귀포시 서귀동,중상사고,0,1,0,0,차대사람 - 횡단중,안전운전불이행,건조,맑음,단일로 - 기타,승용,남,55세,상해없음,보행자,여,42세,중상
2021080800100076,2021년 8월 8일 09시,일요일,제주특별자치도 제주시 용담이동,부상신고사고,0,0,0,4,차대차 - 측면충돌,안전거리미확보,건조,맑음,단일로 - 기타,승합,남,44세,상해없음,승용,여,18세,부상신고
2021080800100087,2021년 8월 8일 10시,일요일,제주특별자치도 제주시 구좌읍,경상사고,0,0,1,0,차대차 - 추돌,안전거리미확보,젖음/습기,비,교차로 - 교차로부근,승용,여,50세,상해없음,승용,여,50세,경상
2021080800100160,2021년 8월 8일 13시,일요일,제주특별자치도 서귀포시 대포동,경상사고,0,0,1,0,차대차 - 기타,직진우회전진행방해,건조,맑음,교차로 - 교차로안,승용,남,34세,상해없음,자전거,남,27세,경상
2021080800100184,2021년 8월 8일 14시,일요일,제주특별자치도 서귀포시 남원읍,경상사고,0,0,4,1,차대차 - 추돌,안전운전불이행,건조,맑음,단일로 - 기타,승용,남,54세,부상신고,승용,남,58세,경상
2021080800100274,2021년 8월 8일 17시,일요일,제주특별자치도 제주시 건입동,중상사고,0,1,0,0,차량단독 - 공작물충돌,안전운전불이행,건조,맑음,단일로 - 기타,이륜,남,51세,중상,,,,
2021080800100308,2021년 8월 8일 18시,일요일,제주특별자치도 제주시 이도이동,경상사고,0,0,2,0,차대차 - 측면충돌,신호위반,건조,맑음,교차로 - 교차로부근,승용,여,48세,상해없음,승용,남,26세,경상
2021080800100371,2021년 8월 8일 20시,일요일,제주특별자치도 제주시 연동,경상사고,0,0,1,0,차대사람 - 횡단중,신호위반,건조,맑음,교차로 - 교차로횡단보도내,승용,남,57세,상해없음,보행자,남,30세,경상
2021080800100414,2021년 8월 8일 22시,일요일,제주특별자치도 제주시 이도이동,경상사고,0,0,1,0,차대차 - 측면충돌,신호위반,건조,맑음,교차로 - 교차로부근,승용,남,28세,상해없음,승용,여,56세,경상
2021080800100415,2021년 8월 8일 22시,일요일,제주특별자치도 서귀포시 대정읍,경상사고,0,0,1,0,차대차 - 측면충돌,안전운전불이행,건조,맑음,단일로 - 기타,승용,여,44세,기타불명,승용,남,22세,경상
2021080900100144,2021년 8월 9일 09시,월요일,제주특별자치도 서귀포시 중문동,중상사고,0,1,0,0,차대사람 - 기타,안전운전불이행,건조,맑음,단일로 - 기타,화물,남,53세,상해없음,보행자,여,84세,중상
2021080900100172,2021년 8월 9일 10시,월요일,제주특별자치도 서귀포시 성산읍,중상사고,0,1,0,0,차대차 - 기타,신호위반,건조,맑음,교차로 - 교차로안,승용,여,25세,상해없음,이륜,남,21세,중상
2021080900100214,2021년 8월 9일 11시,월요일,제주특별자치도 제주시 애월읍,경상사고,0,0,1,0,차대차 - 추돌,안전운전불이행,건조,맑음,교차로 - 교차로부근,화물,여,53세,상해없음,이륜,남,24세,경상
2021080900100215,2021년 8월 9일 11시,월요일,제주특별자치도 제주시 외도이동,경상사고,0,0,1,0,차대차 - 측면충돌,안전운전불이행,건조,맑음,단일로 - 기타,승용,여,47세,상해없음,자전거,남,45세,경상
2021080900100318,2021년 8월 9일 14시,월요일,제주특별자치도 서귀포시 성산읍,경상사고,0,0,1,0,차대차 - 추돌,직진우회전진행방해,건조,맑음,교차로 - 교차로안,승용,남,42세,상해없음,승용,여,59세,경상
2021080900100319,2021년 8월 9일 14시,월요일,제주특별자치도 제주시 애월읍,경상사고,0,0,2,0,차대차 - 추돌,안전운전불이행,건조,맑음,단일로 - 기타,승용,남,52세,상해없음,승용,남,42세,경상
2021080900100352,2021년 8월 9일 15시,월요일,제주특별자치도 제주시 이도이동,경상사고,0,0,2,0,차대차 - 추돌,신호위반,건조,맑음,교차로 - 교차로안,승용,남,49세,상해없음,승용,남,34세,경상
2021080900100436,2021년 8월 9일 17시,월요일,제주특별자치도 제주시 한경면,경상사고,0,0,2,0,차대차 - 측면충돌,교차로운행방법위반,건조,흐림,교차로 - 교차로안,화물,남,79세,경상,승합,남,55세,상해없음
2021080900100437,2021년 8월 9일 17시,월요일,제주특별자치도 제주시 이호일동,중상사고,0,1,0,0,차대차 - 추돌,안전운전불이행,건조,맑음,단일로 - 기타,승용,남,48세,기타불명,승용,여,43세,중상
2021080900100480,2021년 8월 9일 18시,월요일,제주특별자치도 제주시 이도일동,경상사고,0,0,1,0,차대차 - 추돌,안전거리미확보,건조,맑음,단일로 - 기타,승용,남,30세,상해없음,승용,여,57세,경상
2021080900100481,2021년 8월 9일 18시,월요일,제주특별자치도 제주시 용담이동,경상사고,0,0,1,1,차대차 - 기타,안전거리미확보,건조,맑음,단일로 - 기타,승용,남,57세,상해없음,승합,남,38세,상해없음
2021080900100546,2021년 8월 9일 20시,월요일,제주특별자치도 제주시 이도일동,경상사고,0,0,1,0,차대차 - 추돌,안전운전불이행,건조,맑음,단일로 - 기타,이륜,남,26세,상해없음,이륜,남,49세,경상
2021080900100570,2021년 8월 9일 21시,월요일,제주특별자치도 제주시 연동,중상사고,0,1,1,0,차대차 - 기타,직진우회전진행방해,건조,맑음,교차로 - 교차로안,이륜,남,41세,중상,승용,남,55세,상해없음
2021080900100571,2021년 8월 9일 21시,월요일,제주특별자치도 제주시 도두일동,경상사고,0,0,1,0,차대차 - 기타,안전운전불이행,건조,맑음,교차로 - 교차로부근,승용,남,59세,상해없음,승용,여,57세,경상
2021081000100035,2021년 8월 10일 06시,화요일,제주특별자치도 서귀포시 동홍동,부상신고사고,0,0,0,1,차대사람 - 횡단중,기타,건조,맑음,교차로 - 교차로횡단보도내,승용,남,44세,상해없음,보행자,남,28세,부상신고
2021081000100121,2021년 8월 10일 10시,화요일,제주특별자치도 제주시 이도이동,중상사고,0,1,0,0,차대차 - 측면충돌,신호위반,건조,맑음,교차로 - 교차로부근,승용,남,52세,상해없음,이륜,남,40세,중상
2021081000100122,2021년 8월 10일 10시,화요일,제주특별자치도 제주시 연동,경상사고,0,0,1,0,차대차 - 기타,안전운전불이행,건조,맑음,교차로 - 교차로부근,승용,남,40세,경상,승용,여,63세,상해없음
2021081000100164,2021년 8월 10일 11시,화요일,제주특별자치도 제주시 이도이동,중상사고,0,1,0,0,차대차 - 측면충돌,신호위반,건조,맑음,교차로 - 교차로부근,승용,남,49세,상해없음,이륜,남,27세,중상
2021081000100165,2021년 8월 10일 11시,화요일,제주특별자치도 서귀포시 안덕면,경상사고,0,0,1,0,차대차 - 후진중충돌,안전운전불이행,건조,맑음,교차로 - 교차로부근,승용,남,79세,상해없음,승용,여,35세,경상
2021081000100204,2021년 8월 10일 12시,화요일,제주특별자치도 서귀포시 서호동,경상사고,0,0,1,0,차대차 - 기타,직진우회전진행방해,건조,맑음,교차로 - 교차로안,특수,남,25세,상해없음,이륜,남,28세,경상
2021081000100364,2021년 8월 10일 17시,화요일,제주특별자치도 제주시 이도이동,경상사고,0,0,1,0,차대사람 - 기타,안전운전불이행,건조,맑음,교차로 - 교차로부근,승용,남,50세,상해없음,보행자,남,20세,경상
2021081000100489,2021년 8월 10일 20시,화요일,제주특별자치도 서귀포시 안덕면,경상사고,0,0,1,0,차대차 - 측면충돌,안전운전불이행,건조,맑음,단일로 - 기타,이륜,남,39세,경상,승용,남,62세,상해없음
2021081000100515,2021년 8월 10일 21시,화요일,제주특별자치도 제주시 외도일동,경상사고,0,0,1,0,차대사람 - 횡단중,신호위반,건조,맑음,교차로 - 교차로횡단보도내,이륜,남,18세,상해없음,보행자,여,31세,경상
2021081100100005,2021년 8월 11일 01시,수요일,제주특별자치도 제주시 용담일동,부상신고사고,0,0,0,1,차량단독 - 기타,안전운전불이행,건조,맑음,단일로 - 기타,개인형이동수단(PM),남,17세,부상신고,,,,
2021081100100114,2021년 8월 11일 09시,수요일,제주특별자치도 서귀포시 남원읍,경상사고,0,0,1,0,차대차 - 기타,기타,건조,맑음,기타 - 기타,승용,여,25세,상해없음,화물,남,34세,경상
2021081100100172,2021년 8월 11일 11시,수요일,제주특별자치도 서귀포시 안덕면,경상사고,0,0,1,0,차량단독 - 공작물충돌,안전운전불이행,젖음/습기,비,단일로 - 기타,승용,여,47세,경상,,,,
2021081100100233,2021년 8월 11일 13시,수요일,제주특별자치도 서귀포시 남원읍,경상사고,0,0,1,0,차대차 - 기타,직진우회전진행방해,건조,맑음,교차로 - 교차로안,승용,남,64세,경상,화물,여,67세,상해없음