사고번호,사고일시,요일,시군구,사고내용,사망자수,중상자수,경상자수,부상신고자수,사고유형,법규위반,노면상태,기상상태,도로형태,가해운전자 차종,가해운전자 성별,가해운전자 연령,가해운전자 상해정도,피해운전자 차종,피해운전자 성별,피해운전자 연령,피해운전자 상해정도
2021081100100262,2021년 8월 11일 14시,수요일,제주특별자치도 제주시 이도일동,경상사고,0,0,1,0,차대차 - 기타,안전운전불이행,건조,맑음,단일로 - 기타,화물,남,62세,상해없음,승용,남,41세,경상
2021081100100362,2021년 8월 11일 17시,수요일,제주특별자치도 제주시 노형동,경상사고,0,0,1,0,차대차 - 기타,직진우회전진행방해,건조,맑음,교차로 - 교차로안,승용,여,50세,상해없음,이륜,남,23세,경상
2021081100100397,2021년 8월 11일 18시,수요일,제주특별자치도 제주시 아라일동,경상사고,0,0,1,0,차대차 - 추돌,안전운전불이행,건조,맑음,단일로 - 기타,승용,남,44세,상해없음,승용,남,37세,경상
2021081100100398,2021년 8월 11일 18시,수요일,제주특별자치도 제주시 노형동,경상사고,0,0,1,0,차대사람 - 보도통행중,안전운전불이행,건조,맑음,기타 - 기타,개인형이동수단(PM),여,30세,상해없음,보행자,여,47세,경상
2021081100100399,2021년 8월 11일 18시,수요일,제주특별자치도 제주시 용담이동,경상사고,0,0,2,0,차대차 - 기타,안전운전불이행,건조,맑음,단일로 - 기타,화물,남,44세,상해없음,화물,남,27세,경상
2021081100100511,2021년 8월 11일 21시,수요일,제주특별자치도 제주시 연동,부상신고사고,0,0,0,2,차대차 - 정면충돌,직진우회전진행방해,건조,맑음,교차로 - 교차로안,승용,여,27세,상해없음,승용,남,70세,부상신고
2021081200100090,2021년 8월 12일 08시,목요일,제주특별자치도 제주시 이도이동,중상사고,0,1,4,0,차대차 - 기타,신호위반,건조,맑음,교차로 - 교차로안,승용,남,79세,상해없음,승용,남,69세,경상
2021081200100091,2021년 8월 12일 08시,목요일,제주특별자치도 제주시 이호이동,경상사고,0,0,1,0,차대차 - 기타,안전운전불이행,건조,맑음,단일로 - 기타,승용,남,63세,기타불명,승용,여,33세,경상
2021081200100130,2021년 8월 12일 09시,목요일,제주특별자치도 제주시 이도이동,경상사고,0,0,1,0,차대차 - 기타,신호위반,젖음/습기,비,교차로 - 교차로안,승용,여,67세,상해없음,승용,여,42세,경상
2021081200100189,2021년 8월 12일 11시,목요일,제주특별자치도 제주시 화북일동,경상사고,0,0,1,0,차대사람 - 보도통행중,기타,건조,맑음,단일로 - 기타,이륜,남,67세,상해없음,보행자,여,24세,경상
2021081200100227,2021년 8월 12일 12시,목요일,제주특별자치도 제주시 애월읍,중상사고,0,2,1,0,차대차 - 측면충돌,기타,건조,맑음,교차로 - 교차로안,승용,남,59세,상해없음,승용,여,52세,중상
2021081200100285,2021년 8월 12일 14시,목요일,제주특별자치도 제주시 이도이동,중상사고,0,1,4,0,차대차 - 기타,신호위반,젖음/습기,흐림,단일로 - 기타,승용,남,55세,경상,승합,남,53세,경상
2021081200100286,2021년 8월 12일 14시,목요일,제주특별자치도 서귀포시 남원읍,중상사고,0,1,2,0,차대차 - 측면충돌,신호위반,건조,맑음,교차로 - 교차로안,승용,여,53세,경상,승용,여,44세,상해없음
2021081200100287,2021년 8월 12일 14시,목요일,제주특별자치도 서귀포시 서홍동,경상사고,0,0,1,0,차대차 - 측면충돌,안전거리미확보,건조,맑음,단일로 - 기타,승용,남,30세,상해없음,화물,남,38세,경상
2021081200100320,2021년 8월 12일 15시,목요일,제주특별자치도 제주시 이도이동,경상사고,0,0,1,0,차대사람 - 기타,안전운전불이행,건조,맑음,교차로 - 교차로안,승용,남,28세,상해없음,보행자,여,14세,경상
2021081200100357,2021년 8월 12일 16시,목요일,제주특별자치도 서귀포시 대포동,중상사고,0,2,3,0,차대차 - 정면충돌,중앙선침범,젖음/습기,비,단일로 - 기타,승용,여,41세,경상,승용,남,52세,경상
2021081200100427,2021년 8월 12일 18시,목요일,제주특별자치도 제주시 일도이동,경상사고,0,0,1,0,차대사람 - 횡단중,보행자보호의무위반,젖음/습기,비,교차로 - 교차로횡단보도내,이륜,남,33세,기타불명,보행자,여,14세,경상
2021081200100469,2021년 8월 12일 19시,목요일,제주특별자치도 제주시 한림읍,경상사고,0,0,1,0,차대차 - 기타,안전운전불이행,건조,기타,기타 - 기타,승용,여,55세,상해없음,승합,남,23세,상해없음
2021081200100470,2021년 8월 12일 19시,목요일,제주특별자치도 제주시 노형동,경상사고,0,0,1,0,차대차 - 기타,직진우회전진행방해,젖음/습기,비,교차로 - 교차로안,이륜,남,27세,경상,승용,남,26세,상해없음
2021081200100498,2021년 8월 12일 20시,목요일,제주특별자치도 제주시 한림읍,경상사고,0,0,1,0,차대차 - 측면충돌,직진우회전진행방해,젖음/습기,흐림,교차로 - 교차로안,승용,남,50세,상해없음,이륜,남,39세,경상
2021081200100499,2021년 8월 12일 20시,목요일,제주특별자치도 제주시 한림읍,경상사고,0,0,1,0,차대차 - 기타,직진우회전진행방해,건조,맑음,교차로 - 교차로안,승용,남,55세,상해없음,승용,여,24세,경상
2021081300100076,2021년 8월 13일 08시,금요일,제주특별자치도 서귀포시 서귀동,중상사고,0,2,2,0,차대차 - 측면충돌,직진우회전진행방해,젖음/습기,비,교차로 - 교차로안,승용,여,50세,경상,승용,남,27세,중상
2021081300100077,2021년 8월 13일 08시,금요일,제주특별자치도 제주시 한림읍,경상사고,0,0,1,0,차대차 - 측면충돌,안전거리미확보,건조,맑음,단일로 - 기타,승용,남,64세,상해없음,화물,여,49세,경상
2021081300100156,2021년 8월 13일 11시,금요일,제주특별자치도 제주시 노형동,경상사고,0,0,1,0,차대차 - 기타,신호위반,건조,맑음,교차로 - 교차로안,승용,남,65세,상해없음,화물,남,40세,경상
2021081300100157,2021년 8월 13일 11시,금요일,제주특별자치도 제주시 연동,경상사고,0,0,3,0,차대차 - 추돌,안전운전불이행,젖음/습기,비,단일로 - 기타,승용,남,55세,상해없음,승용,남,33세,경상
2021081300100270,2021년 8월 13일 14시,금요일,제주특별자치도 제주시 애월읍,경상사고,0,0,3,0,차대차 - 추돌,안전거리미확보,건조,맑음,단일로 - 기타,승용,남,23세,상해없음,승용,남,76세,경상
2021081300100310,2021년 8월 13일 15시,금요일,제주특별자치도 제주시 이도이동,경상사고,0,0,1,0,차대차 - 측면충돌,신호위반,건조,맑음,단일로 - 기타,승용,남,44세,상해없음,승용,남,24세,경상
2021081300100399,2021년 8월 13일 17시,금요일,제주특별자치도 서귀포시 동홍동,경상사고,0,0,2,0,차대차 - 추돌,안전운전불이행,젖음/습기,흐림,교차로 - 교차로부근,승용,남,28세,상해없음,승용,남,69세,경상
2021081300100451,2021년 8월 13일 18시,금요일,제주특별자치도 서귀포시 동홍동,부상신고사고,0,0,0,1,차대차 - 기타,안전운전불이행,젖음/습기,흐림,교차로 - 교차로안,이륜,남,27세,상해없음,이륜,남,19세,부상신고
2021081300100452,2021년 8월 13일 18시,금요일,제주특별자치도 제주시 연동,경상사고,0,0,2,0,차대차 - 측면충돌,안전운전불이행,젖음/습기,비,단일로 - 기타,승용,여,69세,상해없음,승용,남,66세,경상
2021081300100489,2021년 8월 13일 19시,금요일,제주특별자치도 서귀포시 안덕면,중상사고,0,1,4,0,차대차 - 추돌,안전운전불이행,건조,맑음,교차로 - 교차로부근,승합,남,26세,경상,승용,여,25세,경상
2021081300100537,2021년 8월 13일 21시,금요일,제주특별자치도 제주시 오라이동,경상사고,0,0,2,1,차대차 - 측면충돌,직진우회전진행방해,젖음/습기,비,교차로 - 교차로안,승용,남,23세,경상,승용,남,72세,부상신고
2021081300100538,2021년 8월 13일 21시,금요일,제주특별자치도 서귀포시 대정읍,부상신고사고,0,0,0,1,차량단독 - 도로외이탈 - 추락,안전운전불이행,건조,기타,단일로 - 기타,화물,남,40세,부상신고,,,,
2021081400100076,2021년 8월 14일 08시,토요일,제주특별자치도 서귀포시 서귀동,경상사고,0,0,1,0,차대차 - 기타,안전운전불이행,젖음/습기,비,단일로 - 기타,승용,남,71세,상해없음,승용,남,60세,경상
2021081400100102,2021년 8월 14일 09시,토요일,제주특별자치도 서귀포시 하효동,중상사고,0,1,1,0,차대차 - 정면충돌,직진우회전진행방해,젖음/습기,비,교차로 - 교차로안,승용,남,50세,중상,승용,여,51세,경상
2021081400100150,2021년 8월 14일 11시,토요일,제주특별자치도 서귀포시 표선면,중상사고,0,1,0,0,차대사람 - 기타,기타,젖음/습기,비,단일로 - 기타,승합,남,61세,상해없음,보행자,여,79세,중상
2021081400100151,2021년 8월 14일 11시,토요일,제주특별자치도 서귀포시 안덕면,경상사고,0,0,1,0,차대차 - 측면충돌,안전거리미확보,젖음/습기,비,교차로 - 교차로안,승용,여,21세,상해없음,화물,남,59세,경상
2021081400100178,2021년 8월 14일 12시,토요일,제주특별자치도 제주시 아라일동,경상사고,0,0,1,0,차대차 - 측면충돌,교차로운행방법위반,젖음/습기,맑음,교차로 - 교차로안,승용,남,46세,상해없음,이륜,남,54세,경상
2021081400100247,2021년 8월 14일 14시,토요일,제주특별자치도 제주시 조천읍,경상사고,0,0,1,0,차대차 - 측면충돌,안전운전불이행,젖음/습기,비,단일로 - 기타,승용,남,51세,상해없음,승용,여,44세,경상
2021081400100381,2021년 8월 14일 18시,토요일,제주특별자치도 제주시 일도이동,중상사고,0,1,0,0,차대차 - 측면충돌,직진우회전진행방해,젖음/습기,비,교차로 - 교차로안,승용,여,50세,상해없음,이륜,남,43세,중상
2021081400100472,2021년 8월 14일 21시,토요일,제주특별자치도 서귀포시 법환동,부상신고사고,0,0,0,1,차대사람 - 차도통행중,기타,건조,맑음,주차장 - 주차장,승용,남,45세,상해없음,보행자,남,28세,부상신고
2021081400100473,2021년 8월 14일 21시,토요일,제주특별자치도 제주시 연동,경상사고,0,0,5,0,차대차 - 추돌,신호위반,젖음/습기,비,교차로 - 교차로안,승합,남,48세,상해없음,승용,여,47세,경상
2021081400100490,2021년 8월 14일 22시,토요일,제주특별자치도 제주시 노형동,경상사고,0,0,2,0,차대차 - 측면충돌,안전운전불이행,건조,흐림,교차로 - 교차로안,승용,남,30세,상해없음,승용,남,44세,경상
2021081400100511,2021년 8월 14일 23시,토요일,제주특별자치도 제주시 한림읍,중상사고,0,2,0,0,차대차 - 기타,신호위반,건조,맑음,교차로 - 교차로부근,승용,남,54세,기타불명,승용,남,32세,기타불명
2021081500100008,2021년 8월 15일 00시,일요일,제주특별자치도 제주시 용담이동,사망사고,1,0,0,0,차대사람 - 차도통행중,안전운전불이행,건조,맑음,단일로 - 기타,승용,남,25세,상해없음,보행자,남,52세,사망
2021081500100021,2021년 8월 15일 01시,일요일,제주특별자치도 제주시 연동,중상사고,0,2,1,0,차대차 - 추돌,안전운전불이행,젖음/습기,흐림,단일로 - 기타,이륜,남,39세,중상,승용,여,28세,경상
2021081500100022,2021년 8월 15일 01시,일요일,제주특별자치도 제주시 용담이동,경상사고,0,0,2,0,차대차 - 기타,신호위반,건조,맑음,교차로 - 교차로안,승용,여,63세,경상,승용,남,62세,경상
2021081500100087,2021년 8월 15일 10시,일요일,제주특별자치도 서귀포시 동홍동,경상사고,0,0,1,0,차대사람 - 횡단중,보행자보호의무위반,건조,맑음,교차로 - 교차로횡단보도내,이륜,남,30세,상해없음,보행자,여,64세,경상
2021081500100088,2021년 8월 15일 10시,일요일,제주특별자치도 제주시 한림읍,경상사고,0,0,3,0,차대차 - 기타,안전거리미확보,건조,맑음,기타 - 기타,승용,여,32세,경상,승용,남,69세,경상
2021081500100117,2021년 8월 15일 11시,일요일,제주특별자치도 서귀포시 서귀동,중상사고,0,1,0,0,차대차 - 기타,직진우회전진행방해,건조,맑음,교차로 - 교차로안,승용,여,24세,상해없음,승용,여,34세,중상
2021081500100144,2021년 8월 15일 12시,일요일,제주특별자치도 제주시 일도이동,경상사고,0,0,2,0,차대차 - 측면충돌,직진우회전진행방해,건조,맑음,교차로 - 교차로안,승용,남,34세,경상,승용,여,46세,경상
2021081500100145,2021년 8월 15일 12시,일요일,제주특별자치도 서귀포시 토평동,부상신고사고,0,0,0,2,차대차 - 추돌,안전운전불이행,건조,맑음,교차로 - 교차로부근,승용,남,33세,상해없음,승용,남,49세,부상신고
2021081500100176,2021년 8월 15일 13시,일요일,제주특별자치도 제주시 노형동,경상사고,0,0,2,0,차대차 - 후진중충돌,안전운전불이행,건조,맑음,단일로 - 기타,승용,남,48세,상해없음,승용,남,33세,경상
2021081500100210,2021년 8월 15일 14시,일요일,제주특별자치도 제주시 구좌읍,경상사고,0,0,2,0,차대차 - 측면충돌,안전운전불이행,건조,맑음,단일로 - 기타,승용,남,26세,상해없음,승용,여,47세,경상
2021081500100211,2021년 8월 15일 14시,일요일,제주특별자치도 제주시 노형동,경상사고,0,0,1,0,차대차 - 측면충돌,안전운전불이행,젖음/습기,맑음,단일로 - 기타,승용,여,41세,기타불명,승용,남,31세,경상
2021081500100267,2021년 8월 15일 16시,일요일,제주특별자치도 서귀포시 동홍동,중상사고,0,1,0,0,차대차 - 측면충돌,기타,건조,맑음,교차로 - 교차로안,승용,여,37세,상해없음,승용,여,56세,중상
2021081500100343,2021년 8월 15일 19시,일요일,제주특별자치도 제주시 애월읍,경상사고,0,0,2,0,차대차 - 기타,안전운전불이행,젖음/습기,맑음,교차로 - 교차로부근,화물,남,63세,상해없음,승용,여,46세,경상
2021081500100403,2021년 8월 15일 22시,일요일,제주특별자치도 제주시 건입동,경상사고,0,0,2,0,차대차 - 정면충돌,신호위반,젖음/습기,흐림,교차로 - 교차로안,승용,여,23세,경상,승용,남,60세,경상
2021081600100009,2021년 8월 16일 01시,월요일,제주특별자치도 제주시 노형동,중상사고,0,1,0,0,차량단독 - 기타,안전운전불이행,건조,기타,단일로 - 기타,승용,남,39세,상해없음,,,,
2021081600100113,2021년 8월 16일 11시,월요일,제주특별자치도 서귀포시 표선면,부상신고사고,0,0,0,1,차량단독 - 기타,안전운전불이행,건조,흐림,단일로 - 기타,이륜,남,83세,부상신고,,,,
2021081600100114,2021년 8월 16일 11시,월요일,제주특별자치도 서귀포시 대정읍,경상사고,0,0,1,0,차대사람 - 기타,안전운전불이행,건조,맑음,교차로 - 교차로안,승용,여,32세,상해없음,보행자,여,76세,경상
2021081600100140,2021년 8월 16일 12시,월요일,제주특별자치도 제주시 구좌읍,경상사고,0,0,1,0,차대사람 - 기타,안전운전불이행,건조,맑음,기타 - 기타,승용,남,41세,상해없음,보행자,남,40세,경상
2021081600100184,2021년 8월 16일 13시,월요일,제주특별자치도 제주시 연동,경상사고,0,0,2,1,차대차 - 측면충돌,직진우회전진행방해,건조,맑음,교차로 - 교차로안,특수,남,55세,부상신고,승용,남,28세,경상
2021081600100220,2021년 8월 16일 14시,월요일,제주특별자치도 제주시 일도일동,중상사고,0,1,0,0,차대차 - 측면충돌,교차로운행방법위반,젖음/습기,흐림,교차로 - 교차로안,승용,남,72세,상해없음,이륜,여,20세,중상
2021081600100221,2021년 8월 16일 14시,월요일,제주특별자치도 서귀포시 대포동,경상사고,0,0,3,0,차대차 - 측면충돌,중앙선침범,건조,맑음,단일로 - 기타,승용,남,32세,상해없음,승용,남,39세,경상
2021081600100250,2021년 8월 16일 15시,월요일,제주특별자치도 제주시 아라일동,경상사고,0,0,4,0,차대차 - 기타,안전운전불이행,젖음/습기,비,단일로 - 기타,승용,남,70세,경상,승용,여,37세,경상
2021081600100384,2021년 8월 16일 19시,월요일,제주특별자치도 제주시 아라일동,경상사고,0,0,2,0,차대차 - 추돌,안전운전불이행,젖음/습기,비,교차로 - 교차로부근,이륜,남,18세,경상,승용,남,47세,경상
2021081600100410,2021년 8월 16일 20시,월요일,제주특별자치도 제주시 오라삼동,경상사고,0,0,2,0,차대차 - 기타,안전운전불이행,건조,맑음,단일로 - 기타,승용,여,35세,상해없음,승용,남,31세,경상
2021081700100046,2021년 8월 17일 07시,화요일,제주특별자치도 서귀포시 동홍동,경상사고,0,0,1,0,차대사람 - 기타,보행자보호의무위반,건조,맑음,교차로 - 교차로횡단보도내,화물,남,70세,상해없음,보행자,남,53세,경상
2021081700100082,2021년 8월 17일 08시,화요일,제주특별자치도 제주시 영평동,중상사고,0,1,0,0,차량단독 - 공작물충돌,안전운전불이행,젖음/습기,비,단일로 - 기타,승용,여,45세,상해없음,,,,
2021081700100114,2021년 8월 17일 09시,화요일,제주특별자치도 제주시 용담일동,경상사고,0,0,2,0,차대차 - 측면충돌,안전운전불이행,건조,맑음,단일로 - 기타,이륜,남,84세,경상,승용,여,53세,경상
2021081700100221,2021년 8월 17일 12시,화요일,제주특별자치도 제주시 조천읍,중상사고,0,1,0,0,차대차 - 기타,안전운전불이행,건조,맑음,단일로 - 기타,화물,여,67세,상해없음,이륜,남,78세,중상
2021081700100222,2021년 8월 17일 12시,화요일,제주특별자치도 서귀포시 서귀동,경상사고,0,0,1,0,차대사람 - 길가장자리구역통행중,신호위반,건조,맑음,단일로 - 지하차도(도로)내,승용,여,59세,상해없음,보행자,남,60세,경상
2021081700100293,2021년 8월 17일 14시,화요일,제주특별자치도 제주시 용담이동,경상사고,0,0,1,0,차대차 - 기타,안전운전불이행,건조,맑음,교차로 - 교차로안,화물,남,74세,상해없음,이륜,남,55세,경상
2021081700100328,2021년 8월 17일 15시,화요일,제주특별자치도 제주시 아라이동,경상사고,0,0,1,0,차대차 - 기타,교차로운행방법위반,건조,맑음,단일로 - 기타,승용,남,21세,경상,승용,남,28세,상해없음
2021081700100368,2021년 8월 17일 16시,화요일,제주특별자치도 제주시 노형동,경상사고,0,0,1,0,차대차 - 정면충돌,안전거리미확보,건조,맑음,교차로 - 교차로부근,승용,여,65세,상해없음,승용,여,34세,경상
2021081700100451,2021년 8월 17일 18시,화요일,제주특별자치도 제주시 조천읍,중상사고,0,1,0,0,차대차 - 측면충돌,중앙선침범,건조,맑음,교차로 - 교차로부근,승합,남,46세,상해없음,이륜,여,73세,중상
2021081700100452,2021년 8월 17일 18시,화요일,제주특별자치도 제주시 영평동,경상사고,0,0,1,0,차대차 - 추돌,안전운전불이행,건조,맑음,교차로 - 교차로안,승용,남,75세,상해없음,승용,여,29세,경상
2021081700100486,2021년 8월 17일 19시,화요일,제주특별자치도 제주시 화북일동,경상사고,0,0,1,0,차대차 - 기타,안전거리미확보,건조,맑음,단일로 - 기타,승용,여,66세,상해없음,승용,남,59세,경상
2021081700100487,2021년 8월 17일 19시,화요일,제주특별자치도 제주시 오라이동,경상사고,0,0,1,0,차대차 - 정면충돌,안전운전불이행,건조,흐림,단일로 - 기타,승용,남,47세,상해없음,승용,남,41세,경상
2021081700100521,2021년 8월 17일 20시,화요일,제주특별자치도 서귀포시 성산읍,경상사고,0,0,1,0,차대사람 - 횡단중,보행자보호의무위반,건조,흐림,교차로 - 교차로횡단보도내,승용,여,41세,상해없음,보행자,여,39세,경상
2021081700100575,2021년 8월 17일 22시,화요일,제주특별자치도 제주시 애월읍,경상사고,0,0,1,0,차대차 - 측면충돌,안전운전불이행,건조,기타,단일로 - 기타,승용,여,40세,상해없음,승용,여,46세,경상
2021081800100077,2021년 8월 18일 08시,수요일,제주특별자치도 서귀포시 서호동,부상신고사고,0,0,0,1,차대차 - 기타,직진우회전진행방해,건조,맑음,교차로 - 교차로안,승용,남,78세,부상신고,승용,남,55세,상해없음
2021081800100105,2021년 8월 18일 09시,수요일,제주특별자치도 제주시 일도일동,경상사고,0,0,1,0,차대차 - 측면충돌,교차로운행방법위반,건조,맑음,교차로 - 교차로안,승용,남,51세,상해없음,이륜,남,66세,경상
2021081800100106,2021년 8월 18일 09시,수요일,제주특별자치도 제주시 노형동,경상사고,0,0,1,0,차대차 - 추돌,안전운전불이행,건조,맑음,교차로 - 교차로안,승용,여,66세,상해없음,승용,여,46세,경상
2021081800100200,2021년 8월 18일 12시,수요일,제주특별자치도 제주시 삼도이동,경상사고,0,0,2,0,차대차 - 측면충돌,직진우회전진행방해,건조,맑음,교차로 - 교차로안,승용,여,24세,경상,승용,남,48세,경상
2021081800100274,2021년 8월 18일 14시,수요일,제주특별자치도 서귀포시 서귀동,중상사고,0,1,1,0,차대차 - 기타,안전운전불이행,젖음/습기,비,기타 - 기타,화물,남,48세,경상,승용,여,67세,중상
2021081800100392,2021년 8월 18일 17시,수요일,제주특별자치도 제주시 연동,경상사고,0,0,1,0,차대차 - 기타,직진우회전진행방해,건조,맑음,교차로 - 교차로안,개인형이동수단(PM),여,32세,경상,승용,남,32세,상해없음
2021081800100434,2021년 8월 18일 18시,수요일,제주특별자치도 서귀포시 대정읍,경상사고,0,0,1,0,차대사람 - 차도통행중,안전운전불이행,건조,맑음,교차로 - 교차로안,화물,남,48세,상해없음,보행자,남,45세,경상
2021081800100435,2021년 8월 18일 18시,수요일,제주특별자치도 서귀포시 서귀동,중상사고,0,1,0,0,차대사람 - 횡단중,보행자보호의무위반,건조,맑음,교차로 - 교차로횡단보도내,승용,남,27세,상해없음,보행자,여,61세,중상
2021081800100510,2021년 8월 18일 20시,수요일,제주특별자치도 제주시 화북이동,경상사고,0,0,1,1,차대차 - 측면충돌,신호위반,건조,맑음,교차로 - 교차로안,승용,여,52세,부상신고,승용,남,45세,경상
2021081800100511,2021년 8월 18일 20시,수요일,제주특별자치도 제주시 외도일동,경상사고,0,0,2,0,차대차 - 추돌,안전운전불이행,건조,맑음,단일로 - 기타,승용,남,22세,상해없음,승용,여,44세,경상
2021081800100569,2021년 8월 18일 22시,수요일,제주특별자치도 제주시 화북이동,중상사고,0,1,0,0,차대차 - 측면충돌,신호위반,건조,맑음,교차로 - 교차로안,건설기계,남,52세,상해없음,화물,남,55세,중상
2021081900100026,2021년 8월 19일 06시,목요일,제주특별자치도 제주시 구좌읍,중상사고,0,1,1,0,차대차 - 측면충돌,신호위반,건조,맑음,교차로 - 교차로안,이륜,여,81세,중상,승용,여,46세,경상
2021081900100077,2021년 8월 19일 08시,목요일,제주특별자치도 제주시 일도이동,경상사고,0,0,1,1,차대차 - 추돌,안전운전불이행,건조,맑음,교차로 - 교차로부근,승용,남,34세,상해없음,승용,남,31세,경상
2021081900100078,2021년 8월 19일 08시,목요일,제주특별자치도 제주시 구좌읍,중상사고,0,1,0,0,차대차 - 추돌,안전거리미확보,건조,맑음,단일로 - 기타,승용,남,59세,상해없음,승용,남,21세,상해없음
2021081900100079,2021년 8월 19일 08시,목요일,제주특별자치도 서귀포시 남원읍,중상사고,0,1,0,0,차대사람 - 횡단중,안전운전불이행,건조,맑음,단일로 - 기타,승용,남,39세,상해없음,보행자,남,65세,중상
2021081900100116,2021년 8월 19일 09시,목요일,제주특별자치도 제주시 연동,경상사고,0,0,1,0,차대차 - 기타,직진우회전진행방해,건조,맑음,교차로 - 교차로안,승용,여,29세,상해없음,승용,남,45세,경상
2021081900100159,2021년 8월 19일 10시,목요일,제주특별자치도 제주시 한림읍,경상사고,0,0,2,0,차대차 - 측면충돌,중앙선침범,건조,맑음,교차로 - 교차로안,승용,남,84세,상해없음,승용,여,25세,경상
2021081900100194,2021년 8월 19일 11시,목요일,제주특별자치도 서귀포시 서호동,중상사고,0,1,0,0,차량단독 - 전도전복 - 전도,안전운전불이행,건조,맑음,단일로 - 기타,이륜,남,69세,중상,,,,
2021081900100228,2021년 8월 19일 12시,목요일,제주특별자치도 제주시 아라일동,중상사고,0,1,0,0,차대사람 - 횡단중,보행자보호의무위반,건조,맑음,교차로 - 교차로안,화물,남,81세,상해없음,보행자,남,88세,중상
2021081900100229,2021년 8월 19일 12시,목요일,제주특별자치도 제주시 노형동,중상사고,0,1,0,0,차대차 - 측면충돌,안전운전불이행,젖음/습기,비,교차로 - 교차로부근,승용,남,59세,상해없음,자전거,남,9세,중상
2021081900100292,2021년 8월 19일 14시,목요일,제주특별자치도 제주시 아라이동,경상사고,0,0,1,0,차대차 - 측면충돌,교차로운행방법위반,건조,맑음,교차로 - 교차로안,승용,남,49세,상해없음,승용,남,57세,경상
2021081900100332,2021년 8월 19일 15시,목요일,제주특별자치도 서귀포시 동홍동,경상사고,0,0,1,0,차대차 - 측면충돌,신호위반,건조,맑음,교차로 - 교차로안,승용,여,32세,상해없음,승용,여,51세,경상
2021081900100414,2021년 8월 19일 17시,목요일,제주특별자치도 제주시 한경면,경상사고,0,0,2,0,차대차 - 측면충돌,직진우회전진행방해,젖음/습기,비,교차로 - 교차로안,승용,여,66세,경상,승용,여,36세,경상
2021081900100457,2021년 8월 19일 18시,목요일,제주특별자치도 제주시 조천읍,경상사고,0,0,1,0,차량단독 - 기타,안전운전불이행,젖음/습기,흐림,기타 - 기타,승용,남,29세,경상,,,,
2021081900100458,2021년 8월 19일 18시,목요일,제주특별자치도 서귀포시 서호동,경상사고,0,0,2,0,차대차 - 정면충돌,직진우회전진행방해,젖음/습기,맑음,교차로 - 교차로안,승용,남,64세,경상,승용,여,42세,경상
2021081900100491,2021년 8월 19일 19시,목요일,제주특별자치도 제주시 이도이동,경상사고,0,0,2,0,차대차 - 기타,신호위반,건조,맑음,교차로 - 교차로부근,승용,여,27세,상해없음,승용,남,23세,경상
2021081900100492,2021년 8월 19일 19시,목요일,제주특별자치도 제주시 용담삼동,경상사고,0,0,1,0,차대차 - 측면충돌,안전운전불이행,건조,맑음,단일로 - 기타,승용,남,60세,상해없음,자전거,남,16세,경상
2021082000100031,2021년 8월 20일 06시,금요일,제주특별자치도 서귀포시 안덕면,경상사고,0,0,1,0,차대차 - 기타,신호위반,건조,맑음,교차로 - 교차로안,승합,남,50세,상해없음,승용,여,38세,경상
2021082000100131,2021년 8월 20일 10시,금요일,제주특별자치도 제주시 용담일동,경상사고,0,0,1,0,차대차 - 기타,안전거리미확보,건조,맑음,기타 - 기타,승용,여,60세,상해없음,화물,남,42세,경상
2021082000100132,2021년 8월 20일 10시,금요일,제주특별자치도 서귀포시 표선면,경상사고,0,0,1,0,차대차 - 추돌,안전거리미확보,건조,맑음,교차로 - 교차로부근,승용,남,39세,상해없음,승용,남,51세,경상
2021082000100165,2021년 8월 20일 11시,금요일,제주특별자치도 제주시 아라일동,경상사고,0,0,1,0,차량단독 - 기타,기타,건조,맑음,단일로 - 기타,승합,남,66세,상해없음,,,,
2021082000100211,2021년 8월 20일 12시,금요일,제주특별자치도 제주시 이도이동,경상사고,0,0,1,0,차대차 - 기타,안전운전불이행,건조,맑음,단일로 - 기타,승용,남,56세,상해없음,승용,여,39세,기타불명
2021082000100212,2021년 8월 20일 12시,금요일,제주특별자치도 서귀포시 서호동,중상사고,0,1,0,0,차대차 - 후진중충돌,안전운전불이행,건조,맑음,단일로 - 기타,승용,남,54세,상해없음,승용,남,52세,중상
2021082000100423,2021년 8월 20일 17시,금요일,제주특별자치도 제주시 도련일동,경상사고,0,0,1,0,차대차 - 기타,안전거리미확보,건조,맑음,단일로 - 기타,승용,남,41세,상해없음,승용,남,25세,경상
2021082000100471,2021년 8월 20일 18시,금요일,제주특별자치도 제주시 구좌읍,사망사고,1,0,1,0,차대차 - 정면충돌,중앙선침범,건조,맑음,단일로 - 기타,승용,남,59세,사망,승용,여,56세,경상
2021082100100009,2021년 8월 21일 00시,토요일,제주특별자치도 제주시 삼도일동,경상사고,0,0,1,0,차대차 - 정면충돌,교차로운행방법위반,건조,맑음,교차로 - 교차로안,승용,남,48세,상해없음,승용,남,65세,상해없음