사고번호,사고일시,요일,시군구,사고내용,사망자수,중상자수,경상자수,부상신고자수,사고유형,법규위반,노면상태,기상상태,도로형태,가해운전자 차종,가해운전자 성별,가해운전자 연령,가해운전자 상해정도,피해운전자 차종,피해운전자 성별,피해운전자 연령,피해운전자 상해정도
2021083100100396,2021년 8월 31일 16시,화요일,제주특별자치도 서귀포시 대정읍,경상사고,0,0,1,0,차대사람 - 횡단중,보행자보호의무위반,건조,맑음,교차로 - 교차로횡단보도내,화물,남,74세,상해없음,보행자,남,16세,경상
2021083100100425,2021년 8월 31일 17시,화요일,제주특별자치도 서귀포시 토평동,중상사고,0,1,0,0,차대사람 - 차도통행중,안전운전불이행,건조,맑음,단일로 - 기타,승합,남,36세,상해없음,보행자,여,83세,중상
2021083100100426,2021년 8월 31일 17시,화요일,제주특별자치도 제주시 애월읍,부상신고사고,0,0,0,3,차대차 - 추돌,안전운전불이행,건조,맑음,단일로 - 기타,승용,여,28세,상해없음,승용,여,33세,부상신고
2021083100100474,2021년 8월 31일 18시,화요일,제주특별자치도 서귀포시 서귀동,중상사고,0,1,0,0,차대차 - 기타,기타,건조,맑음,교차로 - 교차로안,이륜,남,19세,상해없음,이륜,남,72세,중상
2021083100100475,2021년 8월 31일 18시,화요일,제주특별자치도 제주시 노형동,경상사고,0,0,1,0,차대차 - 후진중충돌,안전운전불이행,건조,맑음,교차로 - 교차로부근,승용,여,55세,상해없음,이륜,남,22세,경상
2021083100100578,2021년 8월 31일 20시,화요일,제주특별자치도 제주시 애월읍,경상사고,0,0,1,2,차대차 - 추돌,안전거리미확보,건조,맑음,단일로 - 기타,화물,남,36세,경상,승용,남,35세,부상신고
2021083100100579,2021년 8월 31일 20시,화요일,제주특별자치도 제주시 노형동,경상사고,0,0,2,0,차대차 - 측면충돌,신호위반,건조,맑음,교차로 - 교차로안,이륜,남,18세,경상,승용,남,33세,경상
2021083100100580,2021년 8월 31일 20시,화요일,제주특별자치도 제주시 연동,경상사고,0,0,1,0,차대사람 - 보도통행중,기타,건조,맑음,단일로 - 기타,화물,남,46세,상해없음,보행자,여,25세,경상
2021090100100016,2021년 9월 1일 02시,수요일,제주특별자치도 제주시 애월읍,부상신고사고,0,0,0,1,차대차 - 기타,안전운전불이행,건조,흐림,단일로 - 기타,승용,남,31세,부상신고,농기계,남,64세,상해없음
2021090100100024,2021년 9월 1일 05시,수요일,제주특별자치도 제주시 이호이동,중상사고,0,1,0,0,차대차 - 기타,안전거리미확보,건조,맑음,단일로 - 기타,승용,남,16세,상해없음,승용,여,22세,중상
2021090100100082,2021년 9월 1일 08시,수요일,제주특별자치도 제주시 한경면,중상사고,0,1,1,0,차대차 - 기타,직진우회전진행방해,건조,맑음,교차로 - 교차로안,승용,여,53세,중상,화물,남,58세,상해없음
2021090100100101,2021년 9월 1일 09시,수요일,제주특별자치도 제주시 연동,중상사고,0,1,0,0,차대차 - 측면충돌,직진우회전진행방해,건조,맑음,교차로 - 교차로안,이륜,남,41세,중상,화물,남,41세,상해없음
2021090100100185,2021년 9월 1일 12시,수요일,제주특별자치도 서귀포시 표선면,경상사고,0,0,1,0,차대차 - 기타,안전운전불이행,건조,맑음,교차로 - 교차로안,승합,남,53세,상해없음,화물,남,29세,경상
2021090100100186,2021년 9월 1일 12시,수요일,제주특별자치도 서귀포시 안덕면,경상사고,0,0,1,0,차대차 - 기타,직진우회전진행방해,건조,맑음,교차로 - 교차로안,승용,남,53세,상해없음,화물,남,38세,경상
2021090100100187,2021년 9월 1일 12시,수요일,제주특별자치도 제주시 한경면,경상사고,0,0,1,0,차대차 - 기타,안전운전불이행,건조,맑음,교차로 - 교차로안,승용,여,57세,상해없음,화물,남,38세,경상
2021090100100226,2021년 9월 1일 13시,수요일,제주특별자치도 제주시 이도이동,경상사고,0,0,2,0,차대차 - 측면충돌,직진우회전진행방해,건조,맑음,교차로 - 교차로안,승용,남,62세,상해없음,승용,남,31세,경상
2021090100100227,2021년 9월 1일 13시,수요일,제주특별자치도 제주시 노형동,경상사고,0,0,1,0,차대차 - 기타,직진우회전진행방해,건조,맑음,교차로 - 교차로안,승용,남,54세,상해없음,화물,남,56세,경상
2021090100100228,2021년 9월 1일 13시,수요일,제주특별자치도 제주시 애월읍,경상사고,0,0,2,0,차대차 - 측면충돌,안전운전불이행,건조,맑음,기타 - 기타,승용,남,30세,경상,승용,여,54세,상해없음
2021090100100265,2021년 9월 1일 14시,수요일,제주특별자치도 제주시 아라일동,경상사고,0,0,1,0,차대차 - 기타,안전운전불이행,건조,기타,교차로 - 교차로부근,개인형이동수단(PM),남,22세,상해없음,이륜,남,40세,경상
2021090100100330,2021년 9월 1일 16시,수요일,제주특별자치도 제주시 아라일동,경상사고,0,0,1,0,차대차 - 기타,안전운전불이행,건조,맑음,교차로 - 교차로부근,승합,남,71세,상해없음,자전거,남,10세,경상
2021090100100331,2021년 9월 1일 16시,수요일,제주특별자치도 제주시 삼양이동,중상사고,0,1,0,0,차대사람 - 기타,안전운전불이행,건조,맑음,단일로 - 기타,화물,남,61세,상해없음,보행자,남,26세,중상
2021090100100360,2021년 9월 1일 17시,수요일,제주특별자치도 제주시 이호이동,중상사고,0,1,0,0,차대차 - 측면충돌,교차로운행방법위반,건조,맑음,교차로 - 교차로안,승용,여,42세,상해없음,승용,여,68세,중상
2021090100100393,2021년 9월 1일 18시,수요일,제주특별자치도 제주시 오라일동,경상사고,0,0,1,0,차대차 - 측면충돌,직진우회전진행방해,건조,맑음,교차로 - 교차로안,승용,남,43세,상해없음,승용,여,39세,경상
2021090100100500,2021년 9월 1일 21시,수요일,제주특별자치도 제주시 삼도일동,경상사고,0,0,4,0,차대차 - 추돌,안전운전불이행,건조,기타,교차로 - 교차로부근,승용,여,24세,상해없음,승용,남,42세,경상
2021090200100108,2021년 9월 2일 09시,목요일,제주특별자치도 제주시 구좌읍,중상사고,0,2,0,0,차대차 - 기타,안전운전불이행,건조,맑음,교차로 - 교차로부근,화물,남,36세,상해없음,승용,남,63세,중상
2021090200100109,2021년 9월 2일 09시,목요일,제주특별자치도 제주시 연동,경상사고,0,0,1,0,차대차 - 기타,안전운전불이행,건조,맑음,기타 - 기타,승용,여,62세,상해없음,이륜,남,27세,경상
2021090200100148,2021년 9월 2일 10시,목요일,제주특별자치도 제주시 애월읍,중상사고,0,1,0,0,차대차 - 추돌,안전운전불이행,건조,맑음,단일로 - 기타,화물,남,39세,중상,화물,남,58세,상해없음
2021090200100224,2021년 9월 2일 13시,목요일,제주특별자치도 제주시 도남동,경상사고,0,0,1,0,차대차 - 측면충돌,안전운전불이행,건조,맑음,단일로 - 기타,승용,여,36세,상해없음,이륜,남,26세,경상
2021090200100290,2021년 9월 2일 15시,목요일,제주특별자치도 서귀포시 서홍동,경상사고,0,0,1,0,차대차 - 측면충돌,안전운전불이행,젖음/습기,비,단일로 - 기타,화물,여,62세,기타불명,승용,여,60세,경상
2021090200100324,2021년 9월 2일 16시,목요일,제주특별자치도 제주시 이도이동,경상사고,0,0,1,0,차대사람 - 기타,안전운전불이행,젖음/습기,비,교차로 - 교차로부근,승합,여,50세,상해없음,보행자,여,20세,경상
2021090200100374,2021년 9월 2일 17시,목요일,제주특별자치도 제주시 노형동,부상신고사고,0,0,0,2,차대차 - 추돌,안전거리미확보,젖음/습기,비,단일로 - 기타,승용,남,28세,상해없음,승용,남,31세,부상신고
2021090200100523,2021년 9월 2일 21시,목요일,제주특별자치도 제주시 아라이동,경상사고,0,0,1,0,차대차 - 측면충돌,안전운전불이행,건조,맑음,단일로 - 기타,승용,여,54세,상해없음,승용,여,24세,경상
2021090200100524,2021년 9월 2일 21시,목요일,제주특별자치도 제주시 노형동,경상사고,0,0,1,0,차대차 - 측면충돌,직진우회전진행방해,건조,기타,교차로 - 교차로안,승용,남,26세,상해없음,이륜,남,39세,경상
2021090200100559,2021년 9월 2일 23시,목요일,제주특별자치도 서귀포시 성산읍,중상사고,0,1,1,0,차량단독 - 도로외이탈 - 추락,안전운전불이행,건조,맑음,단일로 - 기타,승용,남,25세,경상,,,,
2021090300100058,2021년 9월 3일 07시,금요일,제주특별자치도 제주시 오라일동,경상사고,0,0,2,0,차대차 - 측면충돌,신호위반,젖음/습기,비,교차로 - 교차로안,승용,여,57세,경상,승용,남,72세,경상
2021090300100144,2021년 9월 3일 10시,금요일,제주특별자치도 제주시 용담이동,중상사고,0,1,0,0,차대사람 - 기타,안전운전불이행,젖음/습기,비,단일로 - 기타,승용,남,52세,상해없음,보행자,여,34세,중상
2021090300100224,2021년 9월 3일 13시,금요일,제주특별자치도 제주시 이도이동,경상사고,0,0,1,0,차대차 - 추돌,안전운전불이행,건조,맑음,단일로 - 기타,화물,남,43세,상해없음,승용,여,53세,경상
2021090300100257,2021년 9월 3일 14시,금요일,제주특별자치도 제주시 애월읍,중상사고,0,1,0,0,차대사람 - 횡단중,보행자보호의무위반,건조,맑음,교차로 - 교차로횡단보도내,승용,남,40세,상해없음,보행자,여,78세,중상
2021090300100383,2021년 9월 3일 17시,금요일,제주특별자치도 서귀포시 성산읍,경상사고,0,0,1,0,차대차 - 기타,안전운전불이행,건조,흐림,단일로 - 기타,이륜,남,69세,경상,화물,남,53세,상해없음
2021090300100440,2021년 9월 3일 18시,금요일,제주특별자치도 제주시 노형동,경상사고,0,0,2,1,차대차 - 기타,직진우회전진행방해,건조,맑음,교차로 - 교차로안,승용,여,35세,경상,승용,남,76세,부상신고
2021090300100516,2021년 9월 3일 20시,금요일,제주특별자치도 서귀포시 서홍동,경상사고,0,0,1,0,차대차 - 기타,안전운전불이행,건조,맑음,교차로 - 교차로안,이륜,남,19세,경상,승용,남,38세,상해없음
2021090400100124,2021년 9월 4일 10시,토요일,제주특별자치도 제주시 영평동,중상사고,0,3,0,0,차대차 - 기타,신호위반,건조,기타,교차로 - 교차로안,승용,여,55세,중상,화물,남,50세,중상
2021090400100125,2021년 9월 4일 10시,토요일,제주특별자치도 제주시 구좌읍,경상사고,0,0,1,0,차대차 - 기타,기타,건조,맑음,교차로 - 교차로안,기타불명,기타불명,미분류,기타불명,승용,남,51세,상해없음
2021090400100126,2021년 9월 4일 10시,토요일,제주특별자치도 서귀포시 성산읍,경상사고,0,0,2,0,차대차 - 후진중충돌,안전운전불이행,건조,맑음,교차로 - 교차로안,승용,남,50세,상해없음,승용,남,47세,경상
2021090400100127,2021년 9월 4일 10시,토요일,제주특별자치도 서귀포시 도순동,중상사고,0,1,1,0,차대차 - 추돌,안전운전불이행,건조,맑음,단일로 - 기타,승용,남,38세,상해없음,승용,여,51세,중상
2021090400100158,2021년 9월 4일 11시,토요일,제주특별자치도 서귀포시 성산읍,경상사고,0,0,1,0,차대차 - 추돌,안전운전불이행,건조,맑음,교차로 - 교차로부근,승용,여,57세,상해없음,승용,남,62세,경상
2021090400100159,2021년 9월 4일 11시,토요일,제주특별자치도 서귀포시 서호동,경상사고,0,0,1,0,차대차 - 기타,안전거리미확보,건조,맑음,단일로 - 기타,승용,남,65세,상해없음,승용,여,45세,경상
2021090400100353,2021년 9월 4일 17시,토요일,제주특별자치도 제주시 이도이동,경상사고,0,0,1,0,차대차 - 측면충돌,안전운전불이행,건조,맑음,교차로 - 교차로안,승용,여,74세,상해없음,승용,여,24세,경상
2021090400100392,2021년 9월 4일 18시,토요일,제주특별자치도 서귀포시 서호동,부상신고사고,0,0,0,1,차대차 - 측면충돌,직진우회전진행방해,건조,맑음,교차로 - 교차로안,승용,남,27세,부상신고,승용,남,26세,상해없음
2021090400100422,2021년 9월 4일 19시,토요일,제주특별자치도 서귀포시 서호동,경상사고,0,0,2,0,차대차 - 측면충돌,안전거리미확보,건조,맑음,교차로 - 교차로안,승용,남,46세,상해없음,승용,남,31세,경상
2021090500100047,2021년 9월 5일 09시,일요일,제주특별자치도 서귀포시 남원읍,중상사고,0,1,0,0,차량단독 - 기타,안전운전불이행,건조,맑음,단일로 - 기타,이륜,남,38세,중상,,,,
2021090500100087,2021년 9월 5일 11시,일요일,제주특별자치도 제주시 외도일동,경상사고,0,0,1,0,차대사람 - 차도통행중,보행자보호의무위반,젖음/습기,비,교차로 - 교차로부근,이륜,남,57세,상해없음,보행자,남,61세,경상
2021090500100117,2021년 9월 5일 12시,일요일,제주특별자치도 제주시 한림읍,중상사고,0,1,0,1,차대차 - 기타,직진우회전진행방해,젖음/습기,비,교차로 - 교차로안,승용,남,47세,상해없음,승용,여,61세,중상
2021090500100172,2021년 9월 5일 14시,일요일,제주특별자치도 제주시 화북일동,중상사고,0,1,0,0,차대차 - 측면충돌,신호위반,건조,맑음,교차로 - 교차로안,이륜,남,18세,중상,승용,남,49세,상해없음
2021090500100269,2021년 9월 5일 17시,일요일,제주특별자치도 제주시 삼도이동,경상사고,0,0,1,0,차대차 - 기타,교차로운행방법위반,건조,맑음,교차로 - 교차로안,화물,남,54세,상해없음,이륜,남,23세,경상
2021090500100270,2021년 9월 5일 17시,일요일,제주특별자치도 제주시 노형동,중상사고,0,1,0,0,차대차 - 기타,안전운전불이행,젖음/습기,비,기타 - 기타,승용,여,43세,기타불명,이륜,남,38세,중상
2021090500100322,2021년 9월 5일 19시,일요일,제주특별자치도 제주시 삼도이동,경상사고,0,0,2,0,차대사람 - 횡단중,안전운전불이행,건조,맑음,교차로 - 교차로횡단보도내,이륜,남,36세,경상,보행자,남,16세,경상
2021090500100323,2021년 9월 5일 19시,일요일,제주특별자치도 서귀포시 남원읍,경상사고,0,0,1,0,차대차 - 측면충돌,안전거리미확보,젖음/습기,비,단일로 - 기타,승용,남,63세,상해없음,승용,남,47세,경상
2021090500100371,2021년 9월 5일 20시,일요일,제주특별자치도 제주시 이도이동,경상사고,0,0,1,0,차대차 - 추돌,안전운전불이행,건조,기타,교차로 - 교차로부근,승용,남,58세,상해없음,승용,여,49세,경상
2021090500100395,2021년 9월 5일 21시,일요일,제주특별자치도 제주시 조천읍,경상사고,0,0,1,0,차대차 - 기타,안전운전불이행,건조,맑음,단일로 - 기타,승용,남,48세,상해없음,승용,남,37세,상해없음
2021090500100419,2021년 9월 5일 23시,일요일,제주특별자치도 제주시 애월읍,경상사고,0,0,1,0,차대차 - 추돌,안전거리미확보,건조,맑음,단일로 - 기타,승용,남,27세,상해없음,승용,남,27세,경상
2021090600100007,2021년 9월 6일 00시,월요일,제주특별자치도 제주시 연동,중상사고,0,1,0,0,차대사람 - 횡단중,보행자보호의무위반,건조,맑음,교차로 - 교차로횡단보도내,이륜,남,20세,상해없음,보행자,여,54세,중상
2021090600100059,2021년 9월 6일 07시,월요일,제주특별자치도 제주시 연동,경상사고,0,0,1,0,차대차 - 측면충돌,직진우회전진행방해,건조,흐림,교차로 - 교차로안,승용,남,26세,상해없음,승용,남,22세,경상
2021090600100112,2021년 9월 6일 08시,월요일,제주특별자치도 제주시 이도이동,경상사고,0,0,2,0,차대차 - 추돌,안전거리미확보,건조,맑음,교차로 - 교차로안,승용,남,67세,상해없음,승용,남,40세,경상
2021090600100149,2021년 9월 6일 09시,월요일,제주특별자치도 제주시 조천읍,부상신고사고,0,0,0,1,차대차 - 추돌,안전운전불이행,건조,맑음,기타 - 기타,승용,남,69세,상해없음,화물,남,61세,상해없음
2021090600100190,2021년 9월 6일 10시,월요일,제주특별자치도 서귀포시 중문동,경상사고,0,0,1,0,차대차 - 추돌,안전운전불이행,건조,맑음,단일로 - 기타,이륜,여,65세,경상,승용,남,36세,상해없음
2021090600100191,2021년 9월 6일 10시,월요일,제주특별자치도 제주시 애월읍,경상사고,0,0,1,3,차대차 - 측면충돌,직진우회전진행방해,건조,맑음,교차로 - 교차로안,승용,여,30세,부상신고,승용,남,27세,경상
2021090600100222,2021년 9월 6일 11시,월요일,제주특별자치도 제주시 외도일동,경상사고,0,0,1,0,차대차 - 정면충돌,중앙선침범,건조,맑음,교차로 - 교차로부근,화물,남,42세,상해없음,승용,여,56세,경상
2021090600100537,2021년 9월 6일 19시,월요일,제주특별자치도 제주시 용담이동,중상사고,0,1,0,0,차대사람 - 횡단중,보행자보호의무위반,건조,맑음,단일로 - 기타,승용,남,66세,상해없음,보행자,남,26세,중상
2021090600100583,2021년 9월 6일 20시,월요일,제주특별자치도 제주시 이도이동,경상사고,0,0,3,0,차대차 - 기타,직진우회전진행방해,건조,맑음,교차로 - 교차로안,승용,남,70세,경상,승용,남,26세,경상
2021090700100026,2021년 9월 7일 04시,화요일,제주특별자치도 제주시 노형동,중상사고,0,1,0,0,차대차 - 측면충돌,신호위반,건조,맑음,교차로 - 교차로안,승용,남,27세,상해없음,승용,여,49세,중상
2021090700100097,2021년 9월 7일 08시,화요일,제주특별자치도 서귀포시 중문동,중상사고,0,1,0,0,차대차 - 측면충돌,안전운전불이행,건조,맑음,단일로 - 기타,승용,남,24세,상해없음,승용,여,49세,중상
2021090700100140,2021년 9월 7일 09시,화요일,제주특별자치도 제주시 일도일동,경상사고,0,0,1,0,차대차 - 기타,안전운전불이행,건조,맑음,기타 - 기타,승용,남,42세,상해없음,승용,남,36세,기타불명
2021090700100203,2021년 9월 7일 11시,화요일,제주특별자치도 제주시 용담이동,경상사고,0,0,2,0,차대차 - 정면충돌,안전운전불이행,건조,맑음,단일로 - 기타,승용,남,76세,상해없음,승용,남,71세,경상
2021090700100235,2021년 9월 7일 12시,화요일,제주특별자치도 서귀포시 중문동,중상사고,0,1,0,0,차대차 - 기타,안전운전불이행,건조,맑음,단일로 - 기타,승용,남,24세,상해없음,이륜,남,33세,중상
2021090700100330,2021년 9월 7일 15시,화요일,제주특별자치도 서귀포시 대포동,경상사고,0,0,2,0,차대차 - 추돌,안전운전불이행,건조,맑음,단일로 - 기타,승용,여,27세,경상,승용,여,53세,경상
2021090700100430,2021년 9월 7일 18시,화요일,제주특별자치도 제주시 용담이동,부상신고사고,0,0,0,1,차대사람 - 보도통행중,보행자보호의무위반,건조,맑음,교차로 - 교차로횡단보도내,승용,여,49세,상해없음,보행자,남,32세,부상신고
2021090800100067,2021년 9월 8일 07시,수요일,제주특별자치도 서귀포시 안덕면,중상사고,0,1,1,0,차대차 - 기타,신호위반,건조,맑음,교차로 - 교차로안,승용,남,52세,경상,승용,여,38세,중상
2021090800100068,2021년 9월 8일 07시,수요일,제주특별자치도 제주시 애월읍,경상사고,0,0,3,0,차대차 - 추돌,안전거리미확보,건조,맑음,단일로 - 기타,승용,남,25세,경상,승용,여,37세,경상
2021090800100112,2021년 9월 8일 08시,수요일,제주특별자치도 제주시 영평동,경상사고,0,0,1,0,차대차 - 기타,중앙선침범,건조,맑음,단일로 - 기타,승용,여,51세,상해없음,승용,남,40세,경상
2021090800100151,2021년 9월 8일 09시,수요일,제주특별자치도 제주시 애월읍,경상사고,0,0,1,0,차대차 - 추돌,안전거리미확보,건조,맑음,단일로 - 기타,승용,남,39세,상해없음,승용,여,26세,경상
2021090800100182,2021년 9월 8일 10시,수요일,제주특별자치도 제주시 봉개동,중상사고,0,1,5,0,차대차 - 추돌,안전운전불이행,건조,맑음,단일로 - 기타,승용,여,21세,상해없음,승용,여,54세,경상
2021090800100183,2021년 9월 8일 10시,수요일,제주특별자치도 제주시 용담일동,경상사고,0,0,2,0,차대차 - 기타,안전운전불이행,건조,맑음,단일로 - 기타,승용,남,66세,상해없음,승용,남,32세,경상
2021090800100217,2021년 9월 8일 11시,수요일,제주특별자치도 제주시 아라일동,중상사고,0,1,0,0,차대차 - 추돌,안전운전불이행,건조,맑음,단일로 - 기타,승용,여,52세,상해없음,자전거,남,44세,중상
2021090800100248,2021년 9월 8일 12시,수요일,제주특별자치도 서귀포시 남원읍,경상사고,0,0,2,0,차대차 - 추돌,안전운전불이행,건조,맑음,단일로 - 기타,화물,남,54세,상해없음,승용,남,75세,경상
2021090800100249,2021년 9월 8일 12시,수요일,제주특별자치도 제주시 연동,경상사고,0,0,2,0,차대차 - 후진중충돌,안전운전불이행,건조,맑음,단일로 - 기타,승합,남,46세,상해없음,승용,남,46세,경상
2021090800100289,2021년 9월 8일 13시,수요일,제주특별자치도 제주시 연동,중상사고,0,1,0,0,차대사람 - 차도통행중,안전운전불이행,건조,맑음,단일로 - 기타,승용,남,50세,상해없음,보행자,여,39세,중상
2021090800100330,2021년 9월 8일 14시,수요일,제주특별자치도 서귀포시 남원읍,중상사고,0,1,0,0,차대차 - 추돌,안전운전불이행,건조,맑음,단일로 - 기타,승용,남,80세,상해없음,승용,남,27세,중상
2021090800100372,2021년 9월 8일 15시,수요일,제주특별자치도 서귀포시 서귀동,경상사고,0,0,4,0,차대차 - 후진중충돌,안전운전불이행,건조,맑음,단일로 - 기타,승용,여,66세,상해없음,승용,남,46세,경상
2021090800100421,2021년 9월 8일 16시,수요일,제주특별자치도 제주시 삼양이동,경상사고,0,0,1,0,차대사람 - 기타,안전운전불이행,건조,맑음,단일로 - 기타,승용,남,30세,상해없음,보행자,남,10세,경상
2021090800100422,2021년 9월 8일 16시,수요일,제주특별자치도 서귀포시 대정읍,중상사고,0,1,0,0,차대차 - 측면충돌,안전운전불이행,건조,맑음,단일로 - 기타,자전거,남,20세,중상,승합,남,38세,상해없음
2021090800100477,2021년 9월 8일 17시,수요일,제주특별자치도 제주시 노형동,경상사고,0,0,1,0,차대차 - 정면충돌,기타,건조,맑음,교차로 - 교차로안,승용,여,41세,상해없음,이륜,남,50세,경상
2021090800100478,2021년 9월 8일 17시,수요일,제주특별자치도 제주시 연동,경상사고,0,0,1,0,차대사람 - 횡단중,보행자보호의무위반,건조,맑음,교차로 - 교차로횡단보도내,승용,남,66세,상해없음,보행자,남,49세,경상
2021090800100521,2021년 9월 8일 18시,수요일,제주특별자치도 서귀포시 성산읍,경상사고,0,0,7,0,차대차 - 측면충돌,안전거리미확보,건조,맑음,교차로 - 교차로안,승용,남,39세,경상,승용,여,31세,경상
2021090800100565,2021년 9월 8일 19시,수요일,제주특별자치도 제주시 연동,경상사고,0,0,2,0,차대차 - 측면충돌,안전운전불이행,건조,맑음,교차로 - 교차로부근,승용,여,31세,상해없음,승용,남,28세,경상
2021090800100592,2021년 9월 8일 20시,수요일,제주특별자치도 제주시 노형동,경상사고,0,0,2,0,차대차 - 기타,직진우회전진행방해,건조,맑음,교차로 - 교차로안,승용,남,45세,경상,승용,남,74세,경상
2021090800100615,2021년 9월 8일 21시,수요일,제주특별자치도 제주시 삼도일동,중상사고,0,1,0,0,차대사람 - 차도통행중,안전운전불이행,건조,맑음,단일로 - 기타,승용,여,20세,상해없음,보행자,여,51세,중상
2021090800100657,2021년 9월 8일 23시,수요일,제주특별자치도 제주시 도련일동,경상사고,0,0,2,0,차대차 - 추돌,안전운전불이행,건조,맑음,교차로 - 교차로부근,승용,남,40세,상해없음,승용,남,59세,경상
2021090900100036,2021년 9월 9일 06시,목요일,제주특별자치도 제주시 노형동,경상사고,0,0,2,0,차대차 - 기타,안전거리미확보,건조,맑음,단일로 - 기타,화물,남,53세,상해없음,승용,남,28세,경상
2021090900100037,2021년 9월 9일 06시,목요일,제주특별자치도 제주시 애월읍,경상사고,0,0,2,0,차대차 - 기타,신호위반,건조,맑음,단일로 - 기타,화물,남,57세,경상,승용,여,53세,경상
2021090900100100,2021년 9월 9일 08시,목요일,제주특별자치도 서귀포시 보목동,경상사고,0,0,2,0,차량단독 - 전도전복 - 전도,안전운전불이행,건조,맑음,교차로 - 교차로안,이륜,남,17세,경상,,,,
2021090900100166,2021년 9월 9일 10시,목요일,제주특별자치도 제주시 이호이동,부상신고사고,0,0,0,4,차대차 - 추돌,안전운전불이행,건조,맑음,단일로 - 기타,승용,남,58세,상해없음,승용,여,26세,부상신고
2021090900100233,2021년 9월 9일 12시,목요일,제주특별자치도 제주시 한림읍,중상사고,0,1,0,0,차대차 - 측면충돌,안전운전불이행,건조,맑음,단일로 - 기타,승용,여,51세,상해없음,이륜,남,87세,중상
2021090900100271,2021년 9월 9일 13시,목요일,제주특별자치도 제주시 일도이동,경상사고,0,0,2,0,차대차 - 측면충돌,신호위반,건조,맑음,교차로 - 교차로안,승용,여,33세,경상,승합,남,28세,경상
2021090900100272,2021년 9월 9일 13시,목요일,제주특별자치도 서귀포시 안덕면,경상사고,0,0,1,0,차대차 - 측면충돌,안전운전불이행,건조,맑음,단일로 - 기타,화물,남,60세,상해없음,승용,여,30세,경상
2021090900100346,2021년 9월 9일 15시,목요일,제주특별자치도 제주시 도남동,부상신고사고,0,0,0,1,차대차 - 기타,안전운전불이행,건조,맑음,교차로 - 교차로횡단보도내,자전거,남,11세,부상신고,승용,남,55세,상해없음
2021090900100463,2021년 9월 9일 18시,목요일,제주특별자치도 제주시 화북일동,경상사고,0,0,1,0,차대차 - 추돌,안전운전불이행,건조,맑음,교차로 - 교차로안,승용,남,31세,상해없음,승용,여,47세,경상
2021090900100500,2021년 9월 9일 19시,목요일,제주특별자치도 제주시 봉개동,경상사고,0,0,1,0,차대차 - 기타,안전운전불이행,건조,맑음,단일로 - 기타,이륜,남,51세,상해없음,화물,남,23세,경상
2021090900100501,2021년 9월 9일 19시,목요일,제주특별자치도 제주시 애월읍,중상사고,0,1,1,0,차대차 - 기타,중앙선침범,건조,맑음,단일로 - 기타,이륜,남,29세,중상,화물,남,42세,경상
2021091000100101,2021년 9월 10일 08시,금요일,제주특별자치도 서귀포시 남원읍,중상사고,0,1,1,0,차대차 - 측면충돌,안전운전불이행,젖음/습기,비,단일로 - 기타,화물,남,75세,상해없음,승용,여,47세,중상
2021091000100202,2021년 9월 10일 11시,금요일,제주특별자치도 제주시 삼도일동,중상사고,0,1,0,0,차대사람 - 횡단중,보행자보호의무위반,건조,맑음,단일로 - 기타,승용,남,61세,상해없음,보행자,여,73세,중상
2021091000100203,2021년 9월 10일 11시,금요일,제주특별자치도 제주시 구좌읍,경상사고,0,0,1,0,차대차 - 추돌,안전거리미확보,건조,맑음,교차로 - 교차로부근,승용,여,45세,상해없음,승용,남,37세,경상
2021091000100260,2021년 9월 10일 13시,금요일,제주특별자치도 제주시 조천읍,경상사고,0,0,2,0,차대차 - 정면충돌,안전운전불이행,젖음/습기,비,단일로 - 기타,승용,남,36세,경상,화물,남,56세,경상
2021091000100376,2021년 9월 10일 16시,금요일,제주특별자치도 서귀포시 서귀동,경상사고,0,0,2,0,차대차 - 측면충돌,직진우회전진행방해,건조,기타,교차로 - 교차로안,화물,남,52세,경상,승용,남,48세,경상
2021091000100487,2021년 9월 10일 18시,금요일,제주특별자치도 제주시 애월읍,경상사고,0,0,1,0,차대차 - 기타,중앙선침범,젖음/습기,흐림,단일로 - 기타,승용,남,25세,상해없음,승용,남,58세,경상
2021091000100536,2021년 9월 10일 19시,금요일,제주특별자치도 서귀포시 서귀동,경상사고,0,0,1,0,차대차 - 측면충돌,교차로운행방법위반,건조,맑음,교차로 - 교차로안,승용,남,70세,상해없음,화물,남,26세,경상
2021091000100569,2021년 9월 10일 20시,금요일,제주특별자치도 제주시 용담일동,경상사고,0,0,2,0,차대차 - 정면충돌,중앙선침범,건조,맑음,단일로 - 기타,승용,남,59세,상해없음,승용,여,59세,경상
2021091000100642,2021년 9월 10일 22시,금요일,제주특별자치도 제주시 노형동,경상사고,0,0,2,0,차대차 - 기타,안전운전불이행,건조,맑음,교차로 - 교차로부근,승용,남,53세,상해없음,승용,여,53세,경상
2021091100100006,2021년 9월 11일 00시,토요일,제주특별자치도 제주시 구좌읍,중상사고,0,1,1,0,차대차 - 측면충돌,신호위반,건조,맑음,교차로 - 교차로안,이륜,남,16세,중상,승용,남,34세,경상