사고번호,사고일시,요일,시군구,사고내용,사망자수,중상자수,경상자수,부상신고자수,사고유형,법규위반,노면상태,기상상태,도로형태,가해운전자 차종,가해운전자 성별,가해운전자 연령,가해운전자 상해정도,피해운전자 차종,피해운전자 성별,피해운전자 연령,피해운전자 상해정도
2021101100100342,2021년 10월 11일 17시,월요일,제주특별자치도 제주시 이도일동,경상사고,0,0,1,0,차대차 - 기타,교차로운행방법위반,건조,맑음,교차로 - 교차로부근,승용,여,48세,상해없음,이륜,남,57세,경상
2021101100100437,2021년 10월 11일 19시,월요일,제주특별자치도 서귀포시 남원읍,중상사고,0,1,0,0,차량단독 - 기타,중앙선침범,젖음/습기,비,단일로 - 기타,승용,여,28세,중상,,,,
2021101200100005,2021년 10월 12일 00시,화요일,제주특별자치도 제주시 노형동,경상사고,0,0,2,0,차대차 - 추돌,안전운전불이행,젖음/습기,비,단일로 - 기타,승용,남,42세,상해없음,승용,남,56세,경상
2021101200100179,2021년 10월 12일 10시,화요일,제주특별자치도 서귀포시 서귀동,경상사고,0,0,1,0,차대사람 - 횡단중,보행자보호의무위반,건조,맑음,단일로 - 기타,승용,여,24세,상해없음,보행자,남,70세,경상
2021101200100234,2021년 10월 12일 12시,화요일,제주특별자치도 제주시 노형동,경상사고,0,0,1,0,차대차 - 기타,직진우회전진행방해,건조,맑음,교차로 - 교차로안,이륜,남,40세,경상,승용,남,46세,상해없음
2021101200100258,2021년 10월 12일 13시,화요일,제주특별자치도 제주시 이도일동,경상사고,0,0,1,0,차대차 - 측면충돌,안전운전불이행,젖음/습기,비,단일로 - 기타,승용,남,75세,상해없음,승용,남,66세,경상
2021101200100259,2021년 10월 12일 13시,화요일,제주특별자치도 제주시 한림읍,부상신고사고,0,0,0,1,차대차 - 기타,안전운전불이행,건조,맑음,단일로 - 기타,이륜,남,35세,상해없음,승용,남,35세,부상신고
2021101200100287,2021년 10월 12일 14시,화요일,제주특별자치도 서귀포시 대정읍,경상사고,0,0,1,0,차대차 - 측면충돌,안전운전불이행,건조,맑음,교차로 - 교차로안,승합,남,47세,상해없음,승용,남,27세,경상
2021101200100350,2021년 10월 12일 16시,화요일,제주특별자치도 서귀포시 동홍동,부상신고사고,0,0,0,1,차대차 - 기타,안전운전불이행,젖음/습기,비,교차로 - 교차로부근,승용,남,55세,상해없음,자전거,남,24세,부상신고
2021101200100351,2021년 10월 12일 16시,화요일,제주특별자치도 제주시 노형동,중상사고,0,1,0,0,차량단독 - 기타,기타,건조,맑음,교차로 - 교차로부근,이륜,남,40세,중상,,,,
2021101200100352,2021년 10월 12일 16시,화요일,제주특별자치도 제주시 연동,경상사고,0,0,1,0,차대사람 - 차도통행중,안전운전불이행,젖음/습기,비,단일로 - 기타,승용,여,64세,상해없음,보행자,여,67세,경상
2021101200100444,2021년 10월 12일 18시,화요일,제주특별자치도 서귀포시 서홍동,중상사고,0,2,0,0,차대차 - 기타,안전운전불이행,건조,맑음,단일로 - 기타,승용,여,33세,상해없음,승용,남,38세,중상
2021101200100445,2021년 10월 12일 18시,화요일,제주특별자치도 서귀포시 서홍동,경상사고,0,0,2,0,차대차 - 측면충돌,중앙선침범,젖음/습기,비,단일로 - 기타,승용,여,28세,상해없음,이륜,여,21세,경상
2021101200100446,2021년 10월 12일 18시,화요일,제주특별자치도 서귀포시 서호동,경상사고,0,0,4,0,차대차 - 측면충돌,직진우회전진행방해,건조,맑음,교차로 - 교차로안,승용,남,24세,경상,화물,남,42세,경상
2021101200100484,2021년 10월 12일 19시,화요일,제주특별자치도 서귀포시 토평동,경상사고,0,0,1,0,차대차 - 기타,신호위반,젖음/습기,비,교차로 - 교차로안,승용,여,63세,상해없음,승용,여,21세,상해없음
2021101200100485,2021년 10월 12일 19시,화요일,제주특별자치도 제주시 연동,경상사고,0,0,1,0,차대차 - 측면충돌,안전운전불이행,건조,맑음,교차로 - 교차로안,승용,여,29세,기타불명,승용,여,25세,경상
2021101300100037,2021년 10월 13일 06시,수요일,제주특별자치도 제주시 건입동,경상사고,0,0,1,0,차대사람 - 횡단중,보행자보호의무위반,건조,흐림,교차로 - 교차로횡단보도내,승용,여,66세,상해없음,보행자,여,63세,경상
2021101300100132,2021년 10월 13일 09시,수요일,제주특별자치도 제주시 아라일동,경상사고,0,0,2,0,차대차 - 측면충돌,교차로운행방법위반,건조,맑음,교차로 - 교차로안,승용,여,58세,상해없음,승용,여,26세,경상
2021101300100133,2021년 10월 13일 09시,수요일,제주특별자치도 제주시 조천읍,경상사고,0,0,2,0,차대차 - 정면충돌,중앙선침범,젖음/습기,비,단일로 - 기타,화물,남,53세,경상,승용,여,44세,경상
2021101300100134,2021년 10월 13일 09시,수요일,제주특별자치도 서귀포시 안덕면,부상신고사고,0,0,0,1,차량단독 - 도로외이탈 - 기타,안전운전불이행,건조,맑음,단일로 - 기타,화물,남,44세,부상신고,,,,
2021101300100198,2021년 10월 13일 11시,수요일,제주특별자치도 서귀포시 중문동,부상신고사고,0,0,0,2,차대차 - 측면충돌,안전운전불이행,건조,맑음,교차로 - 교차로안,승용,여,27세,상해없음,화물,남,53세,부상신고
2021101300100293,2021년 10월 13일 14시,수요일,제주특별자치도 제주시 화북이동,경상사고,0,0,3,0,차대차 - 정면충돌,신호위반,젖음/습기,비,교차로 - 교차로안,승용,여,29세,상해없음,승용,남,31세,경상
2021101300100294,2021년 10월 13일 14시,수요일,제주특별자치도 서귀포시 하원동,경상사고,0,0,1,0,차대차 - 정면충돌,중앙선침범,건조,맑음,단일로 - 기타,승용,남,47세,상해없음,승용,남,56세,경상
2021101300100295,2021년 10월 13일 14시,수요일,제주특별자치도 서귀포시 성산읍,경상사고,0,0,2,0,차대차 - 측면충돌,안전운전불이행,건조,흐림,단일로 - 기타,승용,여,64세,경상,승용,남,70세,상해없음
2021101300100296,2021년 10월 13일 14시,수요일,제주특별자치도 서귀포시 동홍동,경상사고,0,0,1,0,차대차 - 측면충돌,안전운전불이행,건조,흐림,단일로 - 기타,승용,남,24세,상해없음,승용,여,47세,경상
2021101300100342,2021년 10월 13일 15시,수요일,제주특별자치도 제주시 도련일동,경상사고,0,0,1,0,차대차 - 측면충돌,직진우회전진행방해,젖음/습기,비,교차로 - 교차로안,승용,여,36세,상해없음,승용,여,39세,경상
2021101300100343,2021년 10월 13일 15시,수요일,제주특별자치도 제주시 한경면,경상사고,0,0,1,1,차대차 - 측면충돌,안전운전불이행,건조,맑음,교차로 - 교차로안,승용,여,33세,부상신고,승용,여,40세,경상
2021101300100377,2021년 10월 13일 16시,수요일,제주특별자치도 제주시 조천읍,경상사고,0,0,1,0,차대사람 - 기타,안전운전불이행,건조,맑음,기타 - 기타,승용,여,33세,상해없음,보행자,여,7세,경상
2021101300100524,2021년 10월 13일 19시,수요일,제주특별자치도 제주시 일도일동,중상사고,0,1,0,0,차대사람 - 보도통행중,보행자보호의무위반,건조,맑음,단일로 - 기타,승용,남,36세,상해없음,보행자,여,58세,중상
2021101300100525,2021년 10월 13일 19시,수요일,제주특별자치도 서귀포시 서홍동,경상사고,0,0,2,0,차대차 - 기타,안전거리미확보,건조,맑음,단일로 - 기타,승용,남,28세,상해없음,승용,남,59세,상해없음
2021101300100556,2021년 10월 13일 20시,수요일,제주특별자치도 제주시 봉개동,경상사고,0,0,2,0,차대차 - 기타,안전운전불이행,건조,기타,기타 - 기타,승용,남,49세,상해없음,승합,남,47세,상해없음
2021101300100586,2021년 10월 13일 21시,수요일,제주특별자치도 제주시 이도이동,중상사고,0,1,0,0,차대사람 - 기타,안전운전불이행,건조,흐림,단일로 - 기타,승용,남,60세,상해없음,보행자,남,51세,중상
2021101300100587,2021년 10월 13일 21시,수요일,제주특별자치도 서귀포시 서귀동,중상사고,0,1,0,0,차대사람 - 횡단중,보행자보호의무위반,건조,맑음,단일로 - 기타,승용,남,81세,상해없음,보행자,남,69세,중상
2021101400100164,2021년 10월 14일 09시,목요일,제주특별자치도 서귀포시 대정읍,경상사고,0,0,1,0,차대차 - 측면충돌,안전운전불이행,건조,맑음,교차로 - 교차로안,승용,여,59세,경상,화물,남,26세,상해없음
2021101400100232,2021년 10월 14일 11시,목요일,제주특별자치도 제주시 이도이동,경상사고,0,0,1,0,차대차 - 기타,안전운전불이행,건조,맑음,단일로 - 기타,화물,남,46세,상해없음,자전거,남,67세,경상
2021101400100304,2021년 10월 14일 13시,목요일,제주특별자치도 제주시 구좌읍,경상사고,0,0,1,0,차대차 - 기타,안전운전불이행,건조,맑음,단일로 - 기타,승용,남,51세,상해없음,승용,여,46세,경상
2021101400100457,2021년 10월 14일 17시,목요일,제주특별자치도 제주시 이도일동,경상사고,0,0,2,0,차대차 - 측면충돌,안전거리미확보,건조,맑음,단일로 - 기타,승용,남,78세,상해없음,승합,남,64세,경상
2021101400100458,2021년 10월 14일 17시,목요일,제주특별자치도 제주시 노형동,경상사고,0,0,3,1,차대차 - 측면충돌,불법유턴,건조,맑음,단일로 - 기타,승용,남,46세,경상,승용,남,42세,경상
2021101400100459,2021년 10월 14일 17시,목요일,제주특별자치도 제주시 오라삼동,경상사고,0,0,2,0,차대차 - 기타,중앙선침범,건조,맑음,기타 - 기타,승용,남,31세,상해없음,승용,남,52세,상해없음
2021101400100460,2021년 10월 14일 17시,목요일,제주특별자치도 제주시 외도일동,경상사고,0,0,1,0,차대사람 - 기타,안전운전불이행,건조,맑음,단일로 - 기타,승용,여,35세,상해없음,보행자,여,11세,경상
2021101400100515,2021년 10월 14일 18시,목요일,제주특별자치도 제주시 애월읍,중상사고,0,1,0,0,차대사람 - 차도통행중,안전운전불이행,건조,맑음,단일로 - 기타,승용,남,24세,상해없음,보행자,여,55세,중상
2021101400100557,2021년 10월 14일 19시,목요일,제주특별자치도 제주시 일도이동,중상사고,0,2,0,0,차대사람 - 차도통행중,보행자보호의무위반,건조,맑음,교차로 - 교차로안,승용,남,47세,상해없음,보행자,남,30세,중상
2021101400100558,2021년 10월 14일 19시,목요일,제주특별자치도 제주시 용담이동,경상사고,0,0,1,0,차대차 - 기타,안전거리미확보,건조,맑음,단일로 - 기타,승용,남,37세,상해없음,승합,남,48세,상해없음
2021101500100010,2021년 10월 15일 01시,금요일,제주특별자치도 제주시 한경면,경상사고,0,0,1,0,차대사람 - 기타,안전운전불이행,건조,맑음,단일로 - 기타,기타불명,기타불명,미분류,기타불명,보행자,여,56세,경상
2021101500100023,2021년 10월 15일 05시,금요일,제주특별자치도 제주시 일도이동,경상사고,0,0,1,0,차대사람 - 횡단중,신호위반,건조,맑음,기타 - 기타,승용,남,60세,상해없음,보행자,여,48세,경상
2021101500100052,2021년 10월 15일 07시,금요일,제주특별자치도 제주시 아라일동,경상사고,0,0,1,0,차대사람 - 기타,보행자보호의무위반,건조,맑음,교차로 - 교차로횡단보도내,승합,남,69세,상해없음,보행자,여,16세,경상
2021101500100053,2021년 10월 15일 07시,금요일,제주특별자치도 서귀포시 대정읍,경상사고,0,0,1,0,차대차 - 기타,직진우회전진행방해,건조,맑음,교차로 - 교차로안,화물,남,21세,상해없음,승용,여,63세,경상
2021101500100098,2021년 10월 15일 08시,금요일,제주특별자치도 제주시 연동,중상사고,0,1,0,0,차량단독 - 공작물충돌,안전운전불이행,건조,맑음,단일로 - 기타,승용,남,67세,중상,,,,
2021101500100177,2021년 10월 15일 10시,금요일,제주특별자치도 제주시 아라일동,경상사고,0,0,1,0,차대차 - 기타,안전운전불이행,건조,맑음,교차로 - 교차로안,승용,남,49세,상해없음,화물,남,40세,경상
2021101500100221,2021년 10월 15일 11시,금요일,제주특별자치도 제주시 애월읍,중상사고,0,1,0,0,차대사람 - 차도통행중,안전운전불이행,건조,맑음,단일로 - 기타,승용,여,50세,상해없음,보행자,여,69세,중상
2021101500100257,2021년 10월 15일 12시,금요일,제주특별자치도 서귀포시 안덕면,경상사고,0,0,1,0,차대차 - 측면충돌,안전운전불이행,건조,맑음,교차로 - 교차로안,승용,남,60세,상해없음,승용,남,24세,경상
2021101500100258,2021년 10월 15일 12시,금요일,제주특별자치도 제주시 연동,중상사고,0,1,0,0,차대사람 - 기타,안전운전불이행,건조,맑음,기타 - 기타,화물,여,51세,상해없음,보행자,여,27세,중상
2021101500100282,2021년 10월 15일 13시,금요일,제주특별자치도 제주시 건입동,중상사고,0,1,0,0,차대사람 - 차도통행중,안전운전불이행,건조,맑음,교차로 - 교차로부근,승용,여,48세,상해없음,보행자,여,75세,중상
2021101500100283,2021년 10월 15일 13시,금요일,제주특별자치도 서귀포시 동홍동,중상사고,0,1,0,0,차대사람 - 기타,보행자보호의무위반,건조,맑음,교차로 - 교차로횡단보도내,승용,남,66세,상해없음,보행자,여,38세,중상
2021101500100284,2021년 10월 15일 13시,금요일,제주특별자치도 제주시 오라삼동,부상신고사고,0,0,0,1,차대차 - 추돌,안전거리미확보,건조,맑음,단일로 - 기타,화물,남,46세,상해없음,승용,남,63세,부상신고
2021101500100347,2021년 10월 15일 15시,금요일,제주특별자치도 제주시 구좌읍,경상사고,0,0,2,0,차대차 - 측면충돌,안전운전불이행,건조,맑음,기타 - 기타,화물,남,25세,상해없음,승용,남,33세,경상
2021101500100348,2021년 10월 15일 15시,금요일,제주특별자치도 제주시 용담이동,경상사고,0,0,2,0,차대차 - 기타,안전거리미확보,건조,맑음,단일로 - 기타,승합,남,60세,상해없음,승용,여,27세,경상
2021101500100486,2021년 10월 15일 18시,금요일,제주특별자치도 서귀포시 법환동,경상사고,0,0,1,1,차대차 - 기타,안전운전불이행,건조,기타,단일로 - 기타,승용,여,30세,상해없음,승용,여,55세,경상
2021101500100538,2021년 10월 15일 19시,금요일,제주특별자치도 제주시 오라이동,경상사고,0,0,1,0,차량단독 - 기타,안전운전불이행,기타,기타,단일로 - 기타,승합,남,55세,상해없음,,,,
2021101500100581,2021년 10월 15일 20시,금요일,제주특별자치도 제주시 해안동,경상사고,0,0,1,0,차대차 - 기타,신호위반,건조,맑음,교차로 - 교차로안,승용,여,50세,상해없음,승용,여,54세,경상
2021101600100209,2021년 10월 16일 12시,토요일,제주특별자치도 제주시 이도이동,경상사고,0,0,1,0,차대차 - 측면충돌,신호위반,젖음/습기,흐림,교차로 - 교차로부근,승용,남,53세,기타불명,승합,남,29세,경상
2021101600100210,2021년 10월 16일 12시,토요일,제주특별자치도 서귀포시 대정읍,경상사고,0,0,1,0,차대차 - 측면충돌,안전운전불이행,건조,맑음,교차로 - 교차로부근,화물,남,72세,상해없음,이륜,여,79세,경상
2021101600100241,2021년 10월 16일 13시,토요일,제주특별자치도 제주시 한림읍,경상사고,0,0,1,0,차대차 - 측면충돌,안전운전불이행,건조,맑음,단일로 - 기타,승용,남,31세,상해없음,자전거,남,13세,경상
2021101600100242,2021년 10월 16일 13시,토요일,제주특별자치도 제주시 노형동,부상신고사고,0,0,0,1,차대차 - 기타,안전운전불이행,젖음/습기,비,단일로 - 기타,승용,남,59세,상해없음,이륜,남,50세,부상신고
2021101600100243,2021년 10월 16일 13시,토요일,제주특별자치도 제주시 한림읍,경상사고,0,0,3,0,차대차 - 측면충돌,교차로운행방법위반,젖음/습기,비,교차로 - 교차로안,승용,여,41세,상해없음,승용,남,48세,경상
2021101600100366,2021년 10월 16일 17시,토요일,제주특별자치도 제주시 아라일동,경상사고,0,0,3,0,차대차 - 추돌,안전운전불이행,건조,맑음,교차로 - 교차로부근,승용,여,45세,상해없음,승용,남,56세,경상
2021101600100367,2021년 10월 16일 17시,토요일,제주특별자치도 서귀포시 대정읍,경상사고,0,0,1,0,차대차 - 후진중충돌,기타,건조,맑음,단일로 - 기타,승용,남,61세,상해없음,승용,여,34세,경상
2021101600100410,2021년 10월 16일 18시,토요일,제주특별자치도 제주시 연동,경상사고,0,0,1,0,차대사람 - 기타,기타,건조,맑음,주차장 - 주차장,승용,남,31세,상해없음,보행자,남,49세,경상
2021101600100446,2021년 10월 16일 19시,토요일,제주특별자치도 제주시 일도이동,경상사고,0,0,1,0,차대차 - 기타,안전운전불이행,건조,맑음,단일로 - 기타,승용,여,60세,상해없음,승용,남,46세,기타불명
2021101600100460,2021년 10월 16일 20시,토요일,제주특별자치도 제주시 한림읍,경상사고,0,0,2,0,차대차 - 추돌,안전운전불이행,건조,맑음,단일로 - 기타,승용,여,25세,상해없음,승용,남,54세,경상
2021101600100521,2021년 10월 16일 22시,토요일,제주특별자치도 제주시 도남동,경상사고,0,0,4,0,차대차 - 측면충돌,안전운전불이행,건조,맑음,단일로 - 기타,승용,남,31세,상해없음,승용,남,40세,경상
2021101600100522,2021년 10월 16일 22시,토요일,제주특별자치도 제주시 한림읍,중상사고,0,3,0,0,차대차 - 측면충돌,안전운전불이행,건조,맑음,교차로 - 교차로안,승용,남,25세,상해없음,승용,여,28세,중상
2021101700100025,2021년 10월 17일 02시,일요일,제주특별자치도 제주시 애월읍,경상사고,0,0,8,0,차대차 - 추돌,안전운전불이행,건조,맑음,단일로 - 기타,승용,여,72세,경상,승용,남,42세,경상
2021101700100055,2021년 10월 17일 08시,일요일,제주특별자치도 서귀포시 성산읍,경상사고,0,0,5,0,차대차 - 기타,직진우회전진행방해,건조,맑음,교차로 - 교차로안,승용,남,58세,경상,승용,남,48세,상해없음
2021101700100056,2021년 10월 17일 08시,일요일,제주특별자치도 서귀포시 동홍동,부상신고사고,0,0,0,1,차량단독 - 공작물충돌,안전운전불이행,건조,맑음,교차로 - 교차로안,승용,남,58세,부상신고,,,,
2021101700100070,2021년 10월 17일 09시,일요일,제주특별자치도 서귀포시 표선면,부상신고사고,0,0,0,1,차대사람 - 기타,안전운전불이행,건조,맑음,기타 - 기타,승용,남,19세,상해없음,보행자,남,10세,부상신고
2021101700100088,2021년 10월 17일 10시,일요일,제주특별자치도 제주시 삼도이동,중상사고,0,1,1,0,차대차 - 측면충돌,안전운전불이행,건조,맑음,단일로 - 기타,승용,여,51세,상해없음,승용,남,47세,경상
2021101700100116,2021년 10월 17일 11시,일요일,제주특별자치도 서귀포시 상예동,중상사고,0,1,0,0,차량단독 - 기타,안전운전불이행,건조,맑음,단일로 - 기타,농기계,남,79세,중상,,,,
2021101700100224,2021년 10월 17일 15시,일요일,제주특별자치도 제주시 도두일동,경상사고,0,0,1,0,차대차 - 측면충돌,안전운전불이행,건조,맑음,단일로 - 기타,화물,남,62세,상해없음,화물,남,64세,경상
2021101700100289,2021년 10월 17일 17시,일요일,제주특별자치도 제주시 조천읍,경상사고,0,0,1,0,차대차 - 추돌,안전거리미확보,건조,맑음,단일로 - 기타,승용,남,69세,상해없음,승용,남,35세,경상
2021101700100290,2021년 10월 17일 17시,일요일,제주특별자치도 제주시 삼도이동,경상사고,0,0,1,0,차대차 - 기타,안전운전불이행,건조,맑음,교차로 - 교차로안,자전거,여,72세,경상,승용,여,23세,상해없음
2021101700100291,2021년 10월 17일 17시,일요일,제주특별자치도 서귀포시 성산읍,경상사고,0,0,4,0,차대차 - 기타,직진우회전진행방해,건조,맑음,교차로 - 교차로안,화물,남,73세,경상,승용,남,48세,경상
2021101700100292,2021년 10월 17일 17시,일요일,제주특별자치도 서귀포시 동홍동,중상사고,0,1,0,0,차대차 - 정면충돌,안전운전불이행,건조,맑음,단일로 - 기타,승용,남,47세,상해없음,이륜,남,54세,중상
2021101700100333,2021년 10월 17일 18시,일요일,제주특별자치도 제주시 화북일동,경상사고,0,0,1,0,차대차 - 기타,안전운전불이행,건조,맑음,단일로 - 기타,승용,남,74세,상해없음,이륜,남,47세,경상
2021101700100397,2021년 10월 17일 20시,일요일,제주특별자치도 서귀포시 대포동,경상사고,0,0,1,0,차량단독 - 기타,안전운전불이행,건조,맑음,단일로 - 기타,이륜,남,39세,경상,,,,
2021101700100398,2021년 10월 17일 20시,일요일,제주특별자치도 서귀포시 서귀동,경상사고,0,0,1,0,차량단독 - 기타,안전운전불이행,건조,맑음,교차로 - 교차로안,승합,남,51세,상해없음,,,,
2021101700100399,2021년 10월 17일 20시,일요일,제주특별자치도 제주시 용담삼동,경상사고,0,0,1,1,차대차 - 측면충돌,안전운전불이행,건조,맑음,단일로 - 기타,이륜,남,60세,부상신고,승용,여,48세,경상
2021101800100006,2021년 10월 18일 00시,월요일,제주특별자치도 제주시 오라삼동,중상사고,0,1,1,0,차대차 - 기타,기타,건조,맑음,교차로 - 교차로부근,승용,남,30세,상해없음,승용,여,34세,경상
2021101800100011,2021년 10월 18일 02시,월요일,제주특별자치도 제주시 건입동,경상사고,0,0,3,0,차대차 - 측면충돌,기타,건조,맑음,단일로 - 기타,승용,남,26세,상해없음,승용,남,21세,경상
2021101800100016,2021년 10월 18일 04시,월요일,제주특별자치도 제주시 한경면,부상신고사고,0,0,0,2,차량단독 - 공작물충돌,안전운전불이행,건조,맑음,교차로 - 교차로안,승용,남,48세,상해없음,,,,
2021101800100073,2021년 10월 18일 07시,월요일,제주특별자치도 제주시 용담이동,경상사고,0,0,2,0,차대차 - 기타,안전거리미확보,건조,맑음,단일로 - 기타,승용,남,70세,경상,승용,남,37세,경상
2021101800100127,2021년 10월 18일 08시,월요일,제주특별자치도 서귀포시 서호동,경상사고,0,0,2,0,차대차 - 기타,기타,건조,맑음,교차로 - 교차로안,승용,여,67세,상해없음,승용,여,38세,경상
2021101800100207,2021년 10월 18일 10시,월요일,제주특별자치도 제주시 용담이동,사망사고,1,0,0,0,차대사람 - 횡단중,신호위반,건조,맑음,교차로 - 교차로횡단보도내,승용,남,26세,상해없음,보행자,여,72세,사망
2021101800100276,2021년 10월 18일 12시,월요일,제주특별자치도 제주시 노형동,부상신고사고,0,0,0,1,차대차 - 측면충돌,안전운전불이행,건조,맑음,교차로 - 교차로부근,화물,남,51세,상해없음,이륜,남,35세,부상신고
2021101800100351,2021년 10월 18일 14시,월요일,제주특별자치도 서귀포시 남원읍,부상신고사고,0,0,0,1,차대사람 - 차도통행중,안전운전불이행,건조,맑음,교차로 - 교차로안,승용,여,64세,상해없음,보행자,남,55세,부상신고
2021101800100537,2021년 10월 18일 18시,월요일,제주특별자치도 제주시 오라일동,경상사고,0,0,1,0,차대차 - 기타,안전운전불이행,건조,기타,교차로 - 교차로부근,이륜,남,36세,경상,승용,남,30세,상해없음
2021101800100586,2021년 10월 18일 19시,월요일,제주특별자치도 제주시 노형동,중상사고,0,1,0,0,차대차 - 추돌,안전운전불이행,건조,맑음,교차로 - 교차로안,승용,여,58세,상해없음,승용,남,29세,중상
2021101900100042,2021년 10월 19일 06시,화요일,제주특별자치도 제주시 한림읍,부상신고사고,0,0,0,1,차대차 - 추돌,안전운전불이행,건조,맑음,단일로 - 기타,승용,남,44세,부상신고,농기계,남,60세,상해없음
2021101900100114,2021년 10월 19일 09시,화요일,제주특별자치도 제주시 용담일동,경상사고,0,0,1,0,차대차 - 기타,중앙선침범,건조,맑음,교차로 - 교차로부근,승용,남,79세,상해없음,승용,남,47세,상해없음
2021101900100115,2021년 10월 19일 09시,화요일,제주특별자치도 제주시 일도이동,경상사고,0,0,1,0,차대차 - 추돌,안전거리미확보,젖음/습기,비,단일로 - 기타,승용,남,44세,상해없음,승용,여,62세,경상
2021101900100145,2021년 10월 19일 10시,화요일,제주특별자치도 제주시 애월읍,경상사고,0,0,1,3,차대차 - 추돌,안전운전불이행,건조,흐림,단일로 - 기타,화물,남,52세,상해없음,승용,여,27세,경상
2021101900100162,2021년 10월 19일 11시,화요일,제주특별자치도 제주시 애월읍,경상사고,0,0,2,0,차대차 - 기타,안전운전불이행,건조,맑음,단일로 - 기타,승용,남,26세,상해없음,승합,남,28세,경상
2021101900100191,2021년 10월 19일 12시,화요일,제주특별자치도 제주시 도련일동,경상사고,0,0,1,0,차대차 - 기타,교차로운행방법위반,건조,맑음,교차로 - 교차로안,승용,여,62세,상해없음,승용,여,39세,경상
2021101900100192,2021년 10월 19일 12시,화요일,제주특별자치도 제주시 봉개동,경상사고,0,0,1,0,차대차 - 측면충돌,신호위반,건조,맑음,단일로 - 기타,승용,남,52세,상해없음,승용,남,43세,경상
2021101900100193,2021년 10월 19일 12시,화요일,제주특별자치도 제주시 노형동,중상사고,0,1,0,0,차대사람 - 횡단중,보행자보호의무위반,건조,맑음,교차로 - 교차로횡단보도내,승용,여,44세,상해없음,보행자,여,60세,중상
2021101900100231,2021년 10월 19일 13시,화요일,제주특별자치도 제주시 오라일동,중상사고,0,1,1,0,차대차 - 기타,직진우회전진행방해,건조,맑음,교차로 - 교차로안,승용,여,64세,경상,승용,여,51세,중상
2021101900100233,2021년 10월 19일 13시,화요일,제주특별자치도 제주시 연동,경상사고,0,0,1,0,차대차 - 기타,안전운전불이행,건조,맑음,교차로 - 교차로안,화물,남,33세,상해없음,이륜,남,35세,경상
2021101900100261,2021년 10월 19일 14시,화요일,제주특별자치도 제주시 도남동,중상사고,0,1,0,0,차대사람 - 기타,안전운전불이행,건조,맑음,교차로 - 교차로안,화물,남,30세,상해없음,보행자,여,85세,중상
2021101900100337,2021년 10월 19일 16시,화요일,제주특별자치도 서귀포시 안덕면,경상사고,0,0,1,0,차대사람 - 보도통행중,보행자보호의무위반,건조,맑음,교차로 - 교차로횡단보도내,승용,남,72세,상해없음,보행자,여,78세,경상
2021101900100338,2021년 10월 19일 16시,화요일,제주특별자치도 서귀포시 성산읍,경상사고,0,0,2,0,차대차 - 측면충돌,직진우회전진행방해,건조,맑음,교차로 - 교차로안,승용,여,60세,경상,승용,여,42세,경상
2021101900100374,2021년 10월 19일 17시,화요일,제주특별자치도 제주시 연동,경상사고,0,0,4,0,차대차 - 측면충돌,안전거리미확보,건조,맑음,교차로 - 교차로안,승용,여,49세,경상,승용,여,45세,경상
2021101900100435,2021년 10월 19일 18시,화요일,제주특별자치도 제주시 아라일동,경상사고,0,0,1,0,차대사람 - 기타,안전운전불이행,건조,맑음,단일로 - 기타,이륜,남,40세,상해없음,보행자,여,46세,경상
2021101900100436,2021년 10월 19일 18시,화요일,제주특별자치도 제주시 일도일동,경상사고,0,0,1,0,차대사람 - 기타,기타,건조,맑음,단일로 - 기타,승합,남,51세,상해없음,보행자,여,27세,경상
2021101900100437,2021년 10월 19일 18시,화요일,제주특별자치도 제주시 이도이동,경상사고,0,0,2,0,차대차 - 기타,안전운전불이행,건조,맑음,교차로 - 교차로안,승용,여,26세,상해없음,승용,남,39세,경상
2021101900100438,2021년 10월 19일 18시,화요일,제주특별자치도 서귀포시 서귀동,경상사고,0,0,2,0,차대차 - 측면충돌,안전거리미확보,건조,맑음,교차로 - 교차로안,승용,여,54세,상해없음,승용,여,39세,경상
2021101900100439,2021년 10월 19일 18시,화요일,제주특별자치도 제주시 한경면,중상사고,0,1,0,0,차량단독 - 전도전복 - 전도,안전운전불이행,건조,맑음,단일로 - 기타,이륜,여,21세,중상,,,,
2021101900100495,2021년 10월 19일 19시,화요일,제주특별자치도 제주시 도련일동,경상사고,0,0,1,0,차대차 - 기타,신호위반,건조,맑음,교차로 - 교차로안,승용,남,59세,상해없음,승합,남,20세,경상