사고번호,사고일시,요일,시군구,사고내용,사망자수,중상자수,경상자수,부상신고자수,사고유형,법규위반,노면상태,기상상태,도로형태,가해운전자 차종,가해운전자 성별,가해운전자 연령,가해운전자 상해정도,피해운전자 차종,피해운전자 성별,피해운전자 연령,피해운전자 상해정도
2021102700100509,2021년 10월 27일 19시,수요일,제주특별자치도 제주시 연동,경상사고,0,0,1,0,차대차 - 기타,안전운전불이행,건조,맑음,단일로 - 기타,승용,여,28세,상해없음,이륜,남,45세,경상
2021102700100538,2021년 10월 27일 20시,수요일,제주특별자치도 제주시 이도이동,경상사고,0,0,1,0,차대차 - 정면충돌,신호위반,건조,맑음,교차로 - 교차로안,승용,여,52세,상해없음,승용,남,54세,경상
2021102700100603,2021년 10월 27일 22시,수요일,제주특별자치도 제주시 외도일동,경상사고,0,0,1,0,차대차 - 측면충돌,직진우회전진행방해,건조,맑음,교차로 - 교차로안,승용,여,38세,기타불명,승용,남,21세,경상
2021102800100025,2021년 10월 28일 04시,목요일,제주특별자치도 제주시 화북이동,경상사고,0,0,1,0,차대차 - 정면충돌,중앙선침범,건조,맑음,단일로 - 기타,화물,남,57세,상해없음,승용,여,60세,경상
2021102800100036,2021년 10월 28일 05시,목요일,제주특별자치도 제주시 이호이동,중상사고,0,1,0,0,차대차 - 기타,불법유턴,건조,맑음,교차로 - 교차로부근,승용,여,26세,상해없음,이륜,남,33세,중상
2021102800100088,2021년 10월 28일 07시,목요일,제주특별자치도 제주시 애월읍,경상사고,0,0,1,0,차대차 - 기타,안전거리미확보,건조,맑음,단일로 - 기타,승용,남,40세,상해없음,화물,남,47세,경상
2021102800100240,2021년 10월 28일 11시,목요일,제주특별자치도 서귀포시 상예동,경상사고,0,0,3,0,차대차 - 정면충돌,안전운전불이행,건조,맑음,교차로 - 교차로안,승용,남,83세,상해없음,승용,남,24세,경상
2021102800100268,2021년 10월 28일 12시,목요일,제주특별자치도 제주시 애월읍,중상사고,0,1,0,0,차대차 - 기타,안전운전불이행,건조,맑음,단일로 - 기타,승용,남,22세,상해없음,자전거,남,39세,중상
2021102800100300,2021년 10월 28일 13시,목요일,제주특별자치도 제주시 일도이동,부상신고사고,0,0,0,1,차대차 - 기타,안전거리미확보,건조,맑음,단일로 - 기타,개인형이동수단(PM),여,33세,부상신고,승용,여,33세,상해없음
2021102800100343,2021년 10월 28일 14시,목요일,제주특별자치도 제주시 연동,중상사고,0,1,1,0,차대차 - 기타,안전거리미확보,건조,맑음,단일로 - 기타,승용,남,37세,상해없음,승합,남,47세,경상
2021102800100378,2021년 10월 28일 15시,목요일,제주특별자치도 서귀포시 서귀동,부상신고사고,0,0,0,1,차대차 - 정면충돌,신호위반,건조,맑음,단일로 - 기타,승용,여,59세,상해없음,이륜,남,18세,부상신고
2021102800100410,2021년 10월 28일 16시,목요일,제주특별자치도 서귀포시 안덕면,경상사고,0,0,1,0,차대차 - 추돌,안전운전불이행,건조,맑음,단일로 - 기타,화물,남,27세,상해없음,승용,여,44세,경상
2021102800100520,2021년 10월 28일 18시,목요일,제주특별자치도 서귀포시 표선면,중상사고,0,1,0,0,차대차 - 기타,안전운전불이행,건조,맑음,단일로 - 기타,승용,남,35세,상해없음,농기계,남,64세,중상
2021102900100003,2021년 10월 29일 00시,금요일,제주특별자치도 제주시 노형동,중상사고,0,1,0,0,차대사람 - 횡단중,안전운전불이행,건조,맑음,단일로 - 기타,승용,남,37세,상해없음,보행자,남,50세,중상
2021102900100082,2021년 10월 29일 08시,금요일,제주특별자치도 제주시 삼도이동,경상사고,0,0,1,0,차대차 - 측면충돌,신호위반,건조,맑음,단일로 - 기타,화물,남,43세,상해없음,자전거,여,67세,경상
2021102900100083,2021년 10월 29일 08시,금요일,제주특별자치도 서귀포시 대정읍,경상사고,0,0,2,0,차대차 - 측면충돌,직진우회전진행방해,건조,맑음,교차로 - 교차로안,승용,여,43세,상해없음,화물,남,20세,경상
2021102900100159,2021년 10월 29일 10시,금요일,제주특별자치도 서귀포시 색달동,경상사고,0,0,1,0,차대차 - 추돌,안전운전불이행,건조,맑음,단일로 - 기타,승용,남,62세,상해없음,승용,남,67세,경상
2021102900100232,2021년 10월 29일 12시,금요일,제주특별자치도 제주시 우도면,경상사고,0,0,1,0,차대차 - 기타,안전운전불이행,건조,맑음,단일로 - 지하차도(도로)내,자전거,남,28세,상해없음,이륜,여,27세,경상
2021102900100233,2021년 10월 29일 12시,금요일,제주특별자치도 제주시 이도일동,중상사고,0,1,0,0,차대사람 - 횡단중,안전운전불이행,건조,맑음,단일로 - 기타,승용,남,56세,상해없음,보행자,여,77세,중상
2021102900100234,2021년 10월 29일 12시,금요일,제주특별자치도 제주시 애월읍,경상사고,0,0,1,0,차대차 - 기타,중앙선침범,건조,맑음,단일로 - 기타,화물,남,59세,상해없음,승용,여,52세,경상
2021102900100257,2021년 10월 29일 13시,금요일,제주특별자치도 제주시 한림읍,경상사고,0,0,1,0,차대차 - 기타,안전운전불이행,건조,맑음,교차로 - 교차로안,화물,남,73세,기타불명,승용,여,31세,상해없음
2021102900100299,2021년 10월 29일 14시,금요일,제주특별자치도 서귀포시 남원읍,중상사고,0,1,0,0,차대차 - 측면충돌,안전운전불이행,건조,맑음,교차로 - 교차로부근,화물,남,46세,상해없음,이륜,여,75세,중상
2021102900100300,2021년 10월 29일 14시,금요일,제주특별자치도 서귀포시 서귀동,경상사고,0,0,1,0,차대차 - 기타,안전운전불이행,건조,맑음,교차로 - 교차로안,화물,남,46세,상해없음,화물,남,55세,경상
2021102900100301,2021년 10월 29일 14시,금요일,제주특별자치도 제주시 연동,경상사고,0,0,1,0,차대차 - 측면충돌,안전거리미확보,건조,맑음,단일로 - 기타,승용,남,24세,기타불명,승용,여,32세,경상
2021102900100354,2021년 10월 29일 15시,금요일,제주특별자치도 제주시 삼양일동,경상사고,0,0,1,0,차대차 - 기타,안전운전불이행,건조,맑음,단일로 - 기타,사륜오토바이(ATV),남,59세,경상,화물,남,48세,상해없음
2021102900100355,2021년 10월 29일 15시,금요일,제주특별자치도 제주시 한림읍,부상신고사고,0,0,0,1,차대차 - 측면충돌,안전운전불이행,건조,맑음,단일로 - 기타,자전거,여,47세,부상신고,승용,여,63세,상해없음
2021102900100356,2021년 10월 29일 15시,금요일,제주특별자치도 제주시 애월읍,부상신고사고,0,0,0,2,차대차 - 기타,안전운전불이행,건조,맑음,교차로 - 교차로안,승용,여,42세,부상신고,이륜,남,60세,부상신고
2021102900100395,2021년 10월 29일 16시,금요일,제주특별자치도 제주시 노형동,경상사고,0,0,1,0,차대사람 - 길가장자리구역통행중,안전운전불이행,건조,맑음,단일로 - 기타,승용,여,43세,상해없음,보행자,여,60세,경상
2021102900100396,2021년 10월 29일 16시,금요일,제주특별자치도 제주시 애월읍,경상사고,0,0,1,0,차대차 - 기타,안전운전불이행,건조,맑음,단일로 - 기타,승용,여,57세,상해없음,승용,남,48세,경상
2021102900100510,2021년 10월 29일 18시,금요일,제주특별자치도 제주시 오라일동,경상사고,0,0,2,0,차대차 - 측면충돌,직진우회전진행방해,건조,흐림,교차로 - 교차로안,승용,남,40세,상해없음,승용,남,60세,경상
2021102900100511,2021년 10월 29일 18시,금요일,제주특별자치도 서귀포시 서귀동,경상사고,0,0,1,0,차대차 - 측면충돌,교차로운행방법위반,건조,맑음,교차로 - 교차로안,승용,여,69세,상해없음,화물,남,69세,상해없음
2021102900100682,2021년 10월 29일 23시,금요일,제주특별자치도 제주시 영평동,경상사고,0,0,1,0,차대차 - 기타,기타,건조,맑음,단일로 - 기타,승용,남,32세,상해없음,승용,남,39세,상해없음
2021102900100683,2021년 10월 29일 23시,금요일,제주특별자치도 제주시 연동,경상사고,0,0,1,0,차대사람 - 기타,불법유턴,건조,맑음,기타 - 기타,승용,남,38세,상해없음,보행자,여,41세,경상
2021102900100684,2021년 10월 29일 23시,금요일,제주특별자치도 제주시 애월읍,경상사고,0,0,1,0,차대차 - 추돌,안전운전불이행,건조,맑음,단일로 - 기타,화물,남,46세,상해없음,승용,남,56세,경상
2021103000100086,2021년 10월 30일 08시,토요일,제주특별자치도 제주시 조천읍,경상사고,0,0,1,0,차대차 - 측면충돌,안전운전불이행,건조,맑음,교차로 - 교차로부근,승용,여,61세,상해없음,승용,여,47세,경상
2021103000100242,2021년 10월 30일 13시,토요일,제주특별자치도 제주시 구좌읍,부상신고사고,0,0,0,1,차대차 - 측면충돌,안전운전불이행,건조,맑음,교차로 - 교차로안,이륜,여,67세,부상신고,화물,남,41세,상해없음
2021103000100243,2021년 10월 30일 13시,토요일,제주특별자치도 서귀포시 호근동,경상사고,0,0,3,0,차대차 - 기타,중앙선침범,건조,맑음,단일로 - 기타,승용,여,53세,상해없음,승용,남,42세,경상
2021103000100269,2021년 10월 30일 14시,토요일,제주특별자치도 제주시 도두일동,경상사고,0,0,1,0,차대사람 - 횡단중,보행자보호의무위반,건조,맑음,교차로 - 교차로횡단보도내,승용,여,62세,상해없음,보행자,여,57세,경상
2021103000100296,2021년 10월 30일 15시,토요일,제주특별자치도 제주시 구좌읍,중상사고,0,1,0,0,차대차 - 기타,안전운전불이행,건조,맑음,교차로 - 교차로안,승용,여,43세,상해없음,이륜,여,69세,중상
2021103000100376,2021년 10월 30일 17시,토요일,제주특별자치도 제주시 일도이동,경상사고,0,0,2,0,차대차 - 추돌,안전운전불이행,건조,맑음,교차로 - 교차로안,승용,남,38세,상해없음,화물,남,44세,상해없음
2021103000100377,2021년 10월 30일 17시,토요일,제주특별자치도 제주시 애월읍,경상사고,0,0,1,0,차대차 - 추돌,안전거리미확보,건조,맑음,단일로 - 기타,승용,남,61세,상해없음,승용,여,39세,경상
2021103000100422,2021년 10월 30일 18시,토요일,제주특별자치도 제주시 구좌읍,중상사고,0,1,0,0,차대사람 - 기타,안전운전불이행,건조,맑음,교차로 - 교차로부근,승용,남,54세,상해없음,보행자,여,76세,중상
2021103000100423,2021년 10월 30일 18시,토요일,제주특별자치도 서귀포시 색달동,경상사고,0,0,2,0,차대차 - 후진중충돌,안전운전불이행,건조,맑음,주차장 - 주차장,승용,남,26세,상해없음,승용,남,35세,경상
2021103000100424,2021년 10월 30일 18시,토요일,제주특별자치도 제주시 연동,중상사고,0,1,0,0,차대사람 - 차도통행중,기타,건조,맑음,단일로 - 기타,승용,여,21세,상해없음,보행자,여,39세,중상
2021103000100522,2021년 10월 30일 21시,토요일,제주특별자치도 제주시 화북일동,경상사고,0,0,2,0,차대차 - 추돌,안전운전불이행,건조,맑음,교차로 - 교차로부근,승용,남,65세,상해없음,승용,여,28세,경상
2021103100100042,2021년 10월 31일 05시,일요일,제주특별자치도 서귀포시 색달동,부상신고사고,0,0,0,1,차량단독 - 전도전복 - 전도,안전운전불이행,건조,기타,단일로 - 기타,화물,남,32세,부상신고,,,,
2021103100100060,2021년 10월 31일 08시,일요일,제주특별자치도 서귀포시 성산읍,경상사고,0,0,2,0,차대차 - 기타,안전운전불이행,건조,맑음,교차로 - 교차로부근,화물,남,62세,상해없음,승용,여,36세,경상
2021103100100094,2021년 10월 31일 10시,일요일,제주특별자치도 서귀포시 대정읍,중상사고,0,1,0,0,차대차 - 기타,중앙선침범,건조,맑음,단일로 - 기타,승용,여,66세,상해없음,이륜,남,73세,중상
2021103100100119,2021년 10월 31일 11시,일요일,제주특별자치도 제주시 노형동,중상사고,0,1,0,0,차대차 - 기타,안전거리미확보,건조,맑음,단일로 - 기타,승용,남,26세,상해없음,이륜,남,42세,중상
2021103100100144,2021년 10월 31일 12시,일요일,제주특별자치도 서귀포시 대정읍,중상사고,0,3,0,1,차량단독 - 공작물충돌,교차로운행방법위반,건조,맑음,교차로 - 교차로안,화물,여,60세,중상,,,,
2021103100100145,2021년 10월 31일 12시,일요일,제주특별자치도 서귀포시 남원읍,경상사고,0,0,1,0,차대차 - 기타,신호위반,건조,맑음,교차로 - 교차로안,승용,남,43세,상해없음,승용,여,61세,경상
2021103100100185,2021년 10월 31일 13시,일요일,제주특별자치도 제주시 연동,경상사고,0,0,3,1,차대차 - 추돌,안전거리미확보,건조,맑음,단일로 - 기타,승용,남,34세,상해없음,승용,여,28세,경상
2021103100100251,2021년 10월 31일 15시,일요일,제주특별자치도 제주시 애월읍,부상신고사고,0,0,0,2,차량단독 - 공작물충돌,안전운전불이행,건조,맑음,단일로 - 기타,승용,여,48세,부상신고,,,,
2021103100100291,2021년 10월 31일 16시,일요일,제주특별자치도 제주시 구좌읍,경상사고,0,0,2,0,차량단독 - 공작물충돌,안전운전불이행,건조,맑음,단일로 - 기타,승용,남,73세,경상,,,,
2021103100100402,2021년 10월 31일 19시,일요일,제주특별자치도 제주시 한림읍,경상사고,0,0,1,0,차대차 - 측면충돌,안전운전불이행,건조,흐림,교차로 - 교차로부근,화물,여,52세,상해없음,승용,남,47세,경상
2021103100100429,2021년 10월 31일 20시,일요일,제주특별자치도 제주시 삼도일동,경상사고,0,0,1,0,차대차 - 기타,안전운전불이행,건조,맑음,단일로 - 기타,승용,남,53세,상해없음,승용,남,23세,경상
2021103100100430,2021년 10월 31일 20시,일요일,제주특별자치도 서귀포시 서홍동,중상사고,0,1,0,0,차대차 - 측면충돌,안전거리미확보,건조,맑음,교차로 - 교차로부근,화물,남,53세,상해없음,승용,여,27세,중상
2021110100100044,2021년 11월 1일 06시,월요일,제주특별자치도 제주시 일도이동,경상사고,0,0,1,0,차대차 - 기타,신호위반,건조,맑음,단일로 - 기타,화물,여,66세,상해없음,승용,남,54세,경상
2021110100100106,2021년 11월 1일 08시,월요일,제주특별자치도 제주시 노형동,중상사고,0,1,0,0,차대차 - 기타,안전운전불이행,건조,맑음,단일로 - 기타,화물,남,66세,상해없음,승용,남,50세,중상
2021110100100135,2021년 11월 1일 09시,월요일,제주특별자치도 제주시 도련일동,경상사고,0,0,1,0,차대차 - 정면충돌,교차로운행방법위반,건조,맑음,교차로 - 교차로안,승용,여,51세,상해없음,승용,여,32세,경상
2021110100100167,2021년 11월 1일 10시,월요일,제주특별자치도 서귀포시 성산읍,경상사고,0,0,2,0,차대차 - 측면충돌,직진우회전진행방해,건조,맑음,교차로 - 교차로안,승용,남,68세,상해없음,화물,남,54세,경상
2021110100100168,2021년 11월 1일 10시,월요일,제주특별자치도 제주시 노형동,경상사고,0,0,1,0,차대사람 - 기타,안전운전불이행,건조,맑음,단일로 - 기타,승용,남,63세,상해없음,보행자,남,62세,경상
2021110100100205,2021년 11월 1일 11시,월요일,제주특별자치도 제주시 조천읍,중상사고,0,1,0,0,차대사람 - 횡단중,안전운전불이행,건조,맑음,단일로 - 기타,승용,여,49세,상해없음,보행자,여,87세,중상
2021110100100269,2021년 11월 1일 13시,월요일,제주특별자치도 제주시 한경면,부상신고사고,0,0,0,2,차대차 - 측면충돌,직진우회전진행방해,건조,맑음,교차로 - 교차로안,이륜,남,77세,부상신고,승용,여,28세,상해없음
2021110100100392,2021년 11월 1일 16시,월요일,제주특별자치도 제주시 이도이동,중상사고,0,1,0,0,차량단독 - 기타,안전운전불이행,건조,맑음,단일로 - 기타,승합,남,49세,상해없음,,,,
2021110100100497,2021년 11월 1일 18시,월요일,제주특별자치도 제주시 노형동,경상사고,0,0,1,0,차대차 - 기타,안전운전불이행,건조,맑음,기타 - 기타,승용,여,58세,상해없음,원동기,남,25세,경상
2021110200100034,2021년 11월 2일 03시,화요일,제주특별자치도 제주시 아라일동,경상사고,0,0,1,0,차량단독 - 공작물충돌,안전운전불이행,건조,맑음,단일로 - 기타,화물,남,28세,경상,,,,
2021110200100117,2021년 11월 2일 08시,화요일,제주특별자치도 제주시 삼도일동,경상사고,0,0,1,0,차대차 - 측면충돌,안전운전불이행,건조,맑음,단일로 - 기타,화물,남,54세,상해없음,승용,여,40세,경상
2021110200100155,2021년 11월 2일 09시,화요일,제주특별자치도 제주시 연동,경상사고,0,0,1,0,차대사람 - 길가장자리구역통행중,기타,건조,맑음,기타 - 기타,승합,남,62세,상해없음,보행자,여,55세,경상
2021110200100182,2021년 11월 2일 10시,화요일,제주특별자치도 제주시 구좌읍,경상사고,0,0,1,0,차대사람 - 횡단중,보행자보호의무위반,건조,맑음,단일로 - 기타,승용,남,28세,상해없음,보행자,여,42세,경상
2021110200100183,2021년 11월 2일 10시,화요일,제주특별자치도 제주시 용담이동,경상사고,0,0,2,0,차대차 - 측면충돌,교차로운행방법위반,건조,맑음,교차로 - 교차로안,승용,남,77세,상해없음,승용,여,49세,경상
2021110200100212,2021년 11월 2일 11시,화요일,제주특별자치도 제주시 연동,경상사고,0,0,1,0,차대차 - 기타,직진우회전진행방해,건조,맑음,교차로 - 교차로안,승용,남,25세,상해없음,승용,남,54세,경상
2021110200100239,2021년 11월 2일 12시,화요일,제주특별자치도 제주시 구좌읍,중상사고,0,1,0,0,차대사람 - 차도통행중,안전운전불이행,건조,맑음,단일로 - 기타,승용,여,44세,상해없음,보행자,여,43세,중상
2021110200100240,2021년 11월 2일 12시,화요일,제주특별자치도 제주시 조천읍,중상사고,0,1,0,0,차대차 - 정면충돌,교차로운행방법위반,건조,맑음,교차로 - 교차로안,승용,남,54세,기타불명,승용,남,49세,중상
2021110200100241,2021년 11월 2일 12시,화요일,제주특별자치도 제주시 아라일동,경상사고,0,0,1,0,차대차 - 측면충돌,안전운전불이행,건조,맑음,교차로 - 교차로안,승용,남,21세,상해없음,승용,여,59세,경상
2021110200100242,2021년 11월 2일 12시,화요일,제주특별자치도 제주시 노형동,경상사고,0,0,2,0,차대차 - 기타,안전운전불이행,건조,맑음,교차로 - 교차로부근,승용,남,24세,상해없음,승용,남,25세,경상
2021110200100314,2021년 11월 2일 14시,화요일,제주특별자치도 제주시 이도이동,경상사고,0,0,2,0,차대차 - 추돌,안전운전불이행,건조,맑음,단일로 - 기타,승용,남,61세,상해없음,승용,남,82세,경상
2021110200100341,2021년 11월 2일 15시,화요일,제주특별자치도 제주시 노형동,경상사고,0,0,2,0,차대차 - 기타,안전운전불이행,건조,맑음,단일로 - 기타,기타불명,기타불명,미분류,기타불명,승용,여,52세,경상
2021110200100380,2021년 11월 2일 16시,화요일,제주특별자치도 제주시 건입동,경상사고,0,0,1,0,차대차 - 기타,안전운전불이행,건조,기타,교차로 - 교차로부근,승합,남,51세,상해없음,자전거,남,39세,경상
2021110200100381,2021년 11월 2일 16시,화요일,제주특별자치도 제주시 외도일동,경상사고,0,0,2,0,차대차 - 측면충돌,직진우회전진행방해,건조,맑음,교차로 - 교차로안,승용,여,40세,상해없음,승용,여,43세,경상
2021110200100419,2021년 11월 2일 17시,화요일,제주특별자치도 서귀포시 서홍동,경상사고,0,0,1,0,차대차 - 후진중충돌,안전운전불이행,건조,맑음,단일로 - 기타,승용,남,71세,상해없음,승용,여,39세,경상
2021110200100521,2021년 11월 2일 19시,화요일,제주특별자치도 제주시 아라일동,부상신고사고,0,0,0,1,차대차 - 기타,직진우회전진행방해,건조,맑음,교차로 - 교차로안,승용,여,24세,상해없음,이륜,남,37세,부상신고
2021110300100007,2021년 11월 3일 00시,수요일,제주특별자치도 제주시 애월읍,사망사고,1,0,0,0,차대사람 - 횡단중,안전운전불이행,건조,맑음,교차로 - 교차로안,승용,남,53세,상해없음,보행자,남,58세,사망
2021110300100072,2021년 11월 3일 07시,수요일,제주특별자치도 제주시 오라일동,경상사고,0,0,3,0,차대차 - 기타,안전운전불이행,건조,맑음,교차로 - 교차로안,승용,남,59세,상해없음,승용,남,32세,상해없음
2021110300100073,2021년 11월 3일 07시,수요일,제주특별자치도 제주시 회천동,경상사고,0,0,1,0,차대차 - 기타,안전운전불이행,건조,맑음,교차로 - 교차로부근,화물,남,53세,상해없음,화물,여,69세,경상
2021110300100225,2021년 11월 3일 11시,수요일,제주특별자치도 제주시 한림읍,경상사고,0,0,3,1,차대차 - 측면충돌,안전운전불이행,건조,맑음,단일로 - 기타,승용,여,65세,부상신고,승용,여,52세,경상
2021110300100226,2021년 11월 3일 11시,수요일,제주특별자치도 제주시 해안동,경상사고,0,0,2,0,차대차 - 기타,안전거리미확보,건조,맑음,단일로 - 기타,승용,여,33세,상해없음,승용,남,72세,경상
2021110300100322,2021년 11월 3일 14시,수요일,제주특별자치도 서귀포시 성산읍,경상사고,0,0,2,0,차대차 - 측면충돌,차로위반,건조,맑음,교차로 - 교차로부근,화물,남,29세,상해없음,승용,남,43세,경상
2021110300100356,2021년 11월 3일 15시,수요일,제주특별자치도 서귀포시 서귀동,경상사고,0,0,2,0,차대차 - 추돌,안전거리미확보,건조,맑음,교차로 - 교차로부근,원동기,남,27세,상해없음,승용,여,38세,경상
2021110300100389,2021년 11월 3일 16시,수요일,제주특별자치도 제주시 애월읍,경상사고,0,0,4,0,차대차 - 추돌,안전운전불이행,건조,맑음,단일로 - 기타,승용,남,28세,경상,승용,여,39세,상해없음
2021110300100424,2021년 11월 3일 17시,수요일,제주특별자치도 서귀포시 호근동,중상사고,0,2,1,0,차대차 - 추돌,안전운전불이행,건조,맑음,단일로 - 기타,화물,남,25세,상해없음,승용,여,30세,중상
2021110300100539,2021년 11월 3일 19시,수요일,제주특별자치도 제주시 조천읍,경상사고,0,0,1,0,차대차 - 기타,신호위반,건조,맑음,교차로 - 교차로안,승용,여,27세,상해없음,승용,남,29세,상해없음
2021110300100596,2021년 11월 3일 21시,수요일,제주특별자치도 제주시 노형동,경상사고,0,0,1,0,차대차 - 기타,안전운전불이행,건조,맑음,교차로 - 교차로부근,이륜,남,35세,경상,승용,남,37세,상해없음
2021110400100008,2021년 11월 4일 00시,목요일,제주특별자치도 서귀포시 서귀동,중상사고,0,1,1,0,차대사람 - 횡단중,안전운전불이행,건조,맑음,교차로 - 교차로부근,승용,여,57세,상해없음,보행자,여,20세,중상
2021110400100083,2021년 11월 4일 07시,목요일,제주특별자치도 서귀포시 성산읍,중상사고,0,1,0,0,차대차 - 후진중충돌,안전운전불이행,건조,맑음,교차로 - 교차로안,화물,남,74세,상해없음,이륜,남,74세,중상
2021110400100126,2021년 11월 4일 08시,목요일,제주특별자치도 제주시 연동,경상사고,0,0,1,0,차대사람 - 횡단중,보행자보호의무위반,건조,맑음,교차로 - 교차로횡단보도내,승용,여,61세,상해없음,보행자,남,48세,경상
2021110400100157,2021년 11월 4일 09시,목요일,제주특별자치도 제주시 연동,경상사고,0,0,1,0,차대차 - 추돌,안전운전불이행,건조,맑음,단일로 - 기타,승용,남,51세,상해없음,승용,남,37세,경상
2021110400100211,2021년 11월 4일 11시,목요일,제주특별자치도 서귀포시 성산읍,중상사고,0,2,0,2,차대차 - 측면충돌,안전운전불이행,건조,맑음,단일로 - 기타,화물,여,73세,부상신고,화물,남,77세,중상
2021110400100238,2021년 11월 4일 12시,목요일,제주특별자치도 제주시 일도일동,중상사고,0,2,0,0,차대차 - 측면충돌,중앙선침범,건조,맑음,단일로 - 기타,이륜,남,72세,중상,승용,남,26세,상해없음
2021110400100239,2021년 11월 4일 12시,목요일,제주특별자치도 서귀포시 동홍동,중상사고,0,1,0,0,차대차 - 기타,직진우회전진행방해,건조,맑음,교차로 - 교차로안,승용,남,53세,상해없음,이륜,남,72세,중상
2021110400100240,2021년 11월 4일 12시,목요일,제주특별자치도 제주시 용담이동,경상사고,0,0,1,0,차대차 - 기타,안전운전불이행,건조,맑음,단일로 - 기타,승용,남,23세,상해없음,승용,여,67세,경상
2021110400100278,2021년 11월 4일 13시,목요일,제주특별자치도 서귀포시 안덕면,부상신고사고,0,0,0,1,차량단독 - 공작물충돌,안전운전불이행,건조,맑음,단일로 - 기타,승용,여,19세,부상신고,,,,
2021110400100308,2021년 11월 4일 14시,목요일,제주특별자치도 제주시 노형동,경상사고,0,0,2,0,차대차 - 추돌,안전운전불이행,건조,맑음,단일로 - 기타,승용,여,43세,상해없음,승용,남,25세,경상
2021110400100309,2021년 11월 4일 14시,목요일,제주특별자치도 제주시 연동,중상사고,0,1,0,0,차대차 - 기타,안전거리미확보,건조,맑음,단일로 - 기타,화물,남,35세,상해없음,자전거,여,74세,중상
2021110400100372,2021년 11월 4일 16시,목요일,제주특별자치도 서귀포시 대정읍,경상사고,0,0,1,0,차대차 - 기타,안전운전불이행,건조,맑음,교차로 - 교차로횡단보도내,승용,여,45세,상해없음,자전거,남,11세,경상
2021110400100373,2021년 11월 4일 16시,목요일,제주특별자치도 제주시 애월읍,경상사고,0,0,1,0,차대사람 - 기타,기타,건조,맑음,기타 - 기타,기타불명,기타불명,미분류,기타불명,보행자,여,22세,경상
2021110400100374,2021년 11월 4일 16시,목요일,제주특별자치도 제주시 한림읍,경상사고,0,0,1,0,차대차 - 측면충돌,안전운전불이행,건조,맑음,교차로 - 교차로안,승용,여,67세,상해없음,화물,남,46세,경상
2021110400100494,2021년 11월 4일 18시,목요일,제주특별자치도 제주시 조천읍,중상사고,0,2,3,0,차대차 - 측면충돌,중앙선침범,건조,맑음,단일로 - 기타,승용,남,65세,경상,승용,남,57세,경상
2021110500100023,2021년 11월 5일 01시,금요일,제주특별자치도 제주시 연동,중상사고,0,1,0,0,차대차 - 후진중충돌,안전운전불이행,건조,맑음,교차로 - 교차로안,승용,남,45세,상해없음,승용,남,68세,중상
2021110500100122,2021년 11월 5일 08시,금요일,제주특별자치도 제주시 우도면,중상사고,0,1,0,0,차대차 - 추돌,기타,건조,맑음,교차로 - 교차로부근,화물,남,41세,상해없음,이륜,남,19세,중상
2021110500100188,2021년 11월 5일 10시,금요일,제주특별자치도 제주시 조천읍,부상신고사고,0,0,0,1,차량단독 - 공작물충돌,안전운전불이행,건조,맑음,단일로 - 기타,화물,남,56세,부상신고,,,,
2021110500100189,2021년 11월 5일 10시,금요일,제주특별자치도 서귀포시 표선면,경상사고,0,0,2,0,차대차 - 기타,중앙선침범,건조,맑음,단일로 - 기타,승용,여,39세,상해없음,승용,남,29세,경상
2021110500100247,2021년 11월 5일 12시,금요일,제주특별자치도 제주시 오라이동,경상사고,0,0,1,0,차대차 - 추돌,안전운전불이행,건조,맑음,교차로 - 교차로부근,화물,남,27세,경상,승합,남,46세,상해없음
2021110500100248,2021년 11월 5일 12시,금요일,제주특별자치도 서귀포시 강정동,중상사고,0,1,0,0,차대차 - 측면충돌,교차로운행방법위반,건조,맑음,교차로 - 교차로안,이륜,남,45세,중상,화물,남,67세,상해없음
2021110500100289,2021년 11월 5일 13시,금요일,제주특별자치도 서귀포시 동홍동,경상사고,0,0,1,0,차대차 - 기타,직진우회전진행방해,건조,맑음,교차로 - 교차로안,화물,여,59세,상해없음,승용,남,34세,경상
2021110500100327,2021년 11월 5일 14시,금요일,제주특별자치도 서귀포시 성산읍,중상사고,0,1,0,0,차대차 - 측면충돌,안전거리미확보,건조,맑음,단일로 - 기타,이륜,남,75세,중상,승용,남,79세,상해없음
2021110500100395,2021년 11월 5일 16시,금요일,제주특별자치도 제주시 이호일동,경상사고,0,0,2,0,차대차 - 기타,안전운전불이행,건조,맑음,단일로 - 기타,승용,여,40세,상해없음,승용,여,55세,경상
2021110500100526,2021년 11월 5일 18시,금요일,제주특별자치도 제주시 이도일동,중상사고,0,1,0,0,차대사람 - 기타,안전운전불이행,건조,맑음,교차로 - 교차로안,승용,남,65세,상해없음,보행자,여,51세,중상