사고번호,사고일시,요일,시군구,사고내용,사망자수,중상자수,경상자수,부상신고자수,사고유형,법규위반,노면상태,기상상태,도로형태,가해운전자 차종,가해운전자 성별,가해운전자 연령,가해운전자 상해정도,피해운전자 차종,피해운전자 성별,피해운전자 연령,피해운전자 상해정도
2021110500100527,2021년 11월 5일 18시,금요일,제주특별자치도 제주시 삼도이동,경상사고,0,0,2,0,차대차 - 측면충돌,안전운전불이행,건조,맑음,교차로 - 교차로안,승용,남,31세,상해없음,승용,여,29세,경상
2021110500100528,2021년 11월 5일 18시,금요일,제주특별자치도 제주시 애월읍,중상사고,0,1,0,0,차대차 - 측면충돌,기타,건조,맑음,교차로 - 교차로안,승용,여,26세,상해없음,사륜오토바이(ATV),여,83세,중상
2021110500100677,2021년 11월 5일 22시,금요일,제주특별자치도 서귀포시 대정읍,경상사고,0,0,2,0,차대차 - 측면충돌,신호위반,건조,맑음,교차로 - 교차로안,화물,여,48세,경상,승용,남,25세,경상
2021110500100678,2021년 11월 5일 22시,금요일,제주특별자치도 제주시 애월읍,부상신고사고,0,0,0,1,차량단독 - 기타,안전운전불이행,건조,맑음,단일로 - 기타,화물,남,21세,부상신고,,,,
2021110600100177,2021년 11월 6일 11시,토요일,제주특별자치도 제주시 오라일동,경상사고,0,0,1,0,차대사람 - 횡단중,신호위반,건조,맑음,교차로 - 교차로부근,화물,남,44세,상해없음,보행자,여,69세,경상
2021110600100178,2021년 11월 6일 11시,토요일,제주특별자치도 제주시 일도이동,경상사고,0,0,1,0,차대차 - 기타,안전운전불이행,건조,맑음,주차장 - 주차장,승용,여,60세,상해없음,승용,남,41세,경상
2021110600100472,2021년 11월 6일 18시,토요일,제주특별자치도 서귀포시 대정읍,부상신고사고,0,0,0,2,차대차 - 추돌,안전운전불이행,건조,맑음,단일로 - 기타,이륜,남,78세,부상신고,승용,남,29세,상해없음
2021110600100581,2021년 11월 6일 21시,토요일,제주특별자치도 제주시 연동,경상사고,0,0,1,0,차대차 - 기타,안전운전불이행,건조,맑음,교차로 - 교차로안,화물,남,44세,상해없음,이륜,남,24세,경상
2021110600100633,2021년 11월 6일 23시,토요일,제주특별자치도 제주시 조천읍,부상신고사고,0,0,0,1,차량단독 - 도로외이탈 - 추락,안전운전불이행,건조,맑음,단일로 - 기타,화물,남,51세,부상신고,,,,
2021110700100014,2021년 11월 7일 00시,일요일,제주특별자치도 제주시 삼도일동,경상사고,0,0,1,0,차대사람 - 횡단중,안전운전불이행,건조,맑음,단일로 - 기타,승용,남,62세,상해없음,보행자,남,46세,경상
2021110700100103,2021년 11월 7일 10시,일요일,제주특별자치도 제주시 삼양이동,경상사고,0,0,1,0,차대차 - 추돌,기타,건조,맑음,단일로 - 기타,승용,남,57세,상해없음,승용,남,39세,경상
2021110700100104,2021년 11월 7일 10시,일요일,제주특별자치도 제주시 연동,경상사고,0,0,1,0,차대차 - 측면충돌,직진우회전진행방해,건조,맑음,교차로 - 교차로안,승용,여,42세,상해없음,승합,남,51세,상해없음
2021110700100163,2021년 11월 7일 12시,일요일,제주특별자치도 서귀포시 성산읍,경상사고,0,0,3,0,차대차 - 기타,안전운전불이행,건조,맑음,단일로 - 기타,승용,여,53세,상해없음,승용,여,26세,경상
2021110700100228,2021년 11월 7일 14시,일요일,제주특별자치도 서귀포시 서홍동,중상사고,0,1,2,1,차대차 - 추돌,안전운전불이행,건조,맑음,단일로 - 기타,승용,남,47세,상해없음,화물,남,50세,상해없음
2021110700100229,2021년 11월 7일 14시,일요일,제주특별자치도 제주시 한경면,중상사고,0,1,0,0,차대사람 - 횡단중,안전운전불이행,건조,맑음,단일로 - 기타,화물,남,46세,상해없음,보행자,남,66세,중상
2021110700100230,2021년 11월 7일 14시,일요일,제주특별자치도 제주시 애월읍,경상사고,0,0,4,0,차대차 - 추돌,안전운전불이행,건조,맑음,교차로 - 교차로부근,승용,여,60세,상해없음,승용,여,27세,경상
2021110700100231,2021년 11월 7일 14시,일요일,제주특별자치도 제주시 용담삼동,경상사고,0,0,2,0,차대차 - 기타,안전운전불이행,건조,맑음,주차장 - 주차장,승용,여,45세,상해없음,승용,남,31세,경상
2021110700100275,2021년 11월 7일 15시,일요일,제주특별자치도 제주시 우도면,경상사고,0,0,1,0,차대사람 - 기타,안전운전불이행,건조,맑음,단일로 - 기타,승합,남,50세,상해없음,보행자,남,67세,경상
2021110700100276,2021년 11월 7일 15시,일요일,제주특별자치도 서귀포시 대정읍,중상사고,0,1,0,0,차대차 - 측면충돌,안전운전불이행,건조,맑음,교차로 - 교차로안,이륜,남,45세,중상,승용,남,48세,상해없음
2021110700100378,2021년 11월 7일 18시,일요일,제주특별자치도 서귀포시 하원동,부상신고사고,0,0,0,1,차량단독 - 공작물충돌,안전운전불이행,건조,맑음,단일로 - 기타,승용,남,74세,부상신고,,,,
2021110700100431,2021년 11월 7일 20시,일요일,제주특별자치도 서귀포시 대정읍,중상사고,0,1,0,0,차대차 - 측면충돌,신호위반,건조,기타,교차로 - 교차로안,승합,남,55세,상해없음,이륜,남,24세,중상
2021110700100486,2021년 11월 7일 23시,일요일,제주특별자치도 제주시 노형동,중상사고,0,1,0,0,차대차 - 기타,안전운전불이행,건조,맑음,교차로 - 교차로안,승용,여,26세,상해없음,자전거,남,50세,중상
2021110800100125,2021년 11월 8일 08시,월요일,제주특별자치도 서귀포시 안덕면,중상사고,0,1,1,0,차대차 - 측면충돌,안전거리미확보,젖음/습기,비,단일로 - 기타,승용,여,51세,중상,승용,여,21세,경상
2021110800100126,2021년 11월 8일 08시,월요일,제주특별자치도 제주시 노형동,경상사고,0,0,1,0,차대사람 - 횡단중,안전운전불이행,젖음/습기,비,교차로 - 교차로안,승용,남,36세,상해없음,보행자,여,53세,경상
2021110800100127,2021년 11월 8일 08시,월요일,제주특별자치도 제주시 용담이동,부상신고사고,0,0,0,1,차대차 - 측면충돌,안전거리미확보,젖음/습기,비,교차로 - 교차로부근,승용,여,52세,상해없음,승용,여,63세,부상신고
2021110800100169,2021년 11월 8일 09시,월요일,제주특별자치도 제주시 한림읍,경상사고,0,0,1,0,차대차 - 측면충돌,직진우회전진행방해,건조,맑음,교차로 - 교차로안,승용,남,41세,경상,승용,남,43세,상해없음
2021110800100413,2021년 11월 8일 16시,월요일,제주특별자치도 제주시 노형동,경상사고,0,0,3,0,차대차 - 추돌,안전운전불이행,건조,맑음,교차로 - 교차로부근,승용,여,46세,상해없음,승용,남,47세,경상
2021110800100533,2021년 11월 8일 18시,월요일,제주특별자치도 제주시 구좌읍,경상사고,0,0,1,0,차대차 - 측면충돌,안전운전불이행,건조,맑음,교차로 - 교차로안,이륜,남,45세,경상,화물,남,70세,상해없음
2021110800100534,2021년 11월 8일 18시,월요일,제주특별자치도 서귀포시 표선면,중상사고,0,2,1,0,차량단독 - 공작물충돌,안전운전불이행,건조,맑음,교차로 - 교차로안,승용,남,31세,중상,,,,
2021110800100535,2021년 11월 8일 18시,월요일,제주특별자치도 제주시 오라삼동,경상사고,0,0,2,0,차대차 - 측면충돌,교차로운행방법위반,건조,맑음,교차로 - 교차로안,승합,남,68세,상해없음,승용,남,28세,경상
2021110900100013,2021년 11월 9일 00시,화요일,제주특별자치도 제주시 해안동,부상신고사고,0,0,0,1,차대차 - 추돌,안전운전불이행,건조,맑음,단일로 - 기타,승용,남,58세,부상신고,승용,남,41세,상해없음
2021110900100036,2021년 11월 9일 04시,화요일,제주특별자치도 제주시 이도일동,경상사고,0,0,1,0,차대차 - 추돌,안전운전불이행,건조,맑음,단일로 - 기타,승용,남,27세,상해없음,승용,남,56세,상해없음
2021110900100106,2021년 11월 9일 08시,화요일,제주특별자치도 제주시 삼도이동,중상사고,0,1,0,0,차대사람 - 횡단중,안전운전불이행,건조,맑음,단일로 - 기타,승용,여,42세,상해없음,보행자,여,9세,중상
2021110900100107,2021년 11월 9일 08시,화요일,제주특별자치도 제주시 용담삼동,중상사고,0,1,0,0,차량단독 - 기타,안전운전불이행,건조,맑음,교차로 - 교차로부근,승합,남,57세,상해없음,,,,
2021110900100321,2021년 11월 9일 14시,화요일,제주특별자치도 제주시 연동,부상신고사고,0,0,0,1,차대차 - 정면충돌,중앙선침범,건조,맑음,단일로 - 기타,승용,여,65세,부상신고,화물,남,42세,상해없음
2021110900100347,2021년 11월 9일 15시,화요일,제주특별자치도 서귀포시 동홍동,경상사고,0,0,1,0,차대차 - 기타,기타,건조,맑음,교차로 - 교차로안,승용,여,71세,상해없음,자전거,남,11세,경상
2021110900100389,2021년 11월 9일 16시,화요일,제주특별자치도 제주시 오라이동,경상사고,0,0,1,0,차대차 - 측면충돌,안전거리미확보,건조,맑음,단일로 - 기타,화물,남,74세,상해없음,승용,여,42세,경상
2021110900100390,2021년 11월 9일 16시,화요일,제주특별자치도 제주시 용담이동,경상사고,0,0,2,0,차대차 - 기타,신호위반,건조,맑음,교차로 - 교차로안,승용,여,47세,상해없음,승합,남,69세,상해없음
2021110900100446,2021년 11월 9일 17시,화요일,제주특별자치도 서귀포시 서호동,경상사고,0,0,2,0,차대차 - 추돌,안전운전불이행,건조,맑음,교차로 - 교차로부근,화물,남,44세,상해없음,승용,남,33세,경상
2021110900100507,2021년 11월 9일 18시,화요일,제주특별자치도 제주시 이도이동,경상사고,0,0,1,0,차대차 - 기타,안전거리미확보,젖음/습기,비,단일로 - 기타,승용,남,23세,상해없음,승용,남,52세,경상
2021110900100565,2021년 11월 9일 19시,화요일,제주특별자치도 제주시 오라일동,중상사고,0,1,0,0,차대사람 - 횡단중,안전운전불이행,건조,맑음,교차로 - 교차로안,승합,남,64세,상해없음,보행자,남,59세,중상
2021110900100566,2021년 11월 9일 19시,화요일,제주특별자치도 제주시 조천읍,경상사고,0,0,1,0,차대차 - 기타,안전운전불이행,젖음/습기,비,교차로 - 교차로안,승용,남,57세,상해없음,승용,여,23세,경상
2021110900100567,2021년 11월 9일 19시,화요일,제주특별자치도 제주시 연동,경상사고,0,0,1,0,차대차 - 정면충돌,안전운전불이행,젖음/습기,비,단일로 - 기타,이륜,남,41세,상해없음,이륜,남,28세,경상
2021110900100658,2021년 11월 9일 22시,화요일,제주특별자치도 서귀포시 강정동,중상사고,0,1,0,0,차량단독 - 공작물충돌,기타,젖음/습기,비,기타 - 기타,승용,남,31세,중상,,,,
2021111000100049,2021년 11월 10일 05시,수요일,제주특별자치도 제주시 노형동,경상사고,0,0,1,0,차대차 - 추돌,안전운전불이행,젖음/습기,비,단일로 - 기타,승용,여,34세,상해없음,승용,여,30세,경상
2021111000100050,2021년 11월 10일 05시,수요일,제주특별자치도 제주시 용담이동,경상사고,0,0,1,0,차대차 - 측면충돌,신호위반,젖음/습기,비,교차로 - 교차로안,승용,남,72세,상해없음,승용,여,38세,경상
2021111000100066,2021년 11월 10일 06시,수요일,제주특별자치도 서귀포시 안덕면,중상사고,0,1,0,0,차량단독 - 공작물충돌,안전운전불이행,젖음/습기,비,단일로 - 기타,승용,남,80세,중상,,,,
2021111000100095,2021년 11월 10일 07시,수요일,제주특별자치도 서귀포시 중문동,중상사고,0,1,0,0,차대사람 - 기타,보행자보호의무위반,젖음/습기,비,단일로 - 기타,화물,남,47세,상해없음,보행자,남,31세,중상
2021111000100134,2021년 11월 10일 08시,수요일,제주특별자치도 서귀포시 토평동,경상사고,0,0,3,1,차대차 - 추돌,안전운전불이행,건조,맑음,단일로 - 기타,승용,여,28세,상해없음,승용,남,61세,경상
2021111000100135,2021년 11월 10일 08시,수요일,제주특별자치도 서귀포시 상효동,경상사고,0,0,1,0,차량단독 - 전도전복 - 전도,안전운전불이행,젖음/습기,비,단일로 - 기타,화물,남,53세,경상,,,,
2021111000100136,2021년 11월 10일 08시,수요일,제주특별자치도 제주시 연동,경상사고,0,0,1,0,차대차 - 측면충돌,안전거리미확보,건조,맑음,단일로 - 기타,화물,남,56세,상해없음,승용,남,34세,경상
2021111000100137,2021년 11월 10일 08시,수요일,제주특별자치도 제주시 노형동,부상신고사고,0,0,0,2,차대차 - 기타,안전거리미확보,젖음/습기,비,단일로 - 기타,승용,남,46세,부상신고,승용,남,56세,부상신고
2021111000100168,2021년 11월 10일 09시,수요일,제주특별자치도 서귀포시 동홍동,경상사고,0,0,2,0,차대차 - 측면충돌,직진우회전진행방해,건조,맑음,교차로 - 교차로안,승합,여,75세,상해없음,승용,여,24세,경상
2021111000100189,2021년 11월 10일 10시,수요일,제주특별자치도 제주시 노형동,경상사고,0,0,1,0,차대차 - 측면충돌,안전운전불이행,건조,맑음,교차로 - 교차로부근,승용,남,33세,상해없음,이륜,남,40세,경상
2021111000100294,2021년 11월 10일 14시,수요일,제주특별자치도 서귀포시 상효동,경상사고,0,0,1,0,차대차 - 추돌,안전운전불이행,건조,맑음,교차로 - 교차로부근,승용,남,30세,상해없음,승용,남,21세,상해없음
2021111000100335,2021년 11월 10일 15시,수요일,제주특별자치도 제주시 이도이동,경상사고,0,0,2,0,차대차 - 측면충돌,신호위반,젖음/습기,비,교차로 - 교차로안,승용,여,55세,상해없음,승용,남,55세,경상
2021111000100336,2021년 11월 10일 15시,수요일,제주특별자치도 서귀포시 대포동,경상사고,0,0,1,0,차대차 - 측면충돌,안전운전불이행,건조,맑음,교차로 - 교차로안,승용,남,57세,상해없음,승용,남,69세,경상
2021111000100374,2021년 11월 10일 16시,수요일,제주특별자치도 제주시 조천읍,경상사고,0,0,2,0,차대차 - 추돌,안전운전불이행,젖음/습기,비,교차로 - 교차로부근,승용,남,25세,상해없음,승용,남,62세,경상
2021111000100375,2021년 11월 10일 16시,수요일,제주특별자치도 제주시 일도이동,경상사고,0,0,1,0,차대차 - 기타,안전운전불이행,젖음/습기,비,단일로 - 기타,승용,여,65세,상해없음,승용,남,25세,경상
2021111000100376,2021년 11월 10일 16시,수요일,제주특별자치도 제주시 노형동,경상사고,0,0,1,0,차대차 - 기타,교차로운행방법위반,젖음/습기,비,교차로 - 교차로안,화물,남,59세,상해없음,승용,남,30세,경상
2021111000100414,2021년 11월 10일 17시,수요일,제주특별자치도 서귀포시 안덕면,경상사고,0,0,5,0,차대차 - 추돌,안전운전불이행,젖음/습기,흐림,교차로 - 교차로부근,승용,여,28세,상해없음,승용,남,46세,경상
2021111000100472,2021년 11월 10일 18시,수요일,제주특별자치도 제주시 한림읍,경상사고,0,0,1,0,차대차 - 측면충돌,안전운전불이행,건조,맑음,교차로 - 교차로부근,승용,남,60세,상해없음,승용,여,59세,경상
2021111000100522,2021년 11월 10일 19시,수요일,제주특별자치도 제주시 노형동,경상사고,0,0,2,0,차대차 - 기타,직진우회전진행방해,건조,맑음,교차로 - 교차로안,원동기,남,58세,경상,승용,여,57세,경상
2021111100100017,2021년 11월 11일 01시,목요일,제주특별자치도 제주시 노형동,부상신고사고,0,0,0,1,차대차 - 측면충돌,교차로운행방법위반,건조,맑음,교차로 - 교차로안,승용,남,25세,부상신고,승용,남,51세,상해없음
2021111100100097,2021년 11월 11일 07시,목요일,제주특별자치도 서귀포시 남원읍,경상사고,0,0,1,0,차대차 - 측면충돌,안전운전불이행,건조,맑음,교차로 - 교차로안,화물,남,60세,상해없음,화물,남,44세,경상
2021111100100175,2021년 11월 11일 09시,목요일,제주특별자치도 제주시 화북이동,경상사고,0,0,2,0,차대차 - 기타,안전거리미확보,건조,맑음,단일로 - 기타,승용,남,41세,상해없음,승용,여,34세,경상
2021111100100240,2021년 11월 11일 11시,목요일,제주특별자치도 서귀포시 남원읍,경상사고,0,0,1,0,차대차 - 측면충돌,직진우회전진행방해,건조,맑음,교차로 - 교차로안,승용,남,67세,상해없음,승용,남,35세,경상
2021111100100269,2021년 11월 11일 12시,목요일,제주특별자치도 제주시 외도일동,경상사고,0,0,1,0,차대차 - 기타,안전운전불이행,건조,맑음,교차로 - 교차로안,화물,남,66세,기타불명,승용,여,28세,경상
2021111100100297,2021년 11월 11일 13시,목요일,제주특별자치도 서귀포시 남원읍,경상사고,0,0,1,0,차대차 - 측면충돌,차로위반,건조,맑음,교차로 - 교차로부근,승용,여,61세,상해없음,승용,남,37세,경상
2021111100100324,2021년 11월 11일 14시,목요일,제주특별자치도 제주시 구좌읍,사망사고,1,0,0,0,차대차 - 추돌,안전운전불이행,건조,맑음,교차로 - 교차로부근,화물,남,76세,상해없음,승용,남,70세,상해없음
2021111100100325,2021년 11월 11일 14시,목요일,제주특별자치도 제주시 영평동,경상사고,0,0,1,0,차대차 - 측면충돌,안전운전불이행,건조,맑음,기타 - 기타,승용,여,48세,상해없음,화물,남,52세,경상
2021111100100326,2021년 11월 11일 14시,목요일,제주특별자치도 서귀포시 대정읍,부상신고사고,0,0,0,1,차대사람 - 기타,안전운전불이행,건조,기타,단일로 - 기타,승용,여,44세,상해없음,보행자,남,51세,부상신고
2021111100100397,2021년 11월 11일 16시,목요일,제주특별자치도 제주시 일도일동,경상사고,0,0,1,0,차대차 - 측면충돌,교차로운행방법위반,건조,맑음,교차로 - 교차로안,승합,남,60세,상해없음,이륜,남,50세,경상
2021111100100453,2021년 11월 11일 17시,목요일,제주특별자치도 제주시 외도일동,경상사고,0,0,1,0,차대차 - 기타,직진우회전진행방해,건조,맑음,교차로 - 교차로안,자전거,남,12세,경상,화물,남,33세,상해없음
2021111100100555,2021년 11월 11일 19시,목요일,제주특별자치도 제주시 아라일동,중상사고,0,1,0,0,차대사람 - 기타,안전운전불이행,젖음/습기,비,단일로 - 기타,승용,남,58세,상해없음,보행자,남,49세,중상
2021111100100653,2021년 11월 11일 23시,목요일,제주특별자치도 서귀포시 강정동,부상신고사고,0,0,0,1,차대차 - 기타,직진우회전진행방해,건조,맑음,교차로 - 교차로안,이륜,남,39세,부상신고,승용,여,42세,상해없음
2021111200100010,2021년 11월 12일 00시,금요일,제주특별자치도 서귀포시 서귀동,중상사고,0,1,0,1,차대사람 - 횡단중,보행자보호의무위반,젖음/습기,비,교차로 - 교차로횡단보도내,이륜,남,47세,부상신고,보행자,남,60세,중상
2021111200100018,2021년 11월 12일 01시,금요일,제주특별자치도 제주시 조천읍,경상사고,0,0,1,0,차량단독 - 기타,기타,젖음/습기,비,단일로 - 기타,승용,여,56세,상해없음,,,,
2021111200100038,2021년 11월 12일 04시,금요일,제주특별자치도 서귀포시 서호동,경상사고,0,0,2,0,차대차 - 기타,신호위반,젖음/습기,맑음,교차로 - 교차로안,승용,여,50세,경상,화물,남,53세,경상
2021111200100116,2021년 11월 12일 08시,금요일,제주특별자치도 제주시 노형동,중상사고,0,1,0,0,차대사람 - 횡단중,안전운전불이행,건조,맑음,단일로 - 기타,승용,남,39세,상해없음,보행자,남,85세,중상
2021111200100155,2021년 11월 12일 09시,금요일,제주특별자치도 제주시 연동,경상사고,0,0,4,0,차대차 - 측면충돌,안전운전불이행,건조,맑음,단일로 - 기타,건설기계,남,59세,상해없음,승용,여,52세,경상
2021111200100156,2021년 11월 12일 09시,금요일,제주특별자치도 제주시 애월읍,중상사고,0,1,0,0,차대차 - 측면충돌,안전운전불이행,건조,맑음,교차로 - 교차로안,화물,남,36세,상해없음,원동기,여,59세,중상
2021111200100255,2021년 11월 12일 12시,금요일,제주특별자치도 제주시 도두일동,중상사고,0,1,0,0,차대차 - 기타,직진우회전진행방해,건조,맑음,교차로 - 교차로안,승용,여,37세,상해없음,승용,여,69세,중상
2021111200100370,2021년 11월 12일 15시,금요일,제주특별자치도 제주시 노형동,경상사고,0,0,2,0,차대차 - 기타,기타,건조,맑음,단일로 - 기타,승용,여,40세,상해없음,승용,여,40세,경상
2021111200100407,2021년 11월 12일 16시,금요일,제주특별자치도 서귀포시 대정읍,경상사고,0,0,1,0,차대차 - 기타,안전운전불이행,건조,맑음,단일로 - 기타,승합,여,61세,상해없음,승용,여,36세,경상
2021111200100408,2021년 11월 12일 16시,금요일,제주특별자치도 제주시 용담이동,경상사고,0,0,1,0,차대차 - 측면충돌,안전운전불이행,건조,맑음,교차로 - 교차로부근,승용,남,69세,경상,승합,남,27세,상해없음
2021111200100597,2021년 11월 12일 20시,금요일,제주특별자치도 제주시 일도이동,경상사고,0,0,1,0,차대차 - 추돌,안전운전불이행,건조,맑음,교차로 - 교차로부근,승용,여,40세,상해없음,이륜,남,27세,경상
2021111200100632,2021년 11월 12일 21시,금요일,제주특별자치도 제주시 애월읍,경상사고,0,0,1,0,차대차 - 측면충돌,신호위반,건조,맑음,교차로 - 교차로안,승합,여,54세,상해없음,승용,남,26세,경상
2021111200100679,2021년 11월 12일 23시,금요일,제주특별자치도 제주시 일도이동,경상사고,0,0,1,0,차대사람 - 횡단중,안전운전불이행,건조,맑음,단일로 - 기타,승용,여,59세,상해없음,보행자,남,34세,경상
2021111200100680,2021년 11월 12일 23시,금요일,제주특별자치도 제주시 화북일동,경상사고,0,0,1,0,차대사람 - 차도통행중,안전운전불이행,건조,맑음,교차로 - 교차로안,승용,남,22세,상해없음,보행자,여,41세,경상
2021111300100052,2021년 11월 13일 02시,토요일,제주특별자치도 제주시 일도이동,경상사고,0,0,1,0,차대차 - 기타,직진우회전진행방해,건조,맑음,단일로 - 기타,승용,남,61세,상해없음,개인형이동수단(PM),남,51세,경상
2021111300100065,2021년 11월 13일 04시,토요일,제주특별자치도 제주시 연동,경상사고,0,0,1,0,차대차 - 정면충돌,안전운전불이행,건조,맑음,단일로 - 기타,승용,남,47세,상해없음,승용,남,33세,경상
2021111300100117,2021년 11월 13일 08시,토요일,제주특별자치도 서귀포시 표선면,중상사고,0,1,0,0,차대사람 - 차도통행중,안전운전불이행,건조,맑음,교차로 - 교차로안,승용,남,55세,상해없음,보행자,여,73세,중상
2021111300100119,2021년 11월 13일 08시,토요일,제주특별자치도 제주시 노형동,경상사고,0,0,1,0,차대사람 - 기타,안전운전불이행,건조,맑음,단일로 - 기타,승용,남,66세,상해없음,보행자,남,20세,경상
2021111300100226,2021년 11월 13일 11시,토요일,제주특별자치도 제주시 연동,경상사고,0,0,2,0,차대차 - 측면충돌,직진우회전진행방해,건조,맑음,교차로 - 교차로안,승용,남,27세,상해없음,승용,남,57세,경상
2021111300100303,2021년 11월 13일 13시,토요일,제주특별자치도 제주시 조천읍,경상사고,0,0,2,0,차대차 - 추돌,안전거리미확보,건조,맑음,교차로 - 교차로부근,건설기계,남,50세,상해없음,승용,여,35세,경상
2021111300100383,2021년 11월 13일 15시,토요일,제주특별자치도 제주시 화북일동,경상사고,0,0,2,0,차대차 - 측면충돌,안전운전불이행,건조,맑음,교차로 - 교차로부근,이륜,남,31세,경상,승용,남,69세,경상
2021111300100384,2021년 11월 13일 15시,토요일,제주특별자치도 제주시 이도이동,경상사고,0,0,1,0,차대차 - 기타,안전운전불이행,건조,맑음,기타 - 기타,승용,남,33세,상해없음,승합,남,48세,상해없음
2021111300100414,2021년 11월 13일 16시,토요일,제주특별자치도 서귀포시 대포동,경상사고,0,0,2,0,차대차 - 측면충돌,안전거리미확보,건조,맑음,교차로 - 교차로안,승용,남,50세,경상,승용,남,34세,상해없음
2021111300100458,2021년 11월 13일 17시,토요일,제주특별자치도 제주시 회천동,경상사고,0,0,2,0,차대차 - 기타,안전운전불이행,건조,맑음,교차로 - 교차로부근,승용,남,65세,상해없음,승용,남,70세,경상
2021111300100504,2021년 11월 13일 18시,토요일,제주특별자치도 제주시 건입동,경상사고,0,0,1,0,차대차 - 측면충돌,안전운전불이행,건조,맑음,단일로 - 기타,승용,남,31세,상해없음,승용,여,22세,경상
2021111300100505,2021년 11월 13일 18시,토요일,제주특별자치도 제주시 연동,경상사고,0,0,1,0,차대차 - 측면충돌,직진우회전진행방해,건조,맑음,교차로 - 교차로안,이륜,남,40세,경상,승용,여,35세,상해없음
2021111300100629,2021년 11월 13일 22시,토요일,제주특별자치도 서귀포시 대포동,경상사고,0,0,1,0,차대차 - 측면충돌,차로위반,건조,맑음,단일로 - 기타,이륜,남,19세,경상,승용,남,24세,상해없음
2021111400100013,2021년 11월 14일 00시,일요일,제주특별자치도 제주시 노형동,경상사고,0,0,1,0,차량단독 - 공작물충돌,안전운전불이행,건조,기타,단일로 - 기타,승용,남,61세,상해없음,,,,
2021111400100029,2021년 11월 14일 01시,일요일,제주특별자치도 제주시 연동,경상사고,0,0,3,0,차대차 - 추돌,안전운전불이행,건조,맑음,단일로 - 기타,승용,남,49세,상해없음,승용,남,52세,경상
2021111400100083,2021년 11월 14일 07시,일요일,제주특별자치도 제주시 한경면,부상신고사고,0,0,0,1,차량단독 - 공작물충돌,안전운전불이행,건조,맑음,단일로 - 기타,승용,여,40세,기타불명,,,,
2021111400100121,2021년 11월 14일 10시,일요일,제주특별자치도 제주시 이호일동,부상신고사고,0,0,0,1,차대사람 - 기타,안전운전불이행,건조,맑음,단일로 - 기타,승합,남,52세,상해없음,보행자,여,78세,부상신고
2021111400100122,2021년 11월 14일 10시,일요일,제주특별자치도 제주시 애월읍,경상사고,0,0,1,0,차대사람 - 기타,보행자보호의무위반,건조,맑음,교차로 - 교차로안,화물,남,72세,상해없음,보행자,남,72세,경상
2021111400100147,2021년 11월 14일 11시,일요일,제주특별자치도 제주시 구좌읍,경상사고,0,0,1,0,차대차 - 기타,기타,건조,맑음,교차로 - 교차로안,승합,남,60세,상해없음,승용,남,72세,경상
2021111400100200,2021년 11월 14일 13시,일요일,제주특별자치도 서귀포시 성산읍,경상사고,0,0,1,0,차대차 - 기타,안전거리미확보,건조,맑음,단일로 - 기타,이륜,여,82세,경상,승용,남,31세,상해없음
2021111400100233,2021년 11월 14일 14시,일요일,제주특별자치도 제주시 연동,경상사고,0,0,1,0,차대차 - 측면충돌,안전거리미확보,건조,맑음,단일로 - 기타,승용,남,28세,상해없음,승용,남,36세,경상
2021111400100333,2021년 11월 14일 17시,일요일,제주특별자치도 제주시 구좌읍,경상사고,0,0,1,0,차대차 - 측면충돌,안전거리미확보,건조,맑음,단일로 - 기타,화물,남,72세,상해없음,승용,여,39세,경상
2021111400100334,2021년 11월 14일 17시,일요일,제주특별자치도 제주시 오라일동,중상사고,0,1,0,0,차대사람 - 횡단중,보행자보호의무위반,건조,맑음,교차로 - 교차로횡단보도내,승용,여,50세,상해없음,보행자,여,28세,중상
2021111400100376,2021년 11월 14일 18시,일요일,제주특별자치도 제주시 아라이동,경상사고,0,0,3,0,차대차 - 추돌,안전운전불이행,건조,맑음,단일로 - 기타,화물,남,53세,상해없음,승용,남,38세,경상
2021111400100377,2021년 11월 14일 18시,일요일,제주특별자치도 서귀포시 동홍동,중상사고,0,1,0,0,차대사람 - 횡단중,보행자보호의무위반,건조,기타,교차로 - 교차로횡단보도내,승용,여,67세,상해없음,보행자,남,75세,중상
2021111400100402,2021년 11월 14일 19시,일요일,제주특별자치도 제주시 삼도이동,경상사고,0,0,1,0,차대차 - 후진중충돌,안전운전불이행,건조,맑음,단일로 - 기타,승용,남,45세,상해없음,승용,여,61세,경상
2021111400100403,2021년 11월 14일 19시,일요일,제주특별자치도 제주시 용담삼동,경상사고,0,0,2,0,차대차 - 기타,직진우회전진행방해,건조,맑음,교차로 - 교차로안,이륜,남,58세,경상,승용,남,62세,경상