사고번호,사고일시,요일,시군구,사고내용,사망자수,중상자수,경상자수,부상신고자수,사고유형,법규위반,노면상태,기상상태,도로형태,가해운전자 차종,가해운전자 성별,가해운전자 연령,가해운전자 상해정도,피해운전자 차종,피해운전자 성별,피해운전자 연령,피해운전자 상해정도
2021111500100008,2021년 11월 15일 00시,월요일,제주특별자치도 제주시 영평동,경상사고,0,0,1,0,차대차 - 기타,신호위반,건조,기타,교차로 - 교차로안,승합,남,51세,상해없음,승용,여,22세,경상
2021111500100037,2021년 11월 15일 04시,월요일,제주특별자치도 서귀포시 표선면,중상사고,0,1,0,0,차대차 - 추돌,안전운전불이행,건조,맑음,단일로 - 기타,승용,여,48세,중상,승합,남,42세,기타불명
2021111500100057,2021년 11월 15일 06시,월요일,제주특별자치도 제주시 애월읍,경상사고,0,0,1,0,차대차 - 측면충돌,직진우회전진행방해,건조,맑음,교차로 - 교차로안,화물,남,76세,상해없음,승용,여,68세,경상
2021111500100076,2021년 11월 15일 07시,월요일,제주특별자치도 서귀포시 남원읍,중상사고,0,1,0,0,차량단독 - 공작물충돌,안전운전불이행,건조,맑음,교차로 - 교차로부근,승용,여,64세,중상,,,,
2021111500100113,2021년 11월 15일 08시,월요일,제주특별자치도 서귀포시 남원읍,중상사고,0,2,2,0,차대차 - 측면충돌,안전운전불이행,건조,맑음,단일로 - 기타,화물,남,48세,상해없음,승용,남,35세,중상
2021111500100114,2021년 11월 15일 08시,월요일,제주특별자치도 제주시 도두이동,경상사고,0,0,1,0,차대차 - 기타,신호위반,건조,맑음,교차로 - 교차로부근,승용,여,44세,상해없음,승용,남,64세,경상
2021111500100174,2021년 11월 15일 10시,월요일,제주특별자치도 제주시 용담이동,경상사고,0,0,1,0,차대차 - 측면충돌,교차로운행방법위반,건조,맑음,교차로 - 교차로안,이륜,남,55세,경상,승용,여,60세,상해없음
2021111500100205,2021년 11월 15일 11시,월요일,제주특별자치도 제주시 일도일동,경상사고,0,0,2,0,차대차 - 후진중충돌,안전운전불이행,건조,맑음,단일로 - 기타,승용,남,27세,상해없음,승용,여,27세,경상
2021111500100248,2021년 11월 15일 12시,월요일,제주특별자치도 제주시 노형동,경상사고,0,0,1,0,차대사람 - 기타,안전운전불이행,건조,맑음,기타 - 기타,승용,남,64세,기타불명,보행자,여,68세,경상
2021111500100309,2021년 11월 15일 14시,월요일,제주특별자치도 제주시 용강동,경상사고,0,0,4,0,차대차 - 기타,안전운전불이행,건조,맑음,단일로 - 기타,승용,남,59세,상해없음,승용,남,30세,경상
2021111500100346,2021년 11월 15일 15시,월요일,제주특별자치도 제주시 애월읍,경상사고,0,0,5,0,차대차 - 기타,안전운전불이행,건조,맑음,단일로 - 기타,승용,여,36세,경상,화물,남,53세,경상
2021111500100437,2021년 11월 15일 17시,월요일,제주특별자치도 서귀포시 표선면,경상사고,0,0,1,0,차대사람 - 길가장자리구역통행중,안전운전불이행,건조,맑음,단일로 - 기타,이륜,여,85세,상해없음,보행자,여,82세,경상
2021111500100501,2021년 11월 15일 18시,월요일,제주특별자치도 서귀포시 남원읍,경상사고,0,0,2,0,차대차 - 추돌,안전운전불이행,건조,맑음,교차로 - 교차로부근,승합,여,60세,상해없음,승용,남,32세,경상
2021111500100502,2021년 11월 15일 18시,월요일,제주특별자치도 제주시 한림읍,중상사고,0,1,0,0,차대사람 - 차도통행중,안전운전불이행,건조,맑음,단일로 - 기타,승용,남,43세,상해없음,보행자,남,84세,중상
2021111500100503,2021년 11월 15일 18시,월요일,제주특별자치도 제주시 노형동,경상사고,0,0,4,0,차대차 - 기타,안전운전불이행,건조,맑음,단일로 - 기타,승용,여,27세,상해없음,승용,남,49세,경상
2021111500100578,2021년 11월 15일 20시,월요일,제주특별자치도 제주시 노형동,부상신고사고,0,0,0,1,차대차 - 추돌,안전거리미확보,건조,맑음,교차로 - 교차로부근,승용,여,59세,상해없음,승용,남,37세,부상신고
2021111500100604,2021년 11월 15일 21시,월요일,제주특별자치도 서귀포시 서귀동,경상사고,0,0,1,0,차대차 - 측면충돌,안전거리미확보,건조,맑음,단일로 - 기타,승용,남,62세,상해없음,승용,남,20세,경상
2021111500100628,2021년 11월 15일 22시,월요일,제주특별자치도 제주시 이도일동,경상사고,0,0,1,0,차대차 - 측면충돌,차로위반,건조,맑음,단일로 - 기타,승용,남,36세,상해없음,이륜,남,33세,경상
2021111600100015,2021년 11월 16일 00시,화요일,제주특별자치도 서귀포시 서귀동,경상사고,0,0,1,0,차대차 - 기타,신호위반,건조,맑음,교차로 - 교차로부근,승용,여,22세,상해없음,승용,남,61세,경상
2021111600100066,2021년 11월 16일 06시,화요일,제주특별자치도 제주시 노형동,경상사고,0,0,1,0,차대사람 - 횡단중,보행자보호의무위반,건조,맑음,교차로 - 교차로횡단보도내,승용,남,47세,상해없음,보행자,여,21세,경상
2021111600100093,2021년 11월 16일 07시,화요일,제주특별자치도 제주시 오라이동,경상사고,0,0,1,0,차대차 - 기타,안전운전불이행,건조,맑음,교차로 - 교차로안,승용,여,36세,상해없음,승용,남,36세,경상
2021111600100134,2021년 11월 16일 08시,화요일,제주특별자치도 서귀포시 서홍동,경상사고,0,0,2,0,차대차 - 기타,직진우회전진행방해,건조,맑음,교차로 - 교차로부근,승용,여,37세,상해없음,승용,여,44세,경상
2021111600100240,2021년 11월 16일 11시,화요일,제주특별자치도 서귀포시 대정읍,경상사고,0,0,1,0,차대차 - 기타,직진우회전진행방해,건조,맑음,교차로 - 교차로안,화물,남,73세,상해없음,화물,남,32세,경상
2021111600100277,2021년 11월 16일 12시,화요일,제주특별자치도 제주시 애월읍,경상사고,0,0,1,0,차대차 - 추돌,안전운전불이행,건조,맑음,단일로 - 기타,승용,여,40세,상해없음,승용,여,41세,경상
2021111600100314,2021년 11월 16일 13시,화요일,제주특별자치도 제주시 노형동,경상사고,0,0,1,0,차대차 - 기타,안전운전불이행,건조,맑음,교차로 - 교차로안,승용,남,62세,상해없음,이륜,남,26세,경상
2021111600100468,2021년 11월 16일 17시,화요일,제주특별자치도 제주시 구좌읍,경상사고,0,0,2,0,차대차 - 추돌,안전운전불이행,건조,맑음,교차로 - 교차로부근,승용,남,54세,상해없음,승용,남,58세,경상
2021111600100469,2021년 11월 16일 17시,화요일,제주특별자치도 제주시 한경면,경상사고,0,0,1,0,차대차 - 기타,기타,건조,맑음,교차로 - 교차로안,승용,남,32세,상해없음,승용,여,52세,경상
2021111600100556,2021년 11월 16일 19시,화요일,제주특별자치도 제주시 도련일동,경상사고,0,0,1,0,차대차 - 측면충돌,안전운전불이행,건조,맑음,교차로 - 교차로부근,승용,남,53세,상해없음,승용,여,34세,경상
2021111700100051,2021년 11월 17일 06시,수요일,제주특별자치도 제주시 건입동,경상사고,0,0,1,0,차대차 - 추돌,안전거리미확보,건조,맑음,단일로 - 기타,화물,남,34세,상해없음,승용,여,48세,경상
2021111700100072,2021년 11월 17일 07시,수요일,제주특별자치도 제주시 조천읍,경상사고,0,0,1,0,차대차 - 측면충돌,중앙선침범,건조,맑음,단일로 - 기타,승용,남,44세,상해없음,승용,여,69세,경상
2021111700100116,2021년 11월 17일 08시,수요일,제주특별자치도 제주시 구좌읍,경상사고,0,0,1,0,차대사람 - 기타,안전운전불이행,건조,기타,기타 - 기타,승용,여,71세,상해없음,보행자,남,18세,경상
2021111700100185,2021년 11월 17일 10시,수요일,제주특별자치도 제주시 삼도이동,경상사고,0,0,1,0,차대차 - 기타,안전운전불이행,건조,맑음,단일로 - 기타,승용,여,32세,상해없음,승용,여,63세,경상
2021111700100186,2021년 11월 17일 10시,수요일,제주특별자치도 제주시 삼도일동,경상사고,0,0,1,0,차대차 - 기타,직진우회전진행방해,건조,맑음,교차로 - 교차로부근,승용,남,39세,상해없음,승용,여,62세,경상
2021111700100187,2021년 11월 17일 10시,수요일,제주특별자치도 서귀포시 남원읍,경상사고,0,0,1,0,차대차 - 정면충돌,중앙선침범,건조,맑음,단일로 - 기타,승용,남,64세,상해없음,승용,남,43세,상해없음
2021111700100188,2021년 11월 17일 10시,수요일,제주특별자치도 제주시 애월읍,부상신고사고,0,0,0,2,차대차 - 추돌,안전거리미확보,건조,맑음,단일로 - 기타,승용,여,40세,부상신고,승용,남,41세,부상신고
2021111700100189,2021년 11월 17일 10시,수요일,제주특별자치도 제주시 애월읍,중상사고,0,1,0,0,차대차 - 기타,안전거리미확보,건조,맑음,단일로 - 기타,승용,남,63세,상해없음,승용,남,38세,중상
2021111700100225,2021년 11월 17일 11시,수요일,제주특별자치도 제주시 조천읍,경상사고,0,0,1,0,차대차 - 기타,안전운전불이행,건조,맑음,단일로 - 기타,화물,남,63세,상해없음,승용,남,40세,경상
2021111700100226,2021년 11월 17일 11시,수요일,제주특별자치도 제주시 구좌읍,경상사고,0,0,1,0,차대차 - 측면충돌,안전운전불이행,건조,맑음,교차로 - 교차로부근,건설기계,남,32세,상해없음,이륜,남,72세,경상
2021111700100227,2021년 11월 17일 11시,수요일,제주특별자치도 제주시 노형동,경상사고,0,0,1,0,차대사람 - 횡단중,보행자보호의무위반,건조,맑음,교차로 - 교차로횡단보도내,승용,남,49세,상해없음,보행자,여,54세,경상
2021111700100339,2021년 11월 17일 14시,수요일,제주특별자치도 제주시 일도이동,경상사고,0,0,1,0,차대사람 - 횡단중,보행자보호의무위반,건조,맑음,단일로 - 기타,승용,여,43세,상해없음,보행자,여,9세,경상
2021111700100340,2021년 11월 17일 14시,수요일,제주특별자치도 제주시 삼도이동,중상사고,0,1,0,0,차대차 - 측면충돌,안전운전불이행,건조,맑음,단일로 - 기타,승합,남,69세,상해없음,자전거,남,75세,중상
2021111700100341,2021년 11월 17일 14시,수요일,제주특별자치도 제주시 연동,부상신고사고,0,0,0,5,차대차 - 측면충돌,직진우회전진행방해,건조,맑음,교차로 - 교차로안,화물,남,54세,부상신고,승용,여,25세,부상신고
2021111700100381,2021년 11월 17일 15시,수요일,제주특별자치도 서귀포시 서홍동,중상사고,0,1,0,0,차대사람 - 횡단중,안전운전불이행,건조,맑음,단일로 - 기타,이륜,남,18세,상해없음,보행자,남,10세,중상
2021111700100382,2021년 11월 17일 15시,수요일,제주특별자치도 서귀포시 안덕면,중상사고,0,1,0,0,차대차 - 측면충돌,직진우회전진행방해,건조,맑음,교차로 - 교차로안,승용,남,58세,상해없음,이륜,남,47세,중상
2021111700100425,2021년 11월 17일 16시,수요일,제주특별자치도 제주시 노형동,중상사고,0,1,0,0,차대사람 - 횡단중,보행자보호의무위반,건조,맑음,교차로 - 교차로횡단보도내,승합,남,47세,상해없음,보행자,여,58세,중상
2021111700100545,2021년 11월 17일 18시,수요일,제주특별자치도 제주시 연동,부상신고사고,0,0,0,5,차대차 - 측면충돌,직진우회전진행방해,건조,맑음,교차로 - 교차로안,승용,여,39세,부상신고,승용,여,27세,부상신고
2021111700100649,2021년 11월 17일 21시,수요일,제주특별자치도 제주시 조천읍,경상사고,0,0,1,1,차대차 - 추돌,안전거리미확보,건조,맑음,단일로 - 기타,승용,남,47세,상해없음,승용,남,54세,경상
2021111800100110,2021년 11월 18일 08시,목요일,제주특별자치도 서귀포시 대정읍,경상사고,0,0,2,0,차대차 - 측면충돌,신호위반,건조,맑음,교차로 - 교차로안,화물,남,21세,경상,건설기계,남,50세,경상
2021111800100150,2021년 11월 18일 09시,목요일,제주특별자치도 제주시 삼도이동,중상사고,0,1,0,0,차대차 - 기타,중앙선침범,건조,맑음,단일로 - 기타,개인형이동수단(PM),여,37세,중상,승합,남,55세,상해없음
2021111800100151,2021년 11월 18일 09시,목요일,제주특별자치도 서귀포시 안덕면,중상사고,0,2,0,0,차대차 - 추돌,안전운전불이행,건조,맑음,교차로 - 교차로부근,승용,남,77세,상해없음,승용,남,36세,중상
2021111800100152,2021년 11월 18일 09시,목요일,제주특별자치도 서귀포시 안덕면,부상신고사고,0,0,0,1,차대차 - 추돌,기타,건조,맑음,교차로 - 교차로부근,승용,여,52세,상해없음,승용,여,63세,부상신고
2021111800100214,2021년 11월 18일 11시,목요일,제주특별자치도 제주시 도련이동,경상사고,0,0,1,0,차대차 - 기타,안전운전불이행,건조,맑음,교차로 - 교차로안,건설기계,남,57세,상해없음,승용,남,26세,경상
2021111800100215,2021년 11월 18일 11시,목요일,제주특별자치도 서귀포시 서호동,중상사고,0,1,0,0,차대차 - 정면충돌,직진우회전진행방해,건조,맑음,교차로 - 교차로안,승용,남,33세,상해없음,승용,여,61세,중상
2021111800100248,2021년 11월 18일 12시,목요일,제주특별자치도 제주시 아라이동,경상사고,0,0,1,0,차대차 - 기타,신호위반,건조,맑음,교차로 - 교차로안,승용,남,73세,상해없음,승용,남,35세,경상
2021111800100334,2021년 11월 18일 15시,목요일,제주특별자치도 제주시 용담이동,중상사고,0,1,0,0,차대차 - 기타,안전운전불이행,건조,맑음,교차로 - 교차로안,승용,남,50세,상해없음,승합,남,48세,상해없음
2021111800100369,2021년 11월 18일 16시,목요일,제주특별자치도 서귀포시 서귀동,경상사고,0,0,1,0,차대차 - 측면충돌,안전거리미확보,건조,맑음,교차로 - 교차로안,승용,여,62세,경상,승용,남,70세,상해없음
2021111800100552,2021년 11월 18일 20시,목요일,제주특별자치도 제주시 노형동,중상사고,0,1,0,0,차량단독 - 공작물충돌,안전운전불이행,건조,맑음,교차로 - 교차로부근,이륜,남,46세,중상,,,,
2021111800100623,2021년 11월 18일 23시,목요일,제주특별자치도 제주시 봉개동,중상사고,0,1,0,0,차량단독 - 기타,안전운전불이행,건조,맑음,단일로 - 기타,화물,남,39세,중상,,,,
2021111900100092,2021년 11월 19일 07시,금요일,제주특별자치도 제주시 화북이동,경상사고,0,0,1,0,차대차 - 기타,안전운전불이행,건조,맑음,기타 - 기타,화물,남,56세,상해없음,화물,남,44세,경상
2021111900100119,2021년 11월 19일 08시,금요일,제주특별자치도 서귀포시 하효동,중상사고,0,1,1,0,차대차 - 추돌,안전운전불이행,건조,맑음,교차로 - 교차로부근,화물,남,78세,상해없음,승용,여,36세,중상
2021111900100120,2021년 11월 19일 08시,금요일,제주특별자치도 서귀포시 안덕면,경상사고,0,0,2,0,차대차 - 기타,안전거리미확보,건조,맑음,단일로 - 기타,승용,여,25세,상해없음,화물,남,46세,경상
2021111900100150,2021년 11월 19일 09시,금요일,제주특별자치도 제주시 해안동,경상사고,0,0,1,0,차대차 - 측면충돌,안전운전불이행,건조,맑음,단일로 - 기타,승용,남,27세,상해없음,화물,남,52세,경상
2021111900100349,2021년 11월 19일 15시,금요일,제주특별자치도 제주시 봉개동,경상사고,0,0,2,0,차대차 - 기타,안전운전불이행,건조,맑음,단일로 - 기타,승용,남,59세,경상,화물,남,61세,경상
2021111900100388,2021년 11월 19일 16시,금요일,제주특별자치도 제주시 건입동,중상사고,0,1,0,0,차대사람 - 기타,보행자보호의무위반,건조,맑음,교차로 - 교차로안,승용,남,75세,상해없음,보행자,남,72세,중상
2021111900100516,2021년 11월 19일 18시,금요일,제주특별자치도 서귀포시 안덕면,경상사고,0,0,1,0,차대차 - 추돌,안전운전불이행,건조,맑음,단일로 - 기타,승용,남,63세,상해없음,승용,남,31세,경상
2021111900100562,2021년 11월 19일 19시,금요일,제주특별자치도 제주시 오등동,경상사고,0,0,4,0,차대차 - 추돌,안전운전불이행,건조,맑음,단일로 - 기타,화물,남,38세,기타불명,승용,여,31세,경상
2021111900100563,2021년 11월 19일 19시,금요일,제주특별자치도 제주시 노형동,부상신고사고,0,0,0,2,차대사람 - 횡단중,안전운전불이행,건조,맑음,교차로 - 교차로안,이륜,남,32세,상해없음,보행자,남,56세,부상신고
2021112000100113,2021년 11월 20일 08시,토요일,제주특별자치도 제주시 노형동,경상사고,0,0,1,0,차대차 - 추돌,안전운전불이행,건조,맑음,교차로 - 교차로부근,화물,남,64세,상해없음,승용,남,39세,경상
2021112000100149,2021년 11월 20일 10시,토요일,제주특별자치도 제주시 건입동,경상사고,0,0,1,0,차대차 - 측면충돌,안전거리미확보,건조,맑음,단일로 - 기타,승용,남,71세,경상,승용,남,27세,상해없음
2021112000100150,2021년 11월 20일 10시,토요일,제주특별자치도 서귀포시 신효동,경상사고,0,0,3,0,차대차 - 측면충돌,교차로운행방법위반,건조,맑음,교차로 - 교차로안,화물,남,77세,상해없음,승용,남,36세,상해없음
2021112000100255,2021년 11월 20일 13시,토요일,제주특별자치도 제주시 연동,경상사고,0,0,1,0,차대차 - 기타,직진우회전진행방해,건조,맑음,교차로 - 교차로안,승용,남,62세,상해없음,승용,여,26세,경상
2021112000100372,2021년 11월 20일 16시,토요일,제주특별자치도 서귀포시 강정동,부상신고사고,0,0,0,1,차량단독 - 공작물충돌,안전운전불이행,건조,맑음,단일로 - 기타,이륜,남,58세,부상신고,,,,
2021112000100412,2021년 11월 20일 17시,토요일,제주특별자치도 제주시 노형동,중상사고,0,1,0,0,차대차 - 기타,안전운전불이행,건조,맑음,기타 - 기타,화물,남,69세,상해없음,승용,여,21세,중상
2021112000100456,2021년 11월 20일 18시,토요일,제주특별자치도 제주시 조천읍,경상사고,0,0,3,0,차대차 - 기타,직진우회전진행방해,건조,맑음,교차로 - 교차로안,승용,남,27세,경상,승용,여,43세,경상
2021112000100563,2021년 11월 20일 22시,토요일,제주특별자치도 제주시 아라일동,경상사고,0,0,1,0,차대차 - 측면충돌,안전거리미확보,건조,맑음,단일로 - 기타,승용,여,33세,상해없음,승합,남,57세,상해없음
2021112000100564,2021년 11월 20일 22시,토요일,제주특별자치도 제주시 연동,부상신고사고,0,0,0,1,차대사람 - 차도통행중,안전운전불이행,건조,맑음,단일로 - 기타,승용,남,53세,상해없음,보행자,남,49세,부상신고
2021112100100022,2021년 11월 21일 01시,일요일,제주특별자치도 제주시 한림읍,중상사고,0,1,0,0,차대사람 - 기타,안전운전불이행,건조,맑음,단일로 - 기타,승용,남,50세,상해없음,보행자,남,34세,중상
2021112100100057,2021년 11월 21일 06시,일요일,제주특별자치도 서귀포시 색달동,부상신고사고,0,0,0,1,차량단독 - 기타,안전운전불이행,건조,맑음,단일로 - 기타,승용,여,56세,부상신고,,,,
2021112100100074,2021년 11월 21일 08시,일요일,제주특별자치도 제주시 일도일동,경상사고,0,0,1,0,차대차 - 기타,직진우회전진행방해,건조,맑음,교차로 - 교차로안,승용,여,71세,상해없음,승용,남,41세,경상
2021112100100190,2021년 11월 21일 13시,일요일,제주특별자치도 제주시 연동,부상신고사고,0,0,0,1,차대차 - 측면충돌,안전운전불이행,건조,맑음,단일로 - 기타,승용,남,57세,기타불명,이륜,남,41세,부상신고
2021112100100252,2021년 11월 21일 15시,일요일,제주특별자치도 서귀포시 서호동,경상사고,0,0,1,0,차대차 - 기타,신호위반,건조,맑음,교차로 - 교차로안,승용,남,20세,상해없음,승용,남,24세,경상
2021112100100322,2021년 11월 21일 17시,일요일,제주특별자치도 서귀포시 신효동,경상사고,0,0,1,1,차대차 - 측면충돌,직진우회전진행방해,건조,맑음,교차로 - 교차로안,승용,여,77세,부상신고,승용,남,57세,경상
2021112100100323,2021년 11월 21일 17시,일요일,제주특별자치도 제주시 애월읍,경상사고,0,0,1,0,차대차 - 측면충돌,신호위반,건조,맑음,교차로 - 교차로부근,승용,남,70세,경상,화물,남,85세,상해없음
2021112200100012,2021년 11월 22일 00시,월요일,제주특별자치도 제주시 삼도이동,경상사고,0,0,1,0,차대사람 - 횡단중,보행자보호의무위반,건조,맑음,교차로 - 교차로횡단보도내,승합,남,19세,상해없음,보행자,남,21세,경상
2021112200100033,2021년 11월 22일 02시,월요일,제주특별자치도 제주시 연동,경상사고,0,0,1,0,차량단독 - 공작물충돌,안전운전불이행,젖음/습기,비,단일로 - 기타,이륜,남,23세,경상,,,,
2021112200100071,2021년 11월 22일 06시,월요일,제주특별자치도 제주시 건입동,경상사고,0,0,1,0,차대사람 - 횡단중,안전운전불이행,젖음/습기,비,교차로 - 교차로안,승용,남,70세,상해없음,보행자,남,71세,경상
2021112200100095,2021년 11월 22일 07시,월요일,제주특별자치도 제주시 영평동,경상사고,0,0,3,0,차대차 - 측면충돌,안전거리미확보,건조,맑음,단일로 - 기타,건설기계,남,54세,상해없음,화물,남,43세,경상
2021112200100221,2021년 11월 22일 11시,월요일,제주특별자치도 제주시 용담일동,경상사고,0,0,1,0,차대사람 - 기타,안전운전불이행,건조,맑음,단일로 - 기타,승용,남,58세,상해없음,보행자,여,64세,경상
2021112200100296,2021년 11월 22일 13시,월요일,제주특별자치도 제주시 구좌읍,경상사고,0,0,1,0,차량단독 - 기타,안전운전불이행,건조,맑음,단일로 - 기타,화물,남,22세,상해없음,,,,
2021112200100297,2021년 11월 22일 13시,월요일,제주특별자치도 서귀포시 표선면,경상사고,0,0,4,0,차대차 - 추돌,안전거리미확보,건조,맑음,단일로 - 기타,화물,남,40세,상해없음,승용,남,25세,경상
2021112200100409,2021년 11월 22일 16시,월요일,제주특별자치도 제주시 노형동,경상사고,0,0,1,0,차대차 - 기타,직진우회전진행방해,건조,맑음,교차로 - 교차로안,승용,여,72세,상해없음,승용,여,64세,경상
2021112200100562,2021년 11월 22일 20시,월요일,제주특별자치도 서귀포시 서귀동,경상사고,0,0,1,0,차대차 - 측면충돌,직진우회전진행방해,건조,기타,교차로 - 교차로안,승용,남,23세,상해없음,이륜,남,27세,경상
2021112300100018,2021년 11월 23일 01시,화요일,제주특별자치도 제주시 연동,경상사고,0,0,1,0,차량단독 - 공작물충돌,안전운전불이행,건조,맑음,단일로 - 기타,승용,남,22세,경상,,,,
2021112300100031,2021년 11월 23일 03시,화요일,제주특별자치도 제주시 애월읍,중상사고,0,1,1,0,차대차 - 추돌,안전운전불이행,건조,흐림,단일로 - 기타,승용,남,40세,상해없음,승용,남,64세,경상
2021112300100070,2021년 11월 23일 07시,화요일,제주특별자치도 제주시 노형동,중상사고,0,1,0,0,차대차 - 기타,안전거리미확보,건조,맑음,단일로 - 기타,승용,남,53세,상해없음,승합,남,35세,상해없음
2021112300100141,2021년 11월 23일 09시,화요일,제주특별자치도 제주시 노형동,경상사고,0,0,1,3,차대차 - 측면충돌,직진우회전진행방해,건조,맑음,교차로 - 교차로안,승용,여,39세,부상신고,승용,남,24세,경상
2021112300100171,2021년 11월 23일 10시,화요일,제주특별자치도 제주시 아라일동,경상사고,0,0,1,0,차대차 - 기타,안전운전불이행,건조,맑음,교차로 - 교차로안,승용,남,62세,상해없음,승용,여,21세,경상
2021112300100172,2021년 11월 23일 10시,화요일,제주특별자치도 서귀포시 남원읍,경상사고,0,0,1,0,차대차 - 측면충돌,직진우회전진행방해,건조,맑음,교차로 - 교차로안,화물,남,31세,상해없음,화물,여,67세,경상
2021112300100293,2021년 11월 23일 14시,화요일,제주특별자치도 제주시 화북이동,경상사고,0,0,2,0,차대차 - 추돌,직진우회전진행방해,건조,맑음,교차로 - 교차로부근,승용,남,34세,상해없음,승용,남,36세,경상
2021112300100405,2021년 11월 23일 17시,화요일,제주특별자치도 제주시 노형동,경상사고,0,0,1,0,차대차 - 기타,신호위반,건조,맑음,교차로 - 교차로안,승용,여,59세,상해없음,승용,남,59세,상해없음
2021112300100458,2021년 11월 23일 18시,화요일,제주특별자치도 제주시 화북일동,경상사고,0,0,1,0,차대차 - 기타,안전운전불이행,건조,기타,단일로 - 기타,승합,남,57세,상해없음,승용,여,40세,경상
2021112300100459,2021년 11월 23일 18시,화요일,제주특별자치도 제주시 해안동,경상사고,0,0,1,0,차대차 - 추돌,안전거리미확보,건조,맑음,단일로 - 기타,승용,여,46세,상해없음,승용,여,31세,경상
2021112300100504,2021년 11월 23일 19시,화요일,제주특별자치도 제주시 연동,중상사고,0,1,0,0,차대차 - 기타,교차로운행방법위반,건조,맑음,교차로 - 교차로부근,기타불명,기타불명,미분류,기타불명,승합,남,52세,상해없음
2021112300100537,2021년 11월 23일 20시,화요일,제주특별자치도 제주시 도남동,경상사고,0,0,1,0,차대차 - 측면충돌,안전거리미확보,건조,맑음,교차로 - 교차로부근,승용,남,69세,상해없음,이륜,남,39세,경상
2021112300100554,2021년 11월 23일 21시,화요일,제주특별자치도 제주시 해안동,경상사고,0,0,3,1,차대차 - 기타,안전운전불이행,건조,맑음,기타 - 기타,승용,남,22세,상해없음,승합,남,52세,경상
2021112400100100,2021년 11월 24일 08시,수요일,제주특별자치도 제주시 이도일동,경상사고,0,0,1,0,차대차 - 기타,교차로운행방법위반,건조,맑음,교차로 - 교차로안,승용,여,27세,상해없음,승용,여,29세,경상
2021112400100216,2021년 11월 24일 12시,수요일,제주특별자치도 제주시 구좌읍,중상사고,0,1,2,0,차대차 - 측면충돌,신호위반,건조,맑음,교차로 - 교차로안,이륜,여,84세,중상,승용,남,30세,경상
2021112400100217,2021년 11월 24일 12시,수요일,제주특별자치도 제주시 구좌읍,경상사고,0,0,1,0,차대차 - 측면충돌,중앙선침범,건조,맑음,단일로 - 기타,승용,남,25세,기타불명,화물,남,42세,경상
2021112400100218,2021년 11월 24일 12시,수요일,제주특별자치도 제주시 한경면,경상사고,0,0,1,0,차대차 - 기타,기타,건조,맑음,교차로 - 교차로안,원동기,남,17세,경상,승용,여,53세,상해없음
2021112400100252,2021년 11월 24일 13시,수요일,제주특별자치도 제주시 연동,중상사고,0,1,0,0,차대차 - 측면충돌,안전거리미확보,건조,맑음,단일로 - 기타,승용,남,69세,기타불명,승용,남,73세,중상
2021112400100301,2021년 11월 24일 15시,수요일,제주특별자치도 서귀포시 하원동,경상사고,0,0,6,1,차대차 - 추돌,안전운전불이행,건조,맑음,교차로 - 교차로부근,승용,여,60세,경상,승용,남,46세,경상
2021112400100341,2021년 11월 24일 16시,수요일,제주특별자치도 제주시 연동,부상신고사고,0,0,0,2,차대사람 - 기타,보행자보호의무위반,건조,맑음,단일로 - 기타,승용,남,27세,상해없음,보행자,남,54세,부상신고
2021112400100377,2021년 11월 24일 17시,수요일,제주특별자치도 제주시 조천읍,경상사고,0,0,1,0,차대차 - 추돌,안전거리미확보,건조,흐림,단일로 - 기타,승용,남,61세,상해없음,승용,남,73세,경상
2021112400100378,2021년 11월 24일 17시,수요일,제주특별자치도 제주시 노형동,경상사고,0,0,1,0,차대차 - 기타,불법유턴,건조,맑음,단일로 - 기타,승용,여,66세,상해없음,승용,남,51세,경상
2021112400100453,2021년 11월 24일 18시,수요일,제주특별자치도 제주시 화북일동,중상사고,0,1,0,0,차대사람 - 기타,기타,건조,맑음,단일로 - 기타,승합,남,58세,상해없음,보행자,남,49세,중상
2021112400100555,2021년 11월 24일 22시,수요일,제주특별자치도 제주시 해안동,부상신고사고,0,0,0,2,차대차 - 측면충돌,안전운전불이행,건조,맑음,교차로 - 교차로안,승용,남,73세,부상신고,승용,여,31세,부상신고
2021112400100575,2021년 11월 24일 23시,수요일,제주특별자치도 제주시 도남동,경상사고,0,0,1,0,차대차 - 추돌,안전운전불이행,건조,맑음,교차로 - 교차로부근,승용,남,43세,상해없음,승용,남,31세,경상
2021112500100125,2021년 11월 25일 08시,목요일,제주특별자치도 제주시 이도일동,경상사고,0,0,1,0,차대사람 - 횡단중,보행자보호의무위반,건조,맑음,교차로 - 교차로횡단보도내,승용,여,51세,상해없음,보행자,여,53세,경상