사고번호,사고일시,요일,시군구,사고내용,사망자수,중상자수,경상자수,부상신고자수,사고유형,법규위반,노면상태,기상상태,도로형태,가해운전자 차종,가해운전자 성별,가해운전자 연령,가해운전자 상해정도,피해운전자 차종,피해운전자 성별,피해운전자 연령,피해운전자 상해정도
2021112500100126,2021년 11월 25일 08시,목요일,제주특별자치도 제주시 용담이동,경상사고,0,0,7,1,차대차 - 기타,교차로운행방법위반,건조,맑음,교차로 - 교차로안,승용,남,65세,상해없음,승합,남,61세,상해없음
2021112500100157,2021년 11월 25일 09시,목요일,제주특별자치도 제주시 화북일동,경상사고,0,0,1,0,차대차 - 측면충돌,안전운전불이행,건조,맑음,단일로 - 기타,승용,남,71세,상해없음,이륜,남,30세,경상
2021112500100158,2021년 11월 25일 09시,목요일,제주특별자치도 서귀포시 강정동,경상사고,0,0,2,0,차대차 - 측면충돌,안전운전불이행,건조,맑음,교차로 - 교차로안,승용,여,59세,경상,승용,여,35세,경상
2021112500100159,2021년 11월 25일 09시,목요일,제주특별자치도 서귀포시 대정읍,중상사고,0,1,0,0,차대차 - 추돌,안전운전불이행,건조,맑음,단일로 - 기타,승용,여,47세,중상,승용,남,76세,기타불명
2021112500100190,2021년 11월 25일 10시,목요일,제주특별자치도 제주시 구좌읍,중상사고,0,1,2,0,차대차 - 측면충돌,안전거리미확보,건조,맑음,교차로 - 교차로부근,승용,남,60세,상해없음,승용,남,45세,중상
2021112500100260,2021년 11월 25일 12시,목요일,제주특별자치도 제주시 이도일동,중상사고,0,1,0,0,차대차 - 측면충돌,안전거리미확보,건조,맑음,교차로 - 교차로부근,이륜,남,41세,중상,승용,남,61세,상해없음
2021112500100261,2021년 11월 25일 12시,목요일,제주특별자치도 서귀포시 남원읍,경상사고,0,0,1,0,차대차 - 측면충돌,중앙선침범,건조,맑음,단일로 - 기타,승용,남,55세,상해없음,건설기계,남,45세,경상
2021112500100262,2021년 11월 25일 12시,목요일,제주특별자치도 서귀포시 강정동,부상신고사고,0,0,0,1,차량단독 - 공작물충돌,안전운전불이행,건조,맑음,교차로 - 교차로안,승용,남,33세,부상신고,,,,
2021112500100343,2021년 11월 25일 14시,목요일,제주특별자치도 제주시 노형동,경상사고,0,0,2,0,차대차 - 측면충돌,교차로운행방법위반,건조,맑음,교차로 - 교차로안,승용,남,52세,상해없음,승용,남,27세,경상
2021112500100380,2021년 11월 25일 15시,목요일,제주특별자치도 제주시 우도면,경상사고,0,0,1,0,차대차 - 측면충돌,기타,건조,맑음,단일로 - 기타,이륜,여,27세,경상,이륜,남,53세,상해없음
2021112500100425,2021년 11월 25일 16시,목요일,제주특별자치도 서귀포시 대정읍,경상사고,0,0,1,0,차대사람 - 차도통행중,안전운전불이행,건조,맑음,단일로 - 기타,기타불명,기타불명,미분류,기타불명,보행자,남,68세,경상
2021112500100426,2021년 11월 25일 16시,목요일,제주특별자치도 제주시 노형동,경상사고,0,0,1,0,차대차 - 추돌,안전운전불이행,건조,맑음,단일로 - 기타,승용,여,54세,상해없음,승용,남,33세,경상
2021112500100481,2021년 11월 25일 17시,목요일,제주특별자치도 제주시 영평동,경상사고,0,0,1,0,차대차 - 측면충돌,안전운전불이행,건조,맑음,교차로 - 교차로부근,승용,여,33세,경상,승합,남,38세,상해없음
2021112500100534,2021년 11월 25일 18시,목요일,제주특별자치도 제주시 용담일동,경상사고,0,0,1,0,차대차 - 추돌,안전운전불이행,건조,맑음,교차로 - 교차로부근,승용,여,52세,상해없음,승용,남,50세,경상
2021112500100535,2021년 11월 25일 18시,목요일,제주특별자치도 서귀포시 법환동,경상사고,0,0,1,0,차대차 - 측면충돌,안전운전불이행,건조,맑음,단일로 - 기타,승용,남,36세,상해없음,이륜,남,39세,경상
2021112500100536,2021년 11월 25일 18시,목요일,제주특별자치도 제주시 용담이동,경상사고,0,0,2,0,차대차 - 기타,안전거리미확보,건조,맑음,단일로 - 기타,승용,여,57세,상해없음,승용,남,66세,상해없음
2021112600100066,2021년 11월 26일 06시,금요일,제주특별자치도 제주시 용담일동,경상사고,0,0,1,0,차대사람 - 횡단중,보행자보호의무위반,건조,맑음,단일로 - 기타,승용,남,62세,상해없음,보행자,여,70세,경상
2021112600100067,2021년 11월 26일 06시,금요일,제주특별자치도 제주시 일도이동,중상사고,0,1,0,0,차대사람 - 횡단중,신호위반,건조,맑음,교차로 - 교차로횡단보도내,건설기계,남,61세,상해없음,보행자,여,61세,중상
2021112600100094,2021년 11월 26일 07시,금요일,제주특별자치도 제주시 조천읍,경상사고,0,0,1,0,차대차 - 측면충돌,신호위반,건조,맑음,교차로 - 교차로안,화물,남,89세,기타불명,승용,남,53세,경상
2021112600100095,2021년 11월 26일 07시,금요일,제주특별자치도 서귀포시 남원읍,경상사고,0,0,2,0,차대차 - 추돌,안전운전불이행,건조,맑음,단일로 - 기타,화물,여,44세,상해없음,승용,남,54세,경상
2021112600100214,2021년 11월 26일 10시,금요일,제주특별자치도 서귀포시 동홍동,경상사고,0,0,1,1,차대차 - 기타,직진우회전진행방해,건조,맑음,교차로 - 교차로안,승용,여,48세,부상신고,승용,여,42세,경상
2021112600100215,2021년 11월 26일 10시,금요일,제주특별자치도 제주시 노형동,경상사고,0,0,1,0,차대차 - 측면충돌,차로위반,건조,맑음,교차로 - 교차로부근,승용,남,27세,상해없음,승용,남,33세,경상
2021112600100286,2021년 11월 26일 12시,금요일,제주특별자치도 제주시 아라일동,경상사고,0,0,1,0,차대사람 - 횡단중,보행자보호의무위반,건조,맑음,단일로 - 기타,승용,남,54세,상해없음,보행자,여,36세,경상
2021112600100329,2021년 11월 26일 13시,금요일,제주특별자치도 서귀포시 대정읍,부상신고사고,0,0,0,1,차대차 - 기타,기타,건조,맑음,단일로 - 기타,화물,남,62세,상해없음,자전거,남,75세,부상신고
2021112600100349,2021년 11월 26일 14시,금요일,제주특별자치도 서귀포시 남원읍,경상사고,0,0,1,0,차대차 - 기타,직진우회전진행방해,건조,맑음,교차로 - 교차로안,승용,남,62세,상해없음,승용,여,58세,경상
2021112600100350,2021년 11월 26일 14시,금요일,제주특별자치도 제주시 연동,부상신고사고,0,0,0,1,차대차 - 기타,안전운전불이행,기타,맑음,교차로 - 교차로안,이륜,남,42세,부상신고,화물,남,46세,상해없음
2021112600100351,2021년 11월 26일 14시,금요일,제주특별자치도 제주시 연동,경상사고,0,0,1,0,차대차 - 측면충돌,안전운전불이행,기타,맑음,교차로 - 교차로안,승용,남,33세,기타불명,승용,남,40세,경상
2021112600100352,2021년 11월 26일 14시,금요일,제주특별자치도 제주시 연동,부상신고사고,0,0,0,1,차량단독 - 기타,안전운전불이행,기타,맑음,교차로 - 교차로안,이륜,남,27세,부상신고,,,,
2021112600100440,2021년 11월 26일 16시,금요일,제주특별자치도 제주시 한림읍,중상사고,0,2,0,0,차량단독 - 도로외이탈 - 추락,안전운전불이행,건조,맑음,단일로 - 기타,승용,남,20세,상해없음,,,,
2021112600100441,2021년 11월 26일 16시,금요일,제주특별자치도 제주시 용담이동,경상사고,0,0,1,1,차대차 - 측면충돌,안전운전불이행,건조,맑음,단일로 - 기타,승용,남,30세,부상신고,승용,남,26세,경상
2021112600100514,2021년 11월 26일 17시,금요일,제주특별자치도 제주시 일도이동,경상사고,0,0,1,0,차대사람 - 길가장자리구역통행중,안전운전불이행,건조,맑음,단일로 - 기타,승용,남,26세,기타불명,보행자,여,14세,경상
2021112600100515,2021년 11월 26일 17시,금요일,제주특별자치도 서귀포시 대정읍,경상사고,0,0,1,0,차대차 - 측면충돌,신호위반,건조,맑음,단일로 - 기타,자전거,남,13세,경상,승용,남,46세,상해없음
2021112600100516,2021년 11월 26일 17시,금요일,제주특별자치도 제주시 노형동,부상신고사고,0,0,0,1,차대차 - 기타,교차로운행방법위반,건조,맑음,교차로 - 교차로안,승용,여,56세,상해없음,승용,남,63세,부상신고
2021112600100577,2021년 11월 26일 18시,금요일,제주특별자치도 서귀포시 안덕면,경상사고,0,0,1,0,차대차 - 후진중충돌,안전운전불이행,건조,맑음,기타 - 기타,승용,여,33세,상해없음,승용,여,37세,경상
2021112600100722,2021년 11월 26일 22시,금요일,제주특별자치도 제주시 이도이동,경상사고,0,0,1,0,차대차 - 정면충돌,중앙선침범,건조,맑음,교차로 - 교차로부근,승용,남,56세,상해없음,승용,여,66세,경상
2021112600100742,2021년 11월 26일 23시,금요일,제주특별자치도 서귀포시 대포동,경상사고,0,0,2,0,차대차 - 추돌,안전운전불이행,건조,맑음,교차로 - 교차로부근,승용,남,29세,상해없음,승용,여,42세,경상
2021112600100743,2021년 11월 26일 23시,금요일,제주특별자치도 제주시 노형동,경상사고,0,0,1,0,차대차 - 측면충돌,안전운전불이행,건조,흐림,단일로 - 기타,승용,남,52세,상해없음,승용,남,48세,경상
2021112700100053,2021년 11월 27일 05시,토요일,제주특별자치도 제주시 용담이동,경상사고,0,0,2,0,차대차 - 기타,안전거리미확보,건조,맑음,단일로 - 기타,승용,여,74세,상해없음,승용,남,30세,경상
2021112700100085,2021년 11월 27일 08시,토요일,제주특별자치도 서귀포시 상효동,경상사고,0,0,3,0,차대차 - 기타,안전거리미확보,건조,맑음,단일로 - 기타,승용,여,43세,경상,승용,남,24세,경상
2021112700100179,2021년 11월 27일 11시,토요일,제주특별자치도 제주시 이도이동,경상사고,0,0,1,0,차대사람 - 기타,보행자보호의무위반,건조,맑음,기타 - 기타,이륜,남,36세,상해없음,보행자,남,13세,경상
2021112700100180,2021년 11월 27일 11시,토요일,제주특별자치도 서귀포시 토평동,경상사고,0,0,1,0,차대차 - 추돌,기타,건조,맑음,기타 - 기타,화물,남,63세,상해없음,승용,남,30세,경상
2021112700100181,2021년 11월 27일 11시,토요일,제주특별자치도 제주시 오라삼동,부상신고사고,0,0,0,1,차대차 - 측면충돌,교차로운행방법위반,건조,맑음,교차로 - 교차로부근,승용,남,44세,상해없음,승용,남,54세,부상신고
2021112700100263,2021년 11월 27일 13시,토요일,제주특별자치도 제주시 용담일동,경상사고,0,0,1,0,차대차 - 추돌,안전운전불이행,건조,맑음,단일로 - 기타,승용,여,27세,기타불명,승용,여,65세,경상
2021112700100264,2021년 11월 27일 13시,토요일,제주특별자치도 제주시 노형동,경상사고,0,0,2,0,차대차 - 측면충돌,교차로운행방법위반,건조,맑음,교차로 - 교차로안,승용,여,69세,상해없음,승용,남,40세,경상
2021112700100308,2021년 11월 27일 14시,토요일,제주특별자치도 서귀포시 서귀동,경상사고,0,0,1,0,차대차 - 기타,직진우회전진행방해,건조,맑음,교차로 - 교차로안,승용,여,59세,상해없음,승용,여,45세,경상
2021112700100309,2021년 11월 27일 14시,토요일,제주특별자치도 제주시 노형동,경상사고,0,0,1,0,차대차 - 기타,안전운전불이행,건조,맑음,교차로 - 교차로부근,승용,여,47세,상해없음,자전거,남,46세,경상
2021112700100389,2021년 11월 27일 16시,토요일,제주특별자치도 서귀포시 대정읍,경상사고,0,0,1,0,차대사람 - 기타,안전운전불이행,건조,맑음,단일로 - 기타,화물,여,64세,상해없음,보행자,남,27세,경상
2021112700100432,2021년 11월 27일 17시,토요일,제주특별자치도 제주시 이도이동,경상사고,0,0,1,0,차대차 - 기타,안전운전불이행,건조,맑음,단일로 - 기타,승용,여,54세,상해없음,승용,남,49세,경상
2021112700100433,2021년 11월 27일 17시,토요일,제주특별자치도 제주시 오라이동,경상사고,0,0,1,0,차대차 - 측면충돌,안전거리미확보,건조,맑음,단일로 - 기타,승용,여,34세,상해없음,승용,여,56세,경상
2021112700100434,2021년 11월 27일 17시,토요일,제주특별자치도 서귀포시 서호동,경상사고,0,0,2,0,차대차 - 측면충돌,안전운전불이행,건조,맑음,교차로 - 교차로안,승용,남,63세,기타불명,승용,남,37세,경상
2021112700100482,2021년 11월 27일 18시,토요일,제주특별자치도 서귀포시 강정동,경상사고,0,0,1,0,차대차 - 측면충돌,교차로운행방법위반,건조,기타,교차로 - 교차로안,승용,남,57세,상해없음,이륜,남,30세,경상
2021112700100483,2021년 11월 27일 18시,토요일,제주특별자치도 제주시 한림읍,경상사고,0,0,1,0,차대차 - 측면충돌,직진우회전진행방해,건조,맑음,교차로 - 교차로안,화물,남,55세,상해없음,화물,남,68세,경상
2021112700100524,2021년 11월 27일 19시,토요일,제주특별자치도 제주시 화북일동,경상사고,0,0,1,0,차대차 - 기타,안전거리미확보,건조,맑음,단일로 - 기타,승용,여,32세,상해없음,이륜,남,32세,경상
2021112700100525,2021년 11월 27일 19시,토요일,제주특별자치도 서귀포시 안덕면,경상사고,0,0,1,0,차대사람 - 기타,안전운전불이행,건조,맑음,교차로 - 교차로안,승용,여,22세,상해없음,보행자,여,28세,경상
2021112700100570,2021년 11월 27일 21시,토요일,제주특별자치도 서귀포시 신효동,경상사고,0,0,1,0,차대사람 - 기타,안전운전불이행,건조,맑음,단일로 - 기타,승용,남,31세,상해없음,보행자,여,28세,경상
2021112800100013,2021년 11월 28일 00시,일요일,제주특별자치도 제주시 한림읍,부상신고사고,0,0,0,1,차량단독 - 공작물충돌,안전운전불이행,건조,맑음,교차로 - 교차로부근,승용,여,31세,부상신고,,,,
2021112800100057,2021년 11월 28일 05시,일요일,제주특별자치도 제주시 노형동,경상사고,0,0,1,0,차대차 - 추돌,안전운전불이행,건조,맑음,단일로 - 기타,승용,남,26세,상해없음,승용,여,50세,경상
2021112800100065,2021년 11월 28일 06시,일요일,제주특별자치도 서귀포시 남원읍,경상사고,0,0,1,0,차대차 - 측면충돌,신호위반,건조,맑음,교차로 - 교차로안,승용,남,22세,상해없음,화물,남,51세,경상
2021112800100094,2021년 11월 28일 09시,일요일,제주특별자치도 제주시 연동,경상사고,0,0,1,0,차대사람 - 차도통행중,안전운전불이행,건조,맑음,교차로 - 교차로부근,승용,남,53세,상해없음,보행자,여,63세,경상
2021112800100125,2021년 11월 28일 10시,일요일,제주특별자치도 제주시 한림읍,경상사고,0,0,1,0,차량단독 - 전도전복 - 전도,안전운전불이행,건조,맑음,단일로 - 기타,승용,여,36세,경상,,,,
2021112800100149,2021년 11월 28일 11시,일요일,제주특별자치도 서귀포시 대정읍,부상신고사고,0,0,0,1,차대차 - 정면충돌,교차로운행방법위반,건조,맑음,교차로 - 교차로안,이륜,여,62세,부상신고,승용,남,69세,상해없음
2021112800100209,2021년 11월 28일 13시,일요일,제주특별자치도 제주시 조천읍,중상사고,0,2,0,0,차대사람 - 기타,안전운전불이행,건조,맑음,단일로 - 기타,승용,여,59세,상해없음,보행자,남,80세,중상
2021112800100243,2021년 11월 28일 14시,일요일,제주특별자치도 제주시 구좌읍,경상사고,0,0,1,0,차대사람 - 기타,안전운전불이행,건조,맑음,기타 - 기타,화물,남,59세,상해없음,보행자,남,28세,경상
2021112800100277,2021년 11월 28일 15시,일요일,제주특별자치도 제주시 이도일동,경상사고,0,0,1,0,차량단독 - 기타,안전운전불이행,건조,맑음,단일로 - 기타,승합,남,49세,상해없음,,,,
2021112800100278,2021년 11월 28일 15시,일요일,제주특별자치도 제주시 외도일동,경상사고,0,0,1,0,차대차 - 기타,직진우회전진행방해,건조,맑음,교차로 - 교차로안,승용,여,22세,상해없음,승용,남,56세,경상
2021112800100299,2021년 11월 28일 16시,일요일,제주특별자치도 제주시 건입동,경상사고,0,0,1,0,차대사람 - 차도통행중,안전운전불이행,건조,맑음,단일로 - 기타,승용,남,34세,상해없음,보행자,여,60세,경상
2021112800100300,2021년 11월 28일 16시,일요일,제주특별자치도 제주시 건입동,경상사고,0,0,1,0,차대사람 - 횡단중,보행자보호의무위반,건조,맑음,교차로 - 교차로횡단보도내,승합,남,57세,상해없음,보행자,여,59세,경상
2021112800100301,2021년 11월 28일 16시,일요일,제주특별자치도 서귀포시 안덕면,사망사고,1,1,0,0,차대차 - 측면충돌,기타,건조,맑음,교차로 - 교차로안,이륜,남,48세,사망,승용,남,59세,중상
2021112800100326,2021년 11월 28일 17시,일요일,제주특별자치도 제주시 건입동,중상사고,0,1,0,0,차대사람 - 횡단중,신호위반,건조,맑음,교차로 - 교차로횡단보도내,승용,남,63세,상해없음,보행자,여,59세,중상
2021112800100360,2021년 11월 28일 18시,일요일,제주특별자치도 제주시 애월읍,경상사고,0,0,1,0,차대차 - 기타,신호위반,건조,흐림,교차로 - 교차로안,기타불명,기타불명,미분류,기타불명,승용,여,37세,경상
2021112800100397,2021년 11월 28일 19시,일요일,제주특별자치도 서귀포시 색달동,경상사고,0,0,1,0,차대차 - 기타,직진우회전진행방해,건조,기타,교차로 - 교차로안,승용,여,57세,상해없음,승용,남,36세,경상
2021112800100398,2021년 11월 28일 19시,일요일,제주특별자치도 제주시 연동,경상사고,0,0,1,0,차대차 - 측면충돌,중앙선침범,건조,맑음,교차로 - 교차로안,승합,남,30세,상해없음,이륜,남,31세,경상
2021112800100427,2021년 11월 28일 20시,일요일,제주특별자치도 제주시 연동,경상사고,0,0,1,0,차대사람 - 기타,안전운전불이행,건조,기타,단일로 - 기타,승용,남,60세,상해없음,보행자,여,27세,경상
2021112800100471,2021년 11월 28일 22시,일요일,제주특별자치도 제주시 삼도일동,경상사고,0,0,2,0,차대차 - 추돌,안전거리미확보,건조,흐림,교차로 - 교차로부근,승용,남,55세,상해없음,승용,남,27세,경상
2021112900100050,2021년 11월 29일 06시,월요일,제주특별자치도 서귀포시 남원읍,중상사고,0,1,0,0,차대사람 - 차도통행중,안전운전불이행,건조,맑음,단일로 - 기타,이륜,여,67세,상해없음,보행자,여,68세,중상
2021112900100051,2021년 11월 29일 06시,월요일,제주특별자치도 서귀포시 남원읍,중상사고,0,1,4,2,차대차 - 정면충돌,신호위반,건조,맑음,교차로 - 교차로안,승합,남,53세,상해없음,화물,남,50세,중상
2021112900100085,2021년 11월 29일 07시,월요일,제주특별자치도 제주시 오라삼동,경상사고,0,0,1,0,차대차 - 기타,안전운전불이행,건조,맑음,교차로 - 교차로안,승합,남,64세,기타불명,승용,여,53세,경상
2021112900100129,2021년 11월 29일 08시,월요일,제주특별자치도 제주시 애월읍,중상사고,0,1,0,0,차대사람 - 횡단중,안전운전불이행,건조,맑음,교차로 - 교차로안,승합,남,47세,상해없음,보행자,여,78세,중상
2021112900100221,2021년 11월 29일 11시,월요일,제주특별자치도 제주시 연동,중상사고,0,1,0,0,차대차 - 기타,불법유턴,건조,맑음,단일로 - 기타,이륜,남,37세,중상,승용,여,59세,상해없음
2021112900100284,2021년 11월 29일 13시,월요일,제주특별자치도 서귀포시 상예동,중상사고,0,1,1,0,차대차 - 기타,안전거리미확보,건조,맑음,교차로 - 교차로부근,승합,남,43세,상해없음,승용,여,53세,상해없음
2021112900100331,2021년 11월 29일 14시,월요일,제주특별자치도 제주시 이도이동,경상사고,0,0,1,0,차대차 - 후진중충돌,안전운전불이행,건조,맑음,기타 - 기타,승용,남,25세,상해없음,이륜,남,39세,경상
2021112900100376,2021년 11월 29일 15시,월요일,제주특별자치도 제주시 조천읍,경상사고,0,0,1,0,차대사람 - 기타,안전운전불이행,건조,맑음,기타 - 기타,승용,남,75세,상해없음,보행자,남,10세,경상
2021112900100411,2021년 11월 29일 16시,월요일,제주특별자치도 제주시 애월읍,경상사고,0,0,1,0,차량단독 - 공작물충돌,안전운전불이행,건조,맑음,단일로 - 기타,이륜,남,67세,경상,,,,
2021112900100506,2021년 11월 29일 18시,월요일,제주특별자치도 제주시 아라이동,경상사고,0,0,1,0,차대차 - 측면충돌,신호위반,건조,맑음,교차로 - 교차로안,승용,남,50세,상해없음,승용,여,45세,경상
2021112900100507,2021년 11월 29일 18시,월요일,제주특별자치도 제주시 용담이동,경상사고,0,0,1,0,차대차 - 추돌,안전운전불이행,건조,기타,교차로 - 교차로부근,승용,남,25세,상해없음,승용,남,31세,경상
2021112900100508,2021년 11월 29일 18시,월요일,제주특별자치도 제주시 용담이동,경상사고,0,0,1,0,차대차 - 측면충돌,안전운전불이행,건조,맑음,단일로 - 기타,승용,남,61세,상해없음,승용,남,72세,경상
2021112900100550,2021년 11월 29일 19시,월요일,제주특별자치도 제주시 도남동,경상사고,0,0,1,0,차대차 - 측면충돌,교차로운행방법위반,건조,맑음,교차로 - 교차로안,승용,여,21세,상해없음,이륜,남,49세,경상
2021112900100551,2021년 11월 29일 19시,월요일,제주특별자치도 제주시 애월읍,경상사고,0,0,2,0,차대차 - 측면충돌,신호위반,건조,기타,교차로 - 교차로안,승용,남,68세,상해없음,화물,남,49세,경상
2021112900100581,2021년 11월 29일 20시,월요일,제주특별자치도 제주시 삼도일동,경상사고,0,0,2,0,차대차 - 측면충돌,신호위반,건조,맑음,교차로 - 교차로안,승용,남,63세,상해없음,승용,여,52세,경상
2021113000100009,2021년 11월 30일 00시,화요일,제주특별자치도 제주시 이호일동,경상사고,0,0,1,0,차대사람 - 기타,안전운전불이행,건조,흐림,기타 - 기타,이륜,남,28세,상해없음,보행자,남,29세,경상
2021113000100062,2021년 11월 30일 06시,화요일,제주특별자치도 제주시 삼도이동,중상사고,0,1,0,0,차대사람 - 횡단중,보행자보호의무위반,젖음/습기,비,교차로 - 교차로안,승용,남,55세,상해없음,보행자,여,37세,중상
2021113000100063,2021년 11월 30일 06시,화요일,제주특별자치도 제주시 삼도일동,경상사고,0,0,1,0,차대사람 - 기타,보행자보호의무위반,젖음/습기,비,교차로 - 교차로횡단보도내,승용,남,58세,상해없음,보행자,남,47세,경상
2021113000100064,2021년 11월 30일 06시,화요일,제주특별자치도 제주시 화북일동,경상사고,0,0,1,0,차대차 - 추돌,안전거리미확보,건조,맑음,단일로 - 기타,승용,남,57세,상해없음,화물,남,54세,경상
2021113000100102,2021년 11월 30일 07시,화요일,제주특별자치도 제주시 아라일동,경상사고,0,0,1,0,차대차 - 기타,신호위반,젖음/습기,비,교차로 - 교차로안,승합,남,69세,기타불명,승용,여,58세,경상
2021113000100255,2021년 11월 30일 11시,화요일,제주특별자치도 제주시 이도이동,중상사고,0,1,0,0,차대사람 - 횡단중,안전운전불이행,건조,맑음,교차로 - 교차로안,승합,남,45세,상해없음,보행자,여,64세,중상
2021113000100316,2021년 11월 30일 13시,화요일,제주특별자치도 서귀포시 신효동,중상사고,0,1,0,0,차대차 - 측면충돌,직진우회전진행방해,건조,맑음,교차로 - 교차로안,승용,남,61세,상해없음,이륜,여,69세,중상
2021113000100374,2021년 11월 30일 15시,화요일,제주특별자치도 제주시 이도이동,경상사고,0,0,1,0,차대차 - 측면충돌,안전운전불이행,건조,흐림,교차로 - 교차로안,승용,여,42세,경상,화물,남,25세,기타불명
2021113000100408,2021년 11월 30일 16시,화요일,제주특별자치도 제주시 구좌읍,경상사고,0,0,1,0,차대차 - 측면충돌,안전거리미확보,건조,맑음,단일로 - 기타,승용,남,25세,상해없음,승용,여,37세,경상
2021113000100409,2021년 11월 30일 16시,화요일,제주특별자치도 제주시 애월읍,경상사고,0,0,1,0,차대차 - 측면충돌,안전운전불이행,건조,맑음,교차로 - 교차로안,화물,남,69세,상해없음,승용,여,32세,경상
2021113000100465,2021년 11월 30일 17시,화요일,제주특별자치도 제주시 연동,경상사고,0,0,1,0,차대차 - 기타,안전운전불이행,건조,맑음,단일로 - 기타,승용,남,28세,상해없음,승용,여,25세,경상
2021113000100512,2021년 11월 30일 18시,화요일,제주특별자치도 제주시 이도일동,경상사고,0,0,1,0,차대차 - 기타,교차로운행방법위반,건조,흐림,교차로 - 교차로안,승용,여,62세,기타불명,이륜,남,24세,경상
2021113000100513,2021년 11월 30일 18시,화요일,제주특별자치도 제주시 아라일동,경상사고,0,0,1,0,차대차 - 추돌,안전운전불이행,젖음/습기,비,교차로 - 교차로안,승용,남,26세,상해없음,승용,여,28세,경상
2021113000100514,2021년 11월 30일 18시,화요일,제주특별자치도 서귀포시 서호동,중상사고,0,1,0,0,차대사람 - 횡단중,보행자보호의무위반,젖음/습기,비,교차로 - 교차로횡단보도내,승용,남,55세,상해없음,보행자,남,22세,중상
2021113000100515,2021년 11월 30일 18시,화요일,제주특별자치도 서귀포시 동홍동,중상사고,0,2,0,0,차량단독 - 공작물충돌,안전운전불이행,젖음/습기,비,교차로 - 교차로안,승용,남,54세,중상,,,,
2021113000100591,2021년 11월 30일 20시,화요일,제주특별자치도 제주시 삼도일동,중상사고,0,1,0,0,차대사람 - 횡단중,신호위반,젖음/습기,비,교차로 - 교차로횡단보도내,이륜,남,17세,상해없음,보행자,남,82세,중상
2021113000100592,2021년 11월 30일 20시,화요일,제주특별자치도 제주시 화북일동,경상사고,0,0,1,0,차대차 - 측면충돌,안전운전불이행,젖음/습기,비,교차로 - 교차로안,이륜,남,62세,경상,승용,남,64세,상해없음
2021113000100593,2021년 11월 30일 20시,화요일,제주특별자치도 제주시 화북일동,경상사고,0,0,1,0,차대차 - 기타,직진우회전진행방해,젖음/습기,비,교차로 - 교차로안,승용,남,25세,경상,승용,남,70세,상해없음
2021120100100032,2021년 12월 1일 03시,수요일,제주특별자치도 제주시 이도이동,경상사고,0,0,1,0,차대차 - 추돌,안전운전불이행,젖음/습기,흐림,교차로 - 교차로부근,승용,남,41세,상해없음,승용,남,66세,경상
2021120100100044,2021년 12월 1일 05시,수요일,제주특별자치도 제주시 연동,경상사고,0,0,1,0,차대차 - 기타,신호위반,건조,맑음,교차로 - 교차로안,기타불명,기타불명,미분류,기타불명,개인형이동수단(PM),남,42세,경상
2021120100100223,2021년 12월 1일 11시,수요일,제주특별자치도 서귀포시 토평동,경상사고,0,0,1,0,차대차 - 측면충돌,안전운전불이행,건조,맑음,교차로 - 교차로부근,승용,여,84세,상해없음,승용,여,46세,경상
2021120100100250,2021년 12월 1일 12시,수요일,제주특별자치도 제주시 한림읍,경상사고,0,0,1,2,차대차 - 측면충돌,직진우회전진행방해,건조,맑음,교차로 - 교차로안,승용,여,39세,경상,승용,여,56세,부상신고
2021120100100311,2021년 12월 1일 14시,수요일,제주특별자치도 제주시 아라일동,경상사고,0,0,1,0,차대차 - 추돌,안전거리미확보,건조,맑음,교차로 - 교차로부근,승용,남,57세,상해없음,승용,남,63세,경상
2021120100100346,2021년 12월 1일 15시,수요일,제주특별자치도 제주시 화북이동,경상사고,0,0,2,0,차대차 - 기타,안전운전불이행,건조,맑음,교차로 - 교차로안,승용,여,38세,경상,화물,남,49세,경상
2021120100100421,2021년 12월 1일 17시,수요일,제주특별자치도 제주시 봉개동,경상사고,0,0,1,0,차대차 - 추돌,직진우회전진행방해,건조,맑음,교차로 - 교차로안,승합,남,55세,상해없음,승용,남,25세,경상
2021120100100422,2021년 12월 1일 17시,수요일,제주특별자치도 제주시 이도일동,경상사고,0,0,2,0,차대차 - 후진중충돌,안전운전불이행,건조,맑음,단일로 - 기타,승용,남,40세,상해없음,승용,남,31세,경상
2021120100100423,2021년 12월 1일 17시,수요일,제주특별자치도 제주시 애월읍,경상사고,0,0,2,0,차대차 - 추돌,안전운전불이행,건조,맑음,단일로 - 기타,승용,남,49세,상해없음,승용,남,51세,경상
2021120100100487,2021년 12월 1일 18시,수요일,제주특별자치도 제주시 연동,경상사고,0,0,1,0,차대차 - 추돌,안전운전불이행,건조,맑음,미분류 - 미분류,기타불명,기타불명,미분류,기타불명,승용,여,30세,경상