사고번호,사고일시,요일,시군구,사고내용,사망자수,중상자수,경상자수,부상신고자수,사고유형,법규위반,노면상태,기상상태,도로형태,가해운전자 차종,가해운전자 성별,가해운전자 연령,가해운전자 상해정도,피해운전자 차종,피해운전자 성별,피해운전자 연령,피해운전자 상해정도
2021120200100055,2021년 12월 2일 06시,목요일,제주특별자치도 제주시 연동,사망사고,1,0,0,0,차대사람 - 차도통행중,안전운전불이행,젖음/습기,흐림,단일로 - 기타,화물,남,80세,상해없음,보행자,여,81세,사망
2021120200100122,2021년 12월 2일 08시,목요일,제주특별자치도 제주시 연동,경상사고,0,0,1,0,차대차 - 추돌,안전운전불이행,건조,맑음,단일로 - 기타,승용,남,27세,상해없음,승용,여,32세,경상
2021120200100188,2021년 12월 2일 10시,목요일,제주특별자치도 제주시 이도이동,경상사고,0,0,1,0,차대차 - 추돌,안전운전불이행,건조,맑음,단일로 - 기타,이륜,남,42세,경상,승용,남,60세,상해없음
2021120200100189,2021년 12월 2일 10시,목요일,제주특별자치도 제주시 아라일동,경상사고,0,0,4,0,차대차 - 추돌,안전운전불이행,젖음/습기,맑음,단일로 - 기타,승용,남,64세,상해없음,승용,여,38세,경상
2021120200100190,2021년 12월 2일 10시,목요일,제주특별자치도 제주시 연동,경상사고,0,0,1,0,차대차 - 측면충돌,안전운전불이행,젖음/습기,비,교차로 - 교차로횡단보도내,자전거,여,60세,경상,승용,여,69세,상해없음
2021120200100287,2021년 12월 2일 13시,목요일,제주특별자치도 제주시 도련이동,중상사고,0,1,0,0,차대차 - 측면충돌,안전운전불이행,건조,맑음,교차로 - 교차로안,이륜,남,42세,중상,승용,여,60세,상해없음
2021120200100392,2021년 12월 2일 16시,목요일,제주특별자치도 제주시 이도일동,경상사고,0,0,1,0,차대사람 - 기타,안전운전불이행,건조,맑음,교차로 - 교차로부근,승용,남,60세,상해없음,보행자,여,60세,경상
2021120200100435,2021년 12월 2일 17시,목요일,제주특별자치도 서귀포시 서홍동,부상신고사고,0,0,0,1,차대사람 - 보도통행중,안전운전불이행,건조,맑음,단일로 - 기타,기타불명,기타불명,미분류,기타불명,보행자,남,48세,부상신고
2021120200100495,2021년 12월 2일 18시,목요일,제주특별자치도 서귀포시 중문동,경상사고,0,0,1,0,차대차 - 측면충돌,직진우회전진행방해,건조,맑음,교차로 - 교차로안,승용,여,35세,상해없음,승용,여,40세,경상
2021120200100565,2021년 12월 2일 20시,목요일,제주특별자치도 서귀포시 색달동,경상사고,0,0,1,0,차대차 - 추돌,안전운전불이행,건조,맑음,단일로 - 기타,승용,남,41세,상해없음,승용,남,61세,경상
2021120200100566,2021년 12월 2일 20시,목요일,제주특별자치도 제주시 연동,경상사고,0,0,2,0,차대차 - 기타,직진우회전진행방해,건조,맑음,단일로 - 기타,승용,남,33세,상해없음,승용,남,21세,경상
2021120200100614,2021년 12월 2일 22시,목요일,제주특별자치도 서귀포시 남원읍,경상사고,0,0,2,0,차대차 - 추돌,안전운전불이행,건조,맑음,교차로 - 교차로부근,승용,남,22세,상해없음,승용,여,63세,경상
2021120200100615,2021년 12월 2일 22시,목요일,제주특별자치도 제주시 연동,경상사고,0,0,1,0,차대차 - 추돌,안전운전불이행,건조,맑음,단일로 - 기타,승용,남,19세,상해없음,승용,남,56세,경상
2021120200100635,2021년 12월 2일 23시,목요일,제주특별자치도 제주시 노형동,경상사고,0,0,1,0,차량단독 - 공작물충돌,안전운전불이행,건조,맑음,단일로 - 기타,이륜,남,19세,경상,,,,
2021120300100176,2021년 12월 3일 08시,금요일,제주특별자치도 서귀포시 표선면,경상사고,0,0,4,0,차대차 - 측면충돌,안전운전불이행,건조,맑음,단일로 - 지하차도(도로)내,건설기계,남,59세,상해없음,승합,여,38세,경상
2021120300100310,2021년 12월 3일 12시,금요일,제주특별자치도 제주시 한경면,경상사고,0,0,4,0,차대차 - 추돌,안전거리미확보,건조,맑음,단일로 - 기타,승용,남,60세,상해없음,승용,여,27세,경상
2021120300100347,2021년 12월 3일 13시,금요일,제주특별자치도 제주시 일도이동,경상사고,0,0,1,0,차대차 - 측면충돌,안전운전불이행,건조,맑음,교차로 - 교차로안,화물,남,46세,상해없음,승용,남,56세,경상
2021120300100348,2021년 12월 3일 13시,금요일,제주특별자치도 서귀포시 서귀동,경상사고,0,0,1,0,차대차 - 측면충돌,직진우회전진행방해,건조,맑음,교차로 - 교차로안,승용,여,48세,상해없음,이륜,남,83세,경상
2021120300100349,2021년 12월 3일 13시,금요일,제주특별자치도 서귀포시 서귀동,경상사고,0,0,1,0,차대차 - 기타,교차로운행방법위반,건조,맑음,교차로 - 교차로안,승용,여,27세,상해없음,승용,여,38세,상해없음
2021120300100424,2021년 12월 3일 15시,금요일,제주특별자치도 제주시 조천읍,경상사고,0,0,1,0,차대차 - 추돌,안전운전불이행,건조,맑음,교차로 - 교차로부근,승용,남,53세,상해없음,화물,남,36세,경상
2021120300100469,2021년 12월 3일 16시,금요일,제주특별자치도 제주시 노형동,경상사고,0,0,1,0,차대사람 - 보도통행중,안전운전불이행,건조,맑음,기타 - 기타,개인형이동수단(PM),남,15세,상해없음,보행자,여,41세,경상
2021120300100470,2021년 12월 3일 16시,금요일,제주특별자치도 제주시 노형동,경상사고,0,0,2,2,차대차 - 측면충돌,안전운전불이행,건조,맑음,교차로 - 교차로안,승용,남,25세,부상신고,화물,남,34세,경상
2021120300100574,2021년 12월 3일 18시,금요일,제주특별자치도 제주시 화북이동,경상사고,0,0,3,0,차대차 - 측면충돌,중앙선침범,건조,맑음,교차로 - 교차로부근,승용,남,55세,경상,이륜,남,27세,경상
2021120300100575,2021년 12월 3일 18시,금요일,제주특별자치도 제주시 아라이동,경상사고,0,0,2,0,차대차 - 추돌,안전운전불이행,건조,맑음,단일로 - 기타,승용,남,61세,상해없음,승용,남,32세,경상
2021120300100576,2021년 12월 3일 18시,금요일,제주특별자치도 제주시 아라일동,경상사고,0,0,1,0,차대차 - 추돌,안전거리미확보,건조,맑음,단일로 - 기타,승합,남,50세,상해없음,승용,남,60세,경상
2021120300100577,2021년 12월 3일 18시,금요일,제주특별자치도 서귀포시 강정동,사망사고,1,0,0,0,차대사람 - 횡단중,안전운전불이행,건조,맑음,교차로 - 교차로안,승용,여,36세,상해없음,보행자,여,84세,사망
2021120300100578,2021년 12월 3일 18시,금요일,제주특별자치도 제주시 애월읍,경상사고,0,0,1,0,차대차 - 측면충돌,중앙선침범,건조,맑음,단일로 - 기타,승용,남,22세,상해없음,승용,여,26세,경상
2021120300100628,2021년 12월 3일 19시,금요일,제주특별자치도 제주시 오라일동,경상사고,0,0,2,0,차대차 - 추돌,안전거리미확보,건조,맑음,교차로 - 교차로부근,승용,여,28세,상해없음,승용,여,40세,경상
2021120300100664,2021년 12월 3일 20시,금요일,제주특별자치도 제주시 노형동,부상신고사고,0,0,0,1,차대사람 - 차도통행중,안전운전불이행,건조,맑음,교차로 - 교차로안,승용,남,53세,상해없음,보행자,남,59세,부상신고
2021120300100694,2021년 12월 3일 21시,금요일,제주특별자치도 서귀포시 동홍동,부상신고사고,0,0,0,1,차대차 - 정면충돌,교차로운행방법위반,건조,맑음,교차로 - 교차로부근,이륜,남,18세,부상신고,승용,여,36세,상해없음
2021120300100695,2021년 12월 3일 21시,금요일,제주특별자치도 제주시 노형동,경상사고,0,0,1,0,차대차 - 측면충돌,안전거리미확보,건조,맑음,교차로 - 교차로횡단보도내,승용,남,41세,상해없음,자전거,남,11세,경상
2021120300100739,2021년 12월 3일 23시,금요일,제주특별자치도 제주시 이도이동,경상사고,0,0,1,0,차대차 - 추돌,안전거리미확보,건조,맑음,단일로 - 기타,승용,여,48세,상해없음,승용,남,60세,경상
2021120400100135,2021년 12월 4일 10시,토요일,제주특별자치도 서귀포시 서홍동,경상사고,0,0,1,0,차대차 - 기타,안전운전불이행,건조,맑음,교차로 - 교차로안,승용,남,39세,상해없음,화물,남,56세,상해없음
2021120400100136,2021년 12월 4일 10시,토요일,제주특별자치도 제주시 해안동,경상사고,0,0,1,0,차대차 - 추돌,안전운전불이행,건조,맑음,단일로 - 기타,승용,남,42세,상해없음,화물,남,67세,경상
2021120400100246,2021년 12월 4일 13시,토요일,제주특별자치도 서귀포시 성산읍,부상신고사고,0,0,0,1,차량단독 - 공작물충돌,안전운전불이행,건조,맑음,단일로 - 기타,승용,남,59세,부상신고,,,,
2021120400100273,2021년 12월 4일 14시,토요일,제주특별자치도 제주시 한림읍,중상사고,0,1,0,0,차대차 - 측면충돌,안전운전불이행,건조,맑음,단일로 - 기타,승용,남,65세,상해없음,자전거,남,41세,중상
2021120400100308,2021년 12월 4일 15시,토요일,제주특별자치도 서귀포시 강정동,경상사고,0,0,1,0,차대차 - 기타,안전운전불이행,건조,맑음,단일로 - 기타,승용,여,55세,기타불명,승용,여,58세,경상
2021120400100373,2021년 12월 4일 17시,토요일,제주특별자치도 서귀포시 동홍동,경상사고,0,0,1,0,차대차 - 기타,안전운전불이행,건조,맑음,주차장 - 주차장,화물,남,72세,상해없음,승용,여,61세,경상
2021120400100424,2021년 12월 4일 18시,토요일,제주특별자치도 서귀포시 동홍동,경상사고,0,0,1,0,차대차 - 기타,안전운전불이행,건조,맑음,단일로 - 기타,특수,남,55세,상해없음,승용,여,72세,경상
2021120400100459,2021년 12월 4일 19시,토요일,제주특별자치도 서귀포시 대포동,중상사고,0,1,0,0,차대사람 - 횡단중,안전운전불이행,건조,맑음,단일로 - 기타,승용,여,48세,상해없음,보행자,남,69세,중상
2021120400100508,2021년 12월 4일 21시,토요일,제주특별자치도 제주시 이도이동,경상사고,0,0,1,0,차대사람 - 기타,안전운전불이행,건조,맑음,단일로 - 기타,승용,여,51세,상해없음,보행자,남,41세,경상
2021120400100509,2021년 12월 4일 21시,토요일,제주특별자치도 서귀포시 법환동,경상사고,0,0,1,0,차대차 - 기타,기타,건조,기타,교차로 - 교차로안,승합,남,49세,상해없음,승용,여,42세,경상
2021120400100540,2021년 12월 4일 22시,토요일,제주특별자치도 제주시 이도이동,경상사고,0,0,1,0,차대차 - 측면충돌,안전거리미확보,건조,맑음,교차로 - 교차로부근,승용,여,61세,상해없음,승용,여,19세,경상
2021120500100114,2021년 12월 5일 10시,일요일,제주특별자치도 제주시 연동,중상사고,0,1,0,0,차대차 - 측면충돌,직진우회전진행방해,건조,맑음,교차로 - 교차로안,승용,남,69세,상해없음,승용,남,69세,중상
2021120500100133,2021년 12월 5일 11시,일요일,제주특별자치도 서귀포시 하원동,경상사고,0,0,2,0,차대차 - 후진중충돌,중앙선침범,건조,맑음,단일로 - 기타,승용,남,65세,상해없음,승용,여,27세,경상
2021120500100253,2021년 12월 5일 15시,일요일,제주특별자치도 제주시 일도이동,경상사고,0,0,2,0,차대차 - 추돌,안전거리미확보,건조,맑음,단일로 - 기타,승용,여,32세,상해없음,승용,여,23세,경상
2021120500100254,2021년 12월 5일 15시,일요일,제주특별자치도 제주시 애월읍,경상사고,0,0,1,0,차대차 - 측면충돌,안전운전불이행,건조,맑음,단일로 - 기타,승용,남,69세,상해없음,승용,남,46세,경상
2021120500100317,2021년 12월 5일 17시,일요일,제주특별자치도 서귀포시 서호동,경상사고,0,0,1,0,차대차 - 측면충돌,안전운전불이행,건조,맑음,교차로 - 교차로안,승용,여,58세,상해없음,이륜,남,32세,경상
2021120500100343,2021년 12월 5일 18시,일요일,제주특별자치도 제주시 이도일동,부상신고사고,0,0,0,1,차대차 - 기타,안전거리미확보,건조,맑음,교차로 - 교차로부근,승용,남,68세,부상신고,승용,여,58세,상해없음
2021120500100344,2021년 12월 5일 18시,일요일,제주특별자치도 제주시 용담삼동,중상사고,0,1,0,0,차대사람 - 횡단중,안전운전불이행,건조,맑음,단일로 - 기타,승용,여,31세,상해없음,보행자,남,46세,중상
2021120500100378,2021년 12월 5일 19시,일요일,제주특별자치도 제주시 애월읍,부상신고사고,0,0,0,1,차대사람 - 횡단중,안전운전불이행,건조,맑음,교차로 - 교차로안,승용,남,35세,상해없음,보행자,여,70세,부상신고
2021120600100034,2021년 12월 6일 06시,월요일,제주특별자치도 제주시 한경면,경상사고,0,0,1,0,차대차 - 기타,안전운전불이행,건조,맑음,교차로 - 교차로부근,화물,남,47세,경상,승합,남,25세,상해없음
2021120600100035,2021년 12월 6일 06시,월요일,제주특별자치도 제주시 연동,경상사고,0,0,1,0,차대차 - 측면충돌,신호위반,건조,맑음,교차로 - 교차로안,승용,남,59세,상해없음,승용,여,31세,경상
2021120600100093,2021년 12월 6일 08시,월요일,제주특별자치도 서귀포시 남원읍,중상사고,0,1,0,0,차대차 - 측면충돌,직진우회전진행방해,건조,맑음,교차로 - 교차로안,승용,남,51세,상해없음,개인형이동수단(PM),남,38세,중상
2021120600100094,2021년 12월 6일 08시,월요일,제주특별자치도 서귀포시 대정읍,중상사고,0,1,3,0,차대차 - 기타,직진우회전진행방해,건조,맑음,교차로 - 교차로안,승용,남,37세,경상,승용,여,48세,중상
2021120600100131,2021년 12월 6일 09시,월요일,제주특별자치도 제주시 화북일동,경상사고,0,0,1,0,차대차 - 측면충돌,직진우회전진행방해,건조,맑음,교차로 - 교차로안,승용,남,56세,상해없음,승용,여,57세,경상
2021120600100187,2021년 12월 6일 11시,월요일,제주특별자치도 제주시 연동,경상사고,0,0,1,0,차대차 - 측면충돌,안전거리미확보,건조,맑음,단일로 - 기타,승용,남,29세,상해없음,승합,남,51세,상해없음
2021120600100227,2021년 12월 6일 12시,월요일,제주특별자치도 제주시 노형동,경상사고,0,0,1,0,차대차 - 추돌,안전운전불이행,건조,맑음,교차로 - 교차로부근,승용,남,20세,상해없음,승용,남,43세,경상
2021120600100307,2021년 12월 6일 15시,월요일,제주특별자치도 제주시 오라이동,경상사고,0,0,2,0,차대차 - 추돌,안전운전불이행,건조,맑음,단일로 - 기타,화물,남,64세,상해없음,승용,여,27세,경상
2021120600100439,2021년 12월 6일 18시,월요일,제주특별자치도 서귀포시 서귀동,경상사고,0,0,1,0,차대사람 - 기타,안전운전불이행,건조,맑음,단일로 - 기타,화물,남,53세,상해없음,보행자,남,84세,경상
2021120600100575,2021년 12월 6일 23시,월요일,제주특별자치도 제주시 용담이동,경상사고,0,0,1,0,차대사람 - 차도통행중,안전운전불이행,건조,맑음,기타 - 기타,승용,여,50세,상해없음,보행자,남,43세,경상
2021120700100030,2021년 12월 7일 02시,화요일,제주특별자치도 제주시 오라일동,중상사고,0,2,0,0,차대차 - 정면충돌,신호위반,건조,맑음,교차로 - 교차로부근,승용,여,62세,중상,승용,여,26세,중상
2021120700100113,2021년 12월 7일 08시,화요일,제주특별자치도 서귀포시 표선면,경상사고,0,0,2,0,차대차 - 후진중충돌,안전운전불이행,건조,맑음,주차장 - 주차장,승용,여,60세,상해없음,승용,여,42세,경상
2021120700100114,2021년 12월 7일 08시,화요일,제주특별자치도 제주시 노형동,경상사고,0,0,1,0,차대차 - 기타,안전운전불이행,건조,맑음,기타 - 기타,자전거,남,68세,경상,화물,남,56세,기타불명
2021120700100163,2021년 12월 7일 10시,화요일,제주특별자치도 서귀포시 남원읍,경상사고,0,0,3,0,차대차 - 측면충돌,안전거리미확보,건조,맑음,단일로 - 지하차도(도로)내,승용,남,65세,상해없음,승용,남,55세,경상
2021120700100241,2021년 12월 7일 12시,화요일,제주특별자치도 제주시 노형동,경상사고,0,0,1,0,차대차 - 측면충돌,안전운전불이행,건조,맑음,단일로 - 기타,승용,여,61세,상해없음,이륜,여,28세,경상
2021120700100309,2021년 12월 7일 14시,화요일,제주특별자치도 서귀포시 안덕면,경상사고,0,0,2,0,차대차 - 기타,안전운전불이행,건조,맑음,단일로 - 기타,승용,여,29세,상해없음,승용,남,35세,경상
2021120700100344,2021년 12월 7일 15시,화요일,제주특별자치도 제주시 애월읍,경상사고,0,0,1,0,차대차 - 기타,신호위반,건조,맑음,단일로 - 기타,승용,여,48세,상해없음,승용,여,46세,경상
2021120700100432,2021년 12월 7일 17시,화요일,제주특별자치도 제주시 용담일동,경상사고,0,0,2,0,차대차 - 기타,안전운전불이행,건조,맑음,교차로 - 교차로부근,화물,남,46세,상해없음,이륜,남,37세,경상
2021120700100433,2021년 12월 7일 17시,화요일,제주특별자치도 서귀포시 남원읍,경상사고,0,0,4,0,차대차 - 추돌,안전운전불이행,건조,맑음,단일로 - 기타,승용,여,49세,경상,승합,남,57세,경상
2021120700100434,2021년 12월 7일 17시,화요일,제주특별자치도 서귀포시 동홍동,경상사고,0,0,1,0,차대사람 - 횡단중,안전운전불이행,건조,맑음,단일로 - 기타,승용,여,27세,상해없음,보행자,남,9세,경상
2021120700100581,2021년 12월 7일 22시,화요일,제주특별자치도 제주시 일도이동,경상사고,0,0,1,0,차대차 - 기타,안전운전불이행,건조,맑음,교차로 - 교차로부근,승용,남,26세,상해없음,승용,여,61세,상해없음
2021120800100038,2021년 12월 8일 05시,수요일,제주특별자치도 서귀포시 대정읍,경상사고,0,0,2,0,차대차 - 측면충돌,직진우회전진행방해,건조,맑음,교차로 - 교차로안,승용,남,52세,경상,승용,남,34세,경상
2021120800100061,2021년 12월 8일 06시,수요일,제주특별자치도 서귀포시 동홍동,경상사고,0,0,1,0,차대차 - 측면충돌,직진우회전진행방해,건조,맑음,교차로 - 교차로안,승용,여,64세,상해없음,승용,남,51세,경상
2021120800100062,2021년 12월 8일 06시,수요일,제주특별자치도 제주시 오라이동,중상사고,0,1,0,0,차대사람 - 횡단중,안전운전불이행,건조,맑음,교차로 - 교차로안,승용,여,56세,상해없음,보행자,여,72세,중상
2021120800100117,2021년 12월 8일 08시,수요일,제주특별자치도 서귀포시 남원읍,경상사고,0,0,1,0,차대차 - 측면충돌,직진우회전진행방해,건조,맑음,단일로 - 기타,승용,남,41세,상해없음,승용,여,46세,경상
2021120800100170,2021년 12월 8일 10시,수요일,제주특별자치도 제주시 이도이동,중상사고,0,1,0,0,차대차 - 측면충돌,안전운전불이행,건조,맑음,단일로 - 기타,승용,남,69세,상해없음,이륜,남,61세,중상
2021120800100231,2021년 12월 8일 12시,수요일,제주특별자치도 서귀포시 서귀동,중상사고,0,1,0,0,차대차 - 측면충돌,차로위반,건조,맑음,교차로 - 교차로안,이륜,남,72세,중상,화물,남,48세,상해없음
2021120800100232,2021년 12월 8일 12시,수요일,제주특별자치도 서귀포시 표선면,중상사고,0,1,2,0,차대차 - 기타,안전거리미확보,건조,맑음,단일로 - 기타,승용,여,63세,상해없음,승용,남,36세,경상
2021120800100273,2021년 12월 8일 13시,수요일,제주특별자치도 제주시 한림읍,사망사고,1,0,0,1,차대차 - 기타,안전운전불이행,건조,맑음,단일로 - 기타,이륜,남,75세,사망,승용,남,21세,상해없음
2021120800100345,2021년 12월 8일 15시,수요일,제주특별자치도 제주시 아라일동,중상사고,0,2,0,0,차대차 - 기타,안전운전불이행,건조,맑음,기타 - 기타,승용,남,52세,상해없음,승용,여,58세,중상
2021120800100386,2021년 12월 8일 16시,수요일,제주특별자치도 제주시 연동,경상사고,0,0,1,0,차대차 - 기타,기타,건조,맑음,단일로 - 기타,승용,남,79세,상해없음,이륜,남,47세,경상
2021120800100490,2021년 12월 8일 18시,수요일,제주특별자치도 제주시 이도이동,중상사고,0,1,0,0,차대사람 - 횡단중,보행자보호의무위반,건조,맑음,단일로 - 기타,승용,남,29세,상해없음,보행자,여,56세,중상
2021120800100491,2021년 12월 8일 18시,수요일,제주특별자치도 제주시 아라일동,경상사고,0,0,1,0,차대차 - 측면충돌,교차로운행방법위반,건조,기타,교차로 - 교차로안,승용,남,49세,상해없음,승용,여,26세,경상
2021120800100492,2021년 12월 8일 18시,수요일,제주특별자치도 서귀포시 대정읍,중상사고,0,1,0,0,차대사람 - 기타,안전운전불이행,건조,맑음,주차장 - 주차장,승용,여,44세,상해없음,보행자,남,51세,중상
2021120800100534,2021년 12월 8일 19시,수요일,제주특별자치도 서귀포시 안덕면,중상사고,0,1,2,1,차대차 - 정면충돌,신호위반,건조,맑음,교차로 - 교차로안,승용,남,27세,부상신고,승용,여,39세,중상
2021120800100560,2021년 12월 8일 20시,수요일,제주특별자치도 제주시 화북이동,경상사고,0,0,3,0,차대차 - 정면충돌,중앙선침범,건조,맑음,교차로 - 교차로부근,승용,남,47세,상해없음,승용,여,40세,경상
2021120800100577,2021년 12월 8일 21시,수요일,제주특별자치도 제주시 연동,경상사고,0,0,5,0,차대차 - 추돌,안전운전불이행,건조,맑음,교차로 - 교차로부근,승용,남,50세,상해없음,승용,남,21세,경상
2021120800100597,2021년 12월 8일 22시,수요일,제주특별자치도 제주시 애월읍,경상사고,0,0,2,0,차대차 - 추돌,안전거리미확보,건조,맑음,단일로 - 기타,승용,여,48세,상해없음,승용,남,29세,경상
2021120900100005,2021년 12월 9일 00시,목요일,제주특별자치도 서귀포시 안덕면,부상신고사고,0,0,0,1,차량단독 - 전도전복 - 전도,안전운전불이행,건조,맑음,단일로 - 기타,화물,남,48세,부상신고,,,,
2021120900100016,2021년 12월 9일 01시,목요일,제주특별자치도 제주시 애월읍,경상사고,0,0,1,1,차대차 - 추돌,안전거리미확보,건조,맑음,단일로 - 기타,승용,남,23세,부상신고,승용,남,27세,경상
2021120900100129,2021년 12월 9일 09시,목요일,제주특별자치도 서귀포시 법환동,중상사고,0,1,0,0,차대차 - 측면충돌,안전운전불이행,건조,맑음,교차로 - 교차로안,이륜,남,69세,상해없음,승용,남,30세,중상
2021120900100221,2021년 12월 9일 13시,목요일,제주특별자치도 서귀포시 색달동,경상사고,0,0,1,0,차대차 - 기타,차로위반,건조,맑음,교차로 - 교차로부근,이륜,남,25세,경상,승용,여,25세,상해없음
2021120900100249,2021년 12월 9일 14시,목요일,제주특별자치도 제주시 애월읍,경상사고,0,0,1,0,차대차 - 기타,안전운전불이행,건조,맑음,단일로 - 기타,승용,남,32세,상해없음,승용,여,27세,경상
2021120900100270,2021년 12월 9일 15시,목요일,제주특별자치도 제주시 일도이동,경상사고,0,0,1,0,차대사람 - 횡단중,안전운전불이행,건조,맑음,단일로 - 기타,화물,남,41세,상해없음,보행자,남,79세,경상
2021120900100298,2021년 12월 9일 16시,목요일,제주특별자치도 제주시 노형동,경상사고,0,0,1,0,차대차 - 후진중충돌,안전운전불이행,건조,맑음,교차로 - 교차로안,승용,남,59세,상해없음,이륜,남,33세,경상
2021120900100403,2021년 12월 9일 18시,목요일,제주특별자치도 제주시 건입동,경상사고,0,0,1,0,차대차 - 측면충돌,안전운전불이행,건조,맑음,단일로 - 기타,승용,남,54세,상해없음,승용,여,41세,경상
2021120900100404,2021년 12월 9일 18시,목요일,제주특별자치도 제주시 이도이동,경상사고,0,0,1,0,차대차 - 기타,안전운전불이행,건조,맑음,단일로 - 기타,승용,여,26세,상해없음,승용,남,67세,경상
2021120900100405,2021년 12월 9일 18시,목요일,제주특별자치도 서귀포시 동홍동,경상사고,0,0,1,0,차대사람 - 기타,보행자보호의무위반,건조,맑음,교차로 - 교차로횡단보도내,승용,여,65세,상해없음,보행자,여,60세,경상
2021120900100406,2021년 12월 9일 18시,목요일,제주특별자치도 제주시 연동,중상사고,0,1,0,0,차대차 - 측면충돌,안전운전불이행,건조,맑음,교차로 - 교차로횡단보도내,개인형이동수단(PM),남,78세,중상,승용,남,49세,상해없음
2021120900100439,2021년 12월 9일 19시,목요일,제주특별자치도 제주시 화북일동,경상사고,0,0,2,0,차대차 - 측면충돌,신호위반,건조,맑음,교차로 - 교차로안,승용,남,46세,경상,승용,여,29세,경상
2021120900100493,2021년 12월 9일 21시,목요일,제주특별자치도 제주시 건입동,경상사고,0,0,2,0,차대차 - 측면충돌,안전운전불이행,건조,맑음,교차로 - 교차로안,승합,남,71세,상해없음,승용,남,48세,경상
2021121000100118,2021년 12월 10일 08시,금요일,제주특별자치도 제주시 용담이동,경상사고,0,0,1,0,차대차 - 기타,안전운전불이행,건조,맑음,단일로 - 기타,승용,남,31세,상해없음,승용,남,24세,경상
2021121000100154,2021년 12월 10일 09시,금요일,제주특별자치도 서귀포시 대정읍,경상사고,0,0,1,0,차대차 - 측면충돌,직진우회전진행방해,건조,맑음,교차로 - 교차로안,승용,여,62세,상해없음,승용,여,46세,경상
2021121000100238,2021년 12월 10일 12시,금요일,제주특별자치도 서귀포시 안덕면,중상사고,0,2,1,0,차량단독 - 도로외이탈 - 추락,안전운전불이행,건조,맑음,단일로 - 기타,화물,남,26세,경상,,,,
2021121000100239,2021년 12월 10일 12시,금요일,제주특별자치도 서귀포시 안덕면,경상사고,0,0,1,0,차대차 - 후진중충돌,안전운전불이행,건조,맑음,교차로 - 교차로안,승용,여,34세,상해없음,승용,여,39세,상해없음
2021121000100240,2021년 12월 10일 12시,금요일,제주특별자치도 서귀포시 성산읍,경상사고,0,0,2,0,차대차 - 측면충돌,안전거리미확보,건조,맑음,단일로 - 기타,승용,여,52세,경상,화물,남,31세,경상
2021121000100241,2021년 12월 10일 12시,금요일,제주특별자치도 제주시 외도일동,경상사고,0,0,1,1,차대차 - 측면충돌,안전운전불이행,건조,맑음,교차로 - 교차로안,승용,여,37세,부상신고,화물,남,58세,경상
2021121000100274,2021년 12월 10일 13시,금요일,제주특별자치도 서귀포시 안덕면,경상사고,0,0,1,1,차대차 - 측면충돌,안전운전불이행,건조,맑음,단일로 - 기타,화물,남,44세,부상신고,승용,여,60세,경상
2021121000100337,2021년 12월 10일 15시,금요일,제주특별자치도 제주시 건입동,경상사고,0,0,1,0,차대차 - 기타,안전운전불이행,건조,기타,교차로 - 교차로부근,승용,남,59세,경상,승용,남,39세,상해없음
2021121000100338,2021년 12월 10일 15시,금요일,제주특별자치도 서귀포시 표선면,경상사고,0,0,1,0,차대차 - 기타,직진우회전진행방해,건조,맑음,교차로 - 교차로안,화물,남,66세,상해없음,원동기,여,69세,경상
2021121000100482,2021년 12월 10일 18시,금요일,제주특별자치도 제주시 일도이동,중상사고,0,1,0,0,차대차 - 기타,안전거리미확보,건조,맑음,단일로 - 기타,승용,남,64세,상해없음,이륜,남,61세,중상
2021121000100483,2021년 12월 10일 18시,금요일,제주특별자치도 제주시 아라일동,경상사고,0,0,1,0,차대사람 - 횡단중,보행자보호의무위반,건조,맑음,단일로 - 기타,승용,남,37세,상해없음,보행자,여,18세,경상
2021121000100484,2021년 12월 10일 18시,금요일,제주특별자치도 제주시 해안동,부상신고사고,0,0,0,2,차대차 - 추돌,안전운전불이행,건조,맑음,단일로 - 기타,승용,남,43세,상해없음,승용,여,56세,부상신고
2021121000100544,2021년 12월 10일 19시,금요일,제주특별자치도 제주시 외도일동,경상사고,0,0,1,0,차대사람 - 길가장자리구역통행중,안전운전불이행,건조,흐림,단일로 - 기타,화물,남,55세,기타불명,보행자,남,63세,경상
2021121000100545,2021년 12월 10일 19시,금요일,제주특별자치도 제주시 한림읍,부상신고사고,0,0,0,1,차대사람 - 기타,안전운전불이행,건조,맑음,교차로 - 교차로부근,승용,남,61세,상해없음,보행자,남,13세,부상신고
2021121000100625,2021년 12월 10일 22시,금요일,제주특별자치도 서귀포시 서호동,중상사고,0,1,0,0,차대차 - 측면충돌,기타,건조,맑음,교차로 - 교차로안,승용,여,40세,상해없음,승용,남,32세,중상