사고번호,사고일시,요일,시군구,사고내용,사망자수,중상자수,경상자수,부상신고자수,사고유형,법규위반,노면상태,기상상태,도로형태,가해운전자 차종,가해운전자 성별,가해운전자 연령,가해운전자 상해정도,피해운전자 차종,피해운전자 성별,피해운전자 연령,피해운전자 상해정도
2021121100100073,2021년 12월 11일 06시,토요일,제주특별자치도 서귀포시 표선면,중상사고,0,1,0,0,차대차 - 측면충돌,직진우회전진행방해,건조,기타,교차로 - 교차로안,승용,남,61세,상해없음,승용,남,44세,중상
2021121100100074,2021년 12월 11일 06시,토요일,제주특별자치도 제주시 노형동,경상사고,0,0,2,0,차대차 - 정면충돌,안전운전불이행,건조,기타,교차로 - 교차로부근,승용,남,35세,상해없음,승용,여,58세,경상
2021121100100083,2021년 12월 11일 07시,토요일,제주특별자치도 제주시 일도이동,중상사고,0,1,0,0,차대사람 - 횡단중,보행자보호의무위반,건조,맑음,교차로 - 교차로횡단보도내,승용,남,27세,상해없음,보행자,남,69세,중상
2021121100100096,2021년 12월 11일 08시,토요일,제주특별자치도 제주시 영평동,중상사고,0,1,0,1,차대차 - 측면충돌,중앙선침범,건조,맑음,단일로 - 기타,승합,남,63세,상해없음,승용,남,51세,중상
2021121100100097,2021년 12월 11일 08시,토요일,제주특별자치도 제주시 연동,중상사고,0,1,0,0,차대차 - 추돌,기타,건조,맑음,단일로 - 기타,승용,남,36세,상해없음,자전거,남,59세,중상
2021121100100142,2021년 12월 11일 10시,토요일,제주특별자치도 제주시 해안동,경상사고,0,0,2,0,차대차 - 측면충돌,신호위반,건조,맑음,교차로 - 교차로안,승용,남,54세,상해없음,승용,남,61세,경상
2021121100100211,2021년 12월 11일 12시,토요일,제주특별자치도 제주시 구좌읍,중상사고,0,1,0,0,차대차 - 정면충돌,안전운전불이행,건조,맑음,단일로 - 기타,화물,남,26세,상해없음,이륜,남,42세,중상
2021121100100212,2021년 12월 11일 12시,토요일,제주특별자치도 제주시 연동,중상사고,0,1,0,0,차대차 - 기타,교차로운행방법위반,건조,맑음,교차로 - 교차로안,승용,남,57세,상해없음,이륜,여,29세,중상
2021121100100418,2021년 12월 11일 18시,토요일,제주특별자치도 서귀포시 남원읍,경상사고,0,0,2,0,차대차 - 추돌,안전운전불이행,건조,맑음,단일로 - 기타,승용,여,49세,상해없음,승용,여,46세,경상
2021121100100419,2021년 12월 11일 18시,토요일,제주특별자치도 제주시 노형동,부상신고사고,0,0,0,1,차대차 - 측면충돌,안전운전불이행,건조,맑음,단일로 - 기타,자전거,남,74세,부상신고,화물,남,53세,상해없음
2021121100100420,2021년 12월 11일 18시,토요일,제주특별자치도 제주시 노형동,경상사고,0,0,1,0,차대사람 - 횡단중,보행자보호의무위반,건조,맑음,교차로 - 교차로횡단보도내,승용,남,36세,상해없음,보행자,여,50세,경상
2021121100100455,2021년 12월 11일 19시,토요일,제주특별자치도 서귀포시 성산읍,경상사고,0,0,1,1,차대차 - 측면충돌,불법유턴,건조,기타,단일로 - 기타,승용,남,35세,부상신고,승용,남,58세,경상
2021121100100501,2021년 12월 11일 21시,토요일,제주특별자치도 서귀포시 표선면,경상사고,0,0,1,0,차대차 - 기타,안전운전불이행,건조,기타,단일로 - 기타,승용,남,41세,경상,건설기계,남,50세,기타불명
2021121200100016,2021년 12월 12일 00시,일요일,제주특별자치도 서귀포시 안덕면,사망사고,1,0,0,0,차량단독 - 전도전복 - 전복,안전운전불이행,건조,맑음,교차로 - 교차로안,승용,남,24세,사망,,,,
2021121200100017,2021년 12월 12일 00시,일요일,제주특별자치도 제주시 연동,경상사고,0,0,1,0,차대사람 - 기타,안전운전불이행,건조,맑음,단일로 - 기타,승용,여,31세,상해없음,보행자,남,46세,경상
2021121200100028,2021년 12월 12일 01시,일요일,제주특별자치도 서귀포시 안덕면,중상사고,0,1,0,0,차량단독 - 공작물충돌,안전운전불이행,건조,맑음,교차로 - 교차로부근,승용,남,33세,중상,,,,
2021121200100050,2021년 12월 12일 05시,일요일,제주특별자치도 제주시 용담이동,경상사고,0,0,5,0,차대차 - 기타,안전운전불이행,건조,맑음,단일로 - 기타,승용,남,43세,상해없음,승용,남,52세,상해없음
2021121200100064,2021년 12월 12일 07시,일요일,제주특별자치도 제주시 오라일동,중상사고,0,1,0,0,차대사람 - 횡단중,안전운전불이행,건조,맑음,교차로 - 교차로안,승용,남,50세,상해없음,보행자,여,60세,중상
2021121200100245,2021년 12월 12일 16시,일요일,제주특별자치도 제주시 일도이동,경상사고,0,0,1,0,차대차 - 기타,안전운전불이행,건조,맑음,단일로 - 기타,승용,여,46세,상해없음,승용,남,24세,경상
2021121200100246,2021년 12월 12일 16시,일요일,제주특별자치도 제주시 구좌읍,경상사고,0,0,1,0,차대차 - 측면충돌,안전운전불이행,건조,맑음,교차로 - 교차로안,승용,여,25세,상해없음,승용,여,42세,경상
2021121200100247,2021년 12월 12일 16시,일요일,제주특별자치도 서귀포시 성산읍,부상신고사고,0,0,0,2,차대차 - 측면충돌,직진우회전진행방해,건조,맑음,교차로 - 교차로안,승용,여,45세,부상신고,화물,남,55세,상해없음
2021121200100248,2021년 12월 12일 16시,일요일,제주특별자치도 제주시 연동,경상사고,0,0,1,0,차대차 - 기타,직진우회전진행방해,건조,맑음,교차로 - 교차로안,승용,남,63세,상해없음,승용,남,42세,경상
2021121200100304,2021년 12월 12일 18시,일요일,제주특별자치도 서귀포시 안덕면,경상사고,0,0,2,0,차대차 - 추돌,안전운전불이행,건조,맑음,단일로 - 기타,승용,남,34세,상해없음,승용,남,35세,경상
2021121200100400,2021년 12월 12일 22시,일요일,제주특별자치도 제주시 이도이동,경상사고,0,0,1,0,차대사람 - 기타,안전운전불이행,건조,맑음,단일로 - 기타,개인형이동수단(PM),남,14세,상해없음,보행자,여,24세,경상
2021121200100401,2021년 12월 12일 22시,일요일,제주특별자치도 제주시 노형동,경상사고,0,0,1,0,차대차 - 기타,안전거리미확보,건조,맑음,교차로 - 교차로횡단보도내,원동기,남,45세,상해없음,승용,여,31세,경상
2021121300100123,2021년 12월 13일 08시,월요일,제주특별자치도 제주시 일도이동,경상사고,0,0,1,0,차대차 - 기타,안전운전불이행,건조,맑음,단일로 - 기타,승합,남,44세,상해없음,승합,남,65세,상해없음
2021121300100157,2021년 12월 13일 09시,월요일,제주특별자치도 서귀포시 남원읍,경상사고,0,0,4,0,차대차 - 정면충돌,기타,건조,맑음,교차로 - 교차로안,승용,여,30세,경상,승용,여,49세,경상
2021121300100429,2021년 12월 13일 17시,월요일,제주특별자치도 서귀포시 동홍동,경상사고,0,0,1,0,차대차 - 기타,직진우회전진행방해,건조,맑음,교차로 - 교차로횡단보도내,화물,남,59세,상해없음,승용,여,35세,경상
2021121300100469,2021년 12월 13일 18시,월요일,제주특별자치도 서귀포시 신효동,중상사고,0,1,0,0,차대사람 - 횡단중,보행자보호의무위반,건조,맑음,교차로 - 교차로횡단보도내,승용,여,48세,상해없음,보행자,여,47세,중상
2021121300100471,2021년 12월 13일 18시,월요일,제주특별자치도 제주시 애월읍,부상신고사고,0,0,0,2,차대차 - 기타,불법유턴,건조,맑음,단일로 - 기타,승용,남,23세,상해없음,승용,남,27세,부상신고
2021121300100545,2021년 12월 13일 20시,월요일,제주특별자치도 제주시 이도이동,경상사고,0,0,1,0,차대차 - 기타,안전운전불이행,건조,맑음,교차로 - 교차로부근,승용,여,51세,상해없음,승용,남,25세,경상
2021121300100546,2021년 12월 13일 20시,월요일,제주특별자치도 제주시 노형동,사망사고,1,1,0,0,차대차 - 정면충돌,신호위반,건조,맑음,교차로 - 교차로안,화물,남,52세,상해없음,이륜,남,18세,사망
2021121300100594,2021년 12월 13일 23시,월요일,제주특별자치도 서귀포시 강정동,경상사고,0,0,1,0,차대차 - 추돌,안전운전불이행,건조,맑음,교차로 - 교차로부근,승용,남,32세,상해없음,이륜,남,19세,경상
2021121300100595,2021년 12월 13일 23시,월요일,제주특별자치도 제주시 이호이동,경상사고,0,0,1,0,차대차 - 추돌,안전운전불이행,건조,맑음,교차로 - 교차로부근,승용,남,53세,상해없음,승용,남,52세,경상
2021121400100046,2021년 12월 14일 06시,화요일,제주특별자치도 제주시 이도이동,중상사고,0,1,0,0,차대사람 - 횡단중,보행자보호의무위반,건조,맑음,단일로 - 기타,승용,남,83세,상해없음,보행자,여,74세,중상
2021121400100071,2021년 12월 14일 07시,화요일,제주특별자치도 제주시 화북일동,경상사고,0,0,1,0,차대차 - 측면충돌,교차로운행방법위반,건조,맑음,교차로 - 교차로안,승용,여,46세,상해없음,승용,남,42세,경상
2021121400100095,2021년 12월 14일 08시,화요일,제주특별자치도 서귀포시 대정읍,중상사고,0,1,0,0,차대사람 - 횡단중,안전운전불이행,건조,맑음,단일로 - 기타,화물,남,53세,상해없음,보행자,여,70세,중상
2021121400100124,2021년 12월 14일 09시,화요일,제주특별자치도 서귀포시 토평동,경상사고,0,0,2,0,차대차 - 측면충돌,직진우회전진행방해,건조,맑음,교차로 - 교차로안,승용,남,30세,상해없음,승용,여,53세,경상
2021121400100147,2021년 12월 14일 10시,화요일,제주특별자치도 제주시 한림읍,경상사고,0,0,2,0,차대차 - 추돌,안전운전불이행,건조,흐림,단일로 - 기타,승용,남,44세,경상,화물,남,52세,상해없음
2021121400100170,2021년 12월 14일 11시,화요일,제주특별자치도 제주시 일도이동,경상사고,0,0,1,0,차대차 - 추돌,안전운전불이행,건조,맑음,단일로 - 기타,승용,남,65세,경상,화물,남,70세,상해없음
2021121400100171,2021년 12월 14일 11시,화요일,제주특별자치도 제주시 노형동,경상사고,0,0,1,0,차대차 - 추돌,안전운전불이행,건조,맑음,단일로 - 기타,승용,남,44세,상해없음,승용,남,41세,경상
2021121400100309,2021년 12월 14일 16시,화요일,제주특별자치도 제주시 연동,경상사고,0,0,1,0,차대차 - 측면충돌,직진우회전진행방해,건조,맑음,교차로 - 교차로안,이륜,남,31세,경상,승합,여,56세,상해없음
2021121400100416,2021년 12월 14일 18시,화요일,제주특별자치도 서귀포시 회수동,경상사고,0,0,2,0,차대차 - 측면충돌,안전거리미확보,건조,맑음,교차로 - 교차로안,승용,여,30세,상해없음,승용,남,82세,경상
2021121500100161,2021년 12월 15일 09시,수요일,제주특별자치도 제주시 애월읍,경상사고,0,0,1,0,차대차 - 추돌,안전거리미확보,건조,맑음,단일로 - 기타,화물,남,52세,상해없음,승용,남,51세,경상
2021121500100190,2021년 12월 15일 10시,수요일,제주특별자치도 서귀포시 하효동,중상사고,0,1,0,0,차대차 - 측면충돌,기타,건조,맑음,교차로 - 교차로안,이륜,남,60세,중상,승용,남,65세,상해없음
2021121500100220,2021년 12월 15일 11시,수요일,제주특별자치도 서귀포시 안덕면,경상사고,0,0,3,0,차대차 - 추돌,안전거리미확보,건조,맑음,교차로 - 교차로부근,화물,남,76세,상해없음,승용,남,59세,경상
2021121500100332,2021년 12월 15일 15시,수요일,제주특별자치도 제주시 외도일동,경상사고,0,0,1,0,차대차 - 측면충돌,기타,건조,맑음,교차로 - 교차로안,승용,여,61세,상해없음,개인형이동수단(PM),여,18세,경상
2021121500100394,2021년 12월 15일 17시,수요일,제주특별자치도 서귀포시 안덕면,경상사고,0,0,4,0,차대차 - 추돌,안전거리미확보,건조,맑음,교차로 - 교차로부근,화물,남,45세,상해없음,승용,남,52세,경상
2021121500100395,2021년 12월 15일 17시,수요일,제주특별자치도 서귀포시 동홍동,경상사고,0,0,1,0,차대차 - 측면충돌,직진우회전진행방해,건조,맑음,교차로 - 교차로안,승합,여,46세,상해없음,이륜,남,45세,경상
2021121500100519,2021년 12월 15일 19시,수요일,제주특별자치도 제주시 화북일동,중상사고,0,1,0,0,차대사람 - 횡단중,안전운전불이행,건조,맑음,단일로 - 기타,승용,남,29세,상해없음,보행자,남,18세,중상
2021121500100578,2021년 12월 15일 21시,수요일,제주특별자치도 제주시 연동,경상사고,0,0,1,0,차대사람 - 차도통행중,기타,건조,맑음,교차로 - 교차로부근,승용,남,30세,상해없음,보행자,남,59세,경상
2021121500100579,2021년 12월 15일 21시,수요일,제주특별자치도 제주시 외도일동,경상사고,0,0,1,0,차대차 - 측면충돌,안전운전불이행,건조,맑음,단일로 - 기타,승용,남,43세,상해없음,승용,여,37세,경상
2021121500100613,2021년 12월 15일 23시,수요일,제주특별자치도 서귀포시 중문동,사망사고,1,0,0,0,차대사람 - 기타,안전운전불이행,건조,맑음,단일로 - 기타,승용,남,43세,상해없음,보행자,남,62세,사망
2021121600100074,2021년 12월 16일 07시,목요일,제주특별자치도 제주시 이도이동,경상사고,0,0,2,0,차대차 - 기타,안전운전불이행,젖음/습기,비,교차로 - 교차로부근,승용,남,28세,상해없음,승합,여,51세,경상
2021121600100100,2021년 12월 16일 08시,목요일,제주특별자치도 서귀포시 색달동,중상사고,0,1,0,0,차대차 - 정면충돌,중앙선침범,젖음/습기,비,단일로 - 기타,승용,여,30세,상해없음,화물,남,42세,중상
2021121600100101,2021년 12월 16일 08시,목요일,제주특별자치도 제주시 용담이동,부상신고사고,0,0,0,1,차대차 - 측면충돌,신호위반,젖음/습기,비,교차로 - 교차로안,화물,여,65세,부상신고,승용,남,48세,상해없음
2021121600100182,2021년 12월 16일 11시,목요일,제주특별자치도 제주시 화북이동,중상사고,0,1,0,0,차대차 - 추돌,안전운전불이행,젖음/습기,비,교차로 - 교차로부근,승용,여,48세,상해없음,승용,남,30세,중상
2021121600100183,2021년 12월 16일 11시,목요일,제주특별자치도 제주시 아라이동,경상사고,0,0,2,0,차대차 - 측면충돌,신호위반,건조,맑음,교차로 - 교차로안,승용,남,76세,상해없음,승용,남,37세,경상
2021121600100184,2021년 12월 16일 11시,목요일,제주특별자치도 서귀포시 성산읍,중상사고,0,1,0,0,차대사람 - 기타,안전운전불이행,건조,맑음,기타 - 기타,승용,남,50세,상해없음,보행자,여,74세,중상
2021121600100186,2021년 12월 16일 11시,목요일,제주특별자치도 제주시 용담이동,경상사고,0,0,1,0,차대차 - 측면충돌,안전운전불이행,건조,맑음,교차로 - 교차로안,승용,남,48세,기타불명,승용,남,28세,경상
2021121600100294,2021년 12월 16일 15시,목요일,제주특별자치도 제주시 조천읍,경상사고,0,0,1,0,차대차 - 기타,교차로운행방법위반,건조,맑음,교차로 - 교차로안,화물,남,56세,상해없음,화물,남,38세,경상
2021121600100319,2021년 12월 16일 16시,목요일,제주특별자치도 제주시 연동,경상사고,0,0,1,0,차대차 - 측면충돌,안전운전불이행,건조,맑음,교차로 - 교차로안,승용,여,41세,경상,승용,여,28세,상해없음
2021121600100362,2021년 12월 16일 17시,목요일,제주특별자치도 제주시 내도동,중상사고,0,1,0,0,차량단독 - 기타,안전운전불이행,건조,흐림,단일로 - 기타,이륜,남,19세,중상,,,,
2021121600100466,2021년 12월 16일 20시,목요일,제주특별자치도 서귀포시 색달동,경상사고,0,0,1,0,차대사람 - 횡단중,중앙선침범,건조,맑음,단일로 - 기타,승용,여,48세,상해없음,보행자,여,39세,경상
2021121700100082,2021년 12월 17일 07시,금요일,제주특별자치도 제주시 화북이동,경상사고,0,0,2,0,차대차 - 측면충돌,중앙선침범,건조,맑음,단일로 - 기타,승용,남,23세,상해없음,승용,남,46세,경상
2021121700100108,2021년 12월 17일 08시,금요일,제주특별자치도 제주시 삼도일동,경상사고,0,0,2,0,차대차 - 측면충돌,안전거리미확보,건조,맑음,기타 - 기타,승용,여,58세,상해없음,승용,여,48세,경상
2021121700100132,2021년 12월 17일 09시,금요일,제주특별자치도 서귀포시 색달동,경상사고,0,0,1,0,차대사람 - 기타,안전운전불이행,건조,맑음,기타 - 기타,승용,남,37세,상해없음,보행자,남,5세,경상
2021121700100199,2021년 12월 17일 11시,금요일,제주특별자치도 제주시 용담이동,경상사고,0,0,1,0,차대차 - 기타,안전거리미확보,건조,맑음,단일로 - 기타,승용,남,26세,상해없음,승용,남,32세,경상
2021121700100230,2021년 12월 17일 12시,금요일,제주특별자치도 서귀포시 대정읍,경상사고,0,0,4,0,차대차 - 추돌,안전운전불이행,건조,맑음,교차로 - 교차로부근,승용,여,58세,상해없음,승용,남,25세,경상
2021121700100263,2021년 12월 17일 13시,금요일,제주특별자치도 서귀포시 성산읍,경상사고,0,0,2,0,차대차 - 기타,안전거리미확보,건조,흐림,단일로 - 기타,화물,남,68세,상해없음,화물,여,59세,경상
2021121700100337,2021년 12월 17일 15시,금요일,제주특별자치도 제주시 조천읍,경상사고,0,0,2,0,차대차 - 추돌,안전운전불이행,젖음/습기,흐림,교차로 - 교차로부근,화물,남,38세,상해없음,승용,남,31세,경상
2021121700100380,2021년 12월 17일 16시,금요일,제주특별자치도 서귀포시 서귀동,중상사고,0,1,0,0,차대차 - 추돌,안전운전불이행,건조,맑음,단일로 - 기타,승용,남,51세,상해없음,승용,여,50세,중상
2021121700100435,2021년 12월 17일 17시,금요일,제주특별자치도 제주시 조천읍,경상사고,0,0,1,0,차대사람 - 횡단중,안전운전불이행,젖음/습기,눈,단일로 - 기타,화물,여,56세,상해없음,보행자,남,55세,경상
2021121700100436,2021년 12월 17일 17시,금요일,제주특별자치도 서귀포시 신효동,부상신고사고,0,0,0,1,차대차 - 측면충돌,직진우회전진행방해,건조,맑음,교차로 - 교차로부근,화물,여,55세,상해없음,승용,남,35세,부상신고
2021121700100510,2021년 12월 17일 18시,금요일,제주특별자치도 제주시 영평동,경상사고,0,0,1,0,차대차 - 기타,안전운전불이행,서리/결빙,맑음,교차로 - 교차로부근,화물,남,65세,상해없음,승용,남,35세,경상
2021121700100511,2021년 12월 17일 18시,금요일,제주특별자치도 제주시 한림읍,중상사고,0,1,4,0,차대차 - 기타,신호위반,젖음/습기,눈,교차로 - 교차로안,이륜,여,50세,중상,승용,여,43세,경상
2021121700100512,2021년 12월 17일 18시,금요일,제주특별자치도 제주시 노형동,경상사고,0,0,1,0,차대사람 - 횡단중,안전운전불이행,건조,맑음,교차로 - 교차로부근,승용,남,40세,상해없음,보행자,여,60세,경상
2021121700100566,2021년 12월 17일 19시,금요일,제주특별자치도 서귀포시 회수동,경상사고,0,0,1,0,차대차 - 측면충돌,안전운전불이행,젖음/습기,눈,단일로 - 기타,승용,남,45세,상해없음,승용,여,27세,경상
2021121700100606,2021년 12월 17일 20시,금요일,제주특별자치도 제주시 아라이동,경상사고,0,0,1,0,차대사람 - 횡단중,안전운전불이행,젖음/습기,흐림,교차로 - 교차로부근,승용,남,58세,상해없음,보행자,여,18세,경상
2021121700100607,2021년 12월 17일 20시,금요일,제주특별자치도 제주시 삼도일동,경상사고,0,0,3,0,차대차 - 추돌,안전운전불이행,건조,맑음,단일로 - 기타,승용,남,41세,상해없음,승용,여,35세,경상
2021121700100669,2021년 12월 17일 22시,금요일,제주특별자치도 제주시 삼도일동,중상사고,0,1,0,0,차대사람 - 보도통행중,기타,건조,맑음,단일로 - 기타,승용,여,47세,상해없음,보행자,남,44세,중상
2021121800100021,2021년 12월 18일 00시,토요일,제주특별자치도 서귀포시 안덕면,경상사고,0,0,1,0,차대차 - 추돌,안전운전불이행,서리/결빙,눈,단일로 - 기타,승용,남,36세,상해없음,승용,여,30세,경상
2021121800100022,2021년 12월 18일 00시,토요일,제주특별자치도 서귀포시 안덕면,경상사고,0,0,1,0,차대차 - 측면충돌,안전운전불이행,서리/결빙,눈,단일로 - 기타,승용,남,46세,상해없음,화물,남,34세,경상
2021121800100050,2021년 12월 18일 01시,토요일,제주특별자치도 제주시 봉개동,경상사고,0,0,2,0,차량단독 - 도로외이탈 - 기타,안전운전불이행,서리/결빙,눈,단일로 - 기타,승용,여,40세,상해없음,,,,
2021121800100083,2021년 12월 18일 06시,토요일,제주특별자치도 제주시 봉개동,경상사고,0,0,1,0,차대차 - 기타,안전운전불이행,서리/결빙,눈,단일로 - 기타,승합,남,58세,경상,화물,남,44세,상해없음
2021121800100106,2021년 12월 18일 08시,토요일,제주특별자치도 제주시 용담이동,경상사고,0,0,6,1,차대차 - 기타,안전운전불이행,건조,맑음,단일로 - 기타,승용,남,69세,상해없음,승용,남,23세,부상신고
2021121800100241,2021년 12월 18일 13시,토요일,제주특별자치도 제주시 노형동,경상사고,0,0,1,0,차대사람 - 횡단중,신호위반,건조,맑음,교차로 - 교차로안,원동기,남,54세,상해없음,보행자,여,22세,경상
2021121800100336,2021년 12월 18일 15시,토요일,제주특별자치도 서귀포시 성산읍,경상사고,0,0,2,0,차대차 - 정면충돌,안전운전불이행,건조,맑음,단일로 - 기타,이륜,여,50세,경상,승용,남,24세,상해없음
2021121800100337,2021년 12월 18일 15시,토요일,제주특별자치도 서귀포시 남원읍,경상사고,0,0,1,0,차대차 - 측면충돌,안전운전불이행,건조,맑음,단일로 - 기타,승용,여,43세,상해없음,화물,남,29세,경상
2021121800100483,2021년 12월 18일 18시,토요일,제주특별자치도 제주시 구좌읍,경상사고,0,0,1,0,차대차 - 기타,안전운전불이행,건조,맑음,단일로 - 기타,승용,여,47세,상해없음,원동기,여,45세,경상
2021121800100484,2021년 12월 18일 18시,토요일,제주특별자치도 제주시 노형동,경상사고,0,0,2,0,차대차 - 측면충돌,안전운전불이행,건조,맑음,단일로 - 기타,승용,남,60세,상해없음,승용,남,35세,경상
2021121800100541,2021년 12월 18일 20시,토요일,제주특별자치도 제주시 연동,경상사고,0,0,1,0,차대차 - 측면충돌,안전운전불이행,건조,맑음,단일로 - 기타,승용,남,52세,상해없음,승용,여,27세,경상
2021121800100573,2021년 12월 18일 21시,토요일,제주특별자치도 제주시 삼도일동,경상사고,0,0,3,0,차대차 - 기타,안전운전불이행,젖음/습기,비,교차로 - 교차로부근,승용,남,44세,상해없음,승용,남,61세,경상
2021121800100597,2021년 12월 18일 22시,토요일,제주특별자치도 제주시 연동,부상신고사고,0,0,0,1,차대차 - 정면충돌,안전운전불이행,건조,맑음,단일로 - 기타,승용,남,40세,상해없음,승용,남,26세,부상신고
2021121900100031,2021년 12월 19일 04시,일요일,제주특별자치도 제주시 애월읍,중상사고,0,1,1,0,차대차 - 기타,안전운전불이행,건조,맑음,교차로 - 교차로안,승용,남,30세,상해없음,승용,여,49세,경상
2021121900100077,2021년 12월 19일 10시,일요일,제주특별자치도 서귀포시 성산읍,부상신고사고,0,0,0,1,차대차 - 측면충돌,교차로운행방법위반,건조,맑음,교차로 - 교차로안,화물,남,51세,상해없음,승용,남,45세,부상신고
2021121900100114,2021년 12월 19일 12시,일요일,제주특별자치도 서귀포시 안덕면,경상사고,0,0,1,1,차대차 - 추돌,안전거리미확보,건조,맑음,단일로 - 기타,이륜,남,60세,부상신고,이륜,남,63세,경상
2021121900100143,2021년 12월 19일 13시,일요일,제주특별자치도 서귀포시 동홍동,중상사고,0,1,1,0,차대사람 - 기타,안전운전불이행,건조,맑음,기타 - 기타,원동기,남,73세,상해없음,보행자,여,46세,중상
2021121900100195,2021년 12월 19일 15시,일요일,제주특별자치도 제주시 애월읍,중상사고,0,1,0,0,차량단독 - 공작물충돌,안전운전불이행,건조,맑음,단일로 - 기타,이륜,남,73세,중상,,,,
2021121900100219,2021년 12월 19일 16시,일요일,제주특별자치도 서귀포시 서호동,경상사고,0,0,1,0,차대사람 - 횡단중,보행자보호의무위반,건조,맑음,교차로 - 교차로횡단보도내,승용,남,32세,상해없음,보행자,여,9세,경상
2021121900100263,2021년 12월 19일 18시,일요일,제주특별자치도 서귀포시 보목동,경상사고,0,0,1,0,차대사람 - 차도통행중,안전운전불이행,건조,기타,단일로 - 기타,화물,남,24세,상해없음,보행자,여,86세,경상
2021121900100283,2021년 12월 19일 19시,일요일,제주특별자치도 서귀포시 색달동,경상사고,0,0,1,0,차대차 - 측면충돌,안전운전불이행,건조,맑음,단일로 - 기타,승용,남,30세,상해없음,승용,남,25세,경상
2021121900100315,2021년 12월 19일 20시,일요일,제주특별자치도 제주시 이도이동,중상사고,0,1,0,0,차대사람 - 횡단중,보행자보호의무위반,건조,맑음,교차로 - 교차로횡단보도내,승용,남,67세,상해없음,보행자,남,27세,중상
2021121900100362,2021년 12월 19일 23시,일요일,제주특별자치도 제주시 연동,경상사고,0,0,1,0,차대차 - 기타,안전운전불이행,건조,맑음,단일로 - 기타,승용,여,51세,경상,승용,남,25세,상해없음
2021122000100115,2021년 12월 20일 09시,월요일,제주특별자치도 서귀포시 서홍동,경상사고,0,0,1,1,차대차 - 추돌,안전거리미확보,건조,맑음,교차로 - 교차로부근,건설기계,남,39세,상해없음,승용,여,58세,경상
2021122000100116,2021년 12월 20일 09시,월요일,제주특별자치도 제주시 연동,경상사고,0,0,1,0,차대차 - 기타,안전거리미확보,건조,맑음,교차로 - 교차로안,승용,여,22세,기타불명,승용,남,40세,경상
2021122000100170,2021년 12월 20일 11시,월요일,제주특별자치도 제주시 화북이동,경상사고,0,0,1,0,차대차 - 기타,안전운전불이행,건조,맑음,교차로 - 교차로부근,화물,남,48세,기타불명,승용,남,68세,경상
2021122000100206,2021년 12월 20일 12시,월요일,제주특별자치도 서귀포시 서귀동,중상사고,0,1,0,0,차대차 - 기타,안전운전불이행,건조,맑음,단일로 - 기타,승용,남,48세,상해없음,이륜,남,25세,중상
2021122000100273,2021년 12월 20일 14시,월요일,제주특별자치도 제주시 노형동,경상사고,0,0,1,0,차대사람 - 횡단중,보행자보호의무위반,건조,맑음,교차로 - 교차로횡단보도내,승용,여,40세,상해없음,보행자,남,76세,경상
2021122000100322,2021년 12월 20일 15시,월요일,제주특별자치도 제주시 월평동,중상사고,0,1,2,0,차대차 - 기타,안전운전불이행,건조,맑음,교차로 - 교차로부근,화물,남,63세,상해없음,승용,남,38세,경상
2021122000100356,2021년 12월 20일 16시,월요일,제주특별자치도 제주시 일도이동,경상사고,0,0,2,0,차대차 - 측면충돌,안전거리미확보,건조,맑음,단일로 - 기타,화물,남,56세,상해없음,승용,여,41세,경상
2021122000100357,2021년 12월 20일 16시,월요일,제주특별자치도 서귀포시 토평동,중상사고,0,4,1,0,차대사람 - 기타,안전운전불이행,건조,맑음,단일로 - 기타,승용,남,79세,상해없음,보행자,남,63세,중상
2021122000100358,2021년 12월 20일 16시,월요일,제주특별자치도 제주시 노형동,중상사고,0,1,1,1,차대차 - 기타,직진우회전진행방해,건조,맑음,교차로 - 교차로안,승용,남,53세,경상,승용,남,25세,부상신고
2021122000100415,2021년 12월 20일 17시,월요일,제주특별자치도 서귀포시 남원읍,경상사고,0,0,3,0,차대차 - 측면충돌,직진우회전진행방해,건조,맑음,교차로 - 교차로안,승용,여,49세,경상,승용,남,50세,경상
2021122000100563,2021년 12월 20일 20시,월요일,제주특별자치도 제주시 이도일동,중상사고,0,1,0,0,차대사람 - 차도통행중,안전운전불이행,건조,맑음,단일로 - 기타,승용,남,60세,상해없음,보행자,여,52세,중상
2021122000100564,2021년 12월 20일 20시,월요일,제주특별자치도 제주시 화북이동,사망사고,1,0,0,0,차대차 - 추돌,안전운전불이행,건조,맑음,단일로 - 기타,승용,여,31세,상해없음,승용,남,38세,상해없음
2021122000100565,2021년 12월 20일 20시,월요일,제주특별자치도 제주시 애월읍,중상사고,0,1,0,0,차대사람 - 횡단중,안전운전불이행,건조,맑음,단일로 - 기타,승용,여,53세,상해없음,보행자,남,48세,중상