사고번호,사고일시,요일,시군구,사고내용,사망자수,중상자수,경상자수,부상신고자수,사고유형,법규위반,노면상태,기상상태,도로형태,가해운전자 차종,가해운전자 성별,가해운전자 연령,가해운전자 상해정도,피해운전자 차종,피해운전자 성별,피해운전자 연령,피해운전자 상해정도
2021122100100066,2021년 12월 21일 07시,화요일,제주특별자치도 제주시 이도일동,경상사고,0,0,1,0,차대차 - 측면충돌,안전운전불이행,건조,맑음,단일로 - 기타,화물,남,64세,상해없음,승용,남,49세,기타불명
2021122100100150,2021년 12월 21일 10시,화요일,제주특별자치도 제주시 화북이동,경상사고,0,0,1,0,차대사람 - 차도통행중,안전운전불이행,건조,맑음,단일로 - 기타,화물,남,40세,상해없음,보행자,여,83세,경상
2021122100100152,2021년 12월 21일 10시,화요일,제주특별자치도 서귀포시 안덕면,중상사고,0,1,0,0,차대차 - 측면충돌,안전운전불이행,건조,맑음,단일로 - 기타,승용,남,40세,상해없음,이륜,남,46세,중상
2021122100100184,2021년 12월 21일 11시,화요일,제주특별자치도 제주시 해안동,경상사고,0,0,1,0,차대차 - 기타,안전운전불이행,건조,맑음,단일로 - 기타,화물,남,49세,상해없음,승용,여,52세,경상
2021122100100296,2021년 12월 21일 15시,화요일,제주특별자치도 서귀포시 대정읍,경상사고,0,0,1,0,차대차 - 측면충돌,중앙선침범,건조,맑음,교차로 - 교차로안,자전거,남,14세,경상,승용,남,64세,상해없음
2021122100100402,2021년 12월 21일 18시,화요일,제주특별자치도 제주시 이도이동,경상사고,0,0,1,0,차대사람 - 횡단중,보행자보호의무위반,건조,맑음,교차로 - 교차로횡단보도내,승용,남,37세,상해없음,보행자,여,71세,경상
2021122100100403,2021년 12월 21일 18시,화요일,제주특별자치도 서귀포시 안덕면,중상사고,0,2,0,0,차대차 - 정면충돌,신호위반,건조,기타,교차로 - 교차로안,승용,여,53세,상해없음,승용,남,60세,중상
2021122100100404,2021년 12월 21일 18시,화요일,제주특별자치도 제주시 연동,경상사고,0,0,1,0,차대사람 - 차도통행중,안전운전불이행,건조,맑음,단일로 - 기타,승용,남,33세,상해없음,보행자,여,36세,경상
2021122100100455,2021년 12월 21일 19시,화요일,제주특별자치도 제주시 아라일동,중상사고,0,1,0,0,차량단독 - 기타,안전운전불이행,기타,맑음,단일로 - 기타,이륜,남,38세,중상,,,,
2021122100100521,2021년 12월 21일 21시,화요일,제주특별자치도 제주시 구좌읍,중상사고,0,1,0,0,차량단독 - 기타,안전운전불이행,건조,맑음,단일로 - 기타,이륜,남,29세,중상,,,,
2021122200100085,2021년 12월 22일 08시,수요일,제주특별자치도 제주시 조천읍,경상사고,0,0,1,0,차대차 - 측면충돌,안전운전불이행,건조,맑음,교차로 - 교차로안,승용,여,48세,상해없음,승용,여,41세,경상
2021122200100086,2021년 12월 22일 08시,수요일,제주특별자치도 제주시 애월읍,경상사고,0,0,2,0,차대차 - 기타,안전운전불이행,건조,맑음,단일로 - 기타,승용,여,63세,기타불명,화물,남,52세,경상
2021122200100128,2021년 12월 22일 09시,수요일,제주특별자치도 서귀포시 호근동,경상사고,0,0,1,0,차대차 - 측면충돌,안전운전불이행,건조,맑음,기타 - 기타,승용,남,29세,상해없음,이륜,남,51세,경상
2021122200100158,2021년 12월 22일 10시,수요일,제주특별자치도 제주시 노형동,경상사고,0,0,2,0,차대차 - 기타,직진우회전진행방해,건조,맑음,교차로 - 교차로안,승용,남,23세,상해없음,승용,여,34세,경상
2021122200100186,2021년 12월 22일 11시,수요일,제주특별자치도 제주시 삼도일동,경상사고,0,0,1,0,차대차 - 측면충돌,직진우회전진행방해,건조,맑음,교차로 - 교차로안,승용,남,19세,상해없음,승용,여,44세,경상
2021122200100220,2021년 12월 22일 12시,수요일,제주특별자치도 제주시 용담이동,경상사고,0,0,4,0,차대차 - 기타,안전운전불이행,건조,맑음,교차로 - 교차로안,승용,여,57세,상해없음,승용,여,55세,경상
2021122200100293,2021년 12월 22일 14시,수요일,제주특별자치도 제주시 연동,경상사고,0,0,1,0,차대사람 - 기타,보행자보호의무위반,건조,맑음,단일로 - 기타,승용,여,51세,상해없음,보행자,남,29세,경상
2021122200100372,2021년 12월 22일 16시,수요일,제주특별자치도 서귀포시 법환동,중상사고,0,2,0,0,차대차 - 후진중충돌,안전운전불이행,건조,맑음,교차로 - 교차로부근,승용,남,40세,상해없음,승용,남,30세,중상
2021122200100518,2021년 12월 22일 19시,수요일,제주특별자치도 제주시 조천읍,경상사고,0,0,2,0,차대차 - 추돌,안전운전불이행,건조,맑음,교차로 - 교차로부근,화물,남,42세,상해없음,승용,여,49세,경상
2021122300100058,2021년 12월 23일 07시,목요일,제주특별자치도 제주시 회천동,경상사고,0,0,1,0,차대차 - 기타,중앙선침범,건조,맑음,단일로 - 기타,승용,남,22세,상해없음,화물,남,39세,경상
2021122300100140,2021년 12월 23일 10시,목요일,제주특별자치도 제주시 이도이동,경상사고,0,0,1,0,차대차 - 기타,교차로운행방법위반,건조,맑음,교차로 - 교차로부근,이륜,남,29세,상해없음,원동기,여,59세,경상
2021122300100141,2021년 12월 23일 10시,목요일,제주특별자치도 서귀포시 토평동,경상사고,0,0,1,0,차대차 - 측면충돌,안전운전불이행,건조,맑음,단일로 - 기타,화물,남,64세,상해없음,화물,남,53세,경상
2021122300100169,2021년 12월 23일 11시,목요일,제주특별자치도 서귀포시 색달동,경상사고,0,0,2,0,차대차 - 측면충돌,안전거리미확보,건조,맑음,교차로 - 교차로부근,승용,남,24세,경상,화물,남,54세,상해없음
2021122300100227,2021년 12월 23일 13시,목요일,제주특별자치도 서귀포시 서홍동,경상사고,0,0,1,0,차대차 - 측면충돌,안전운전불이행,건조,맑음,교차로 - 교차로안,승용,여,46세,상해없음,이륜,남,25세,경상
2021122300100228,2021년 12월 23일 13시,목요일,제주특별자치도 서귀포시 대정읍,사망사고,1,1,2,0,차대차 - 정면충돌,기타,건조,맑음,교차로 - 교차로안,승용,남,40세,상해없음,승용,여,66세,중상
2021122300100322,2021년 12월 23일 16시,목요일,제주특별자치도 서귀포시 대포동,경상사고,0,0,1,0,차대차 - 정면충돌,중앙선침범,건조,맑음,단일로 - 기타,승용,남,34세,상해없음,승용,남,32세,경상
2021122300100368,2021년 12월 23일 17시,목요일,제주특별자치도 제주시 일도이동,경상사고,0,0,1,0,차대차 - 기타,안전운전불이행,건조,맑음,교차로 - 교차로부근,승용,남,67세,상해없음,승용,여,49세,경상
2021122300100370,2021년 12월 23일 17시,목요일,제주특별자치도 제주시 연동,경상사고,0,0,1,0,차대차 - 측면충돌,안전거리미확보,건조,맑음,교차로 - 교차로부근,승용,남,54세,상해없음,승용,여,53세,경상
2021122300100429,2021년 12월 23일 18시,목요일,제주특별자치도 제주시 삼양이동,경상사고,0,0,1,0,차대사람 - 횡단중,보행자보호의무위반,건조,맑음,교차로 - 교차로횡단보도내,승용,남,72세,상해없음,보행자,남,9세,경상
2021122300100470,2021년 12월 23일 19시,목요일,제주특별자치도 제주시 용담이동,경상사고,0,0,1,0,차대사람 - 기타,보행자보호의무위반,건조,맑음,교차로 - 교차로부근,승용,남,56세,상해없음,보행자,남,32세,경상
2021122300100506,2021년 12월 23일 20시,목요일,제주특별자치도 제주시 노형동,경상사고,0,0,1,0,차대차 - 기타,안전거리미확보,건조,맑음,단일로 - 기타,승용,남,33세,상해없음,승합,남,47세,상해없음
2021122300100538,2021년 12월 23일 21시,목요일,제주특별자치도 제주시 화북이동,경상사고,0,0,1,0,차대차 - 기타,신호위반,건조,맑음,교차로 - 교차로부근,승용,남,30세,상해없음,승용,남,41세,경상
2021122400100006,2021년 12월 24일 00시,금요일,제주특별자치도 서귀포시 표선면,경상사고,0,0,1,0,차대사람 - 길가장자리구역통행중,안전운전불이행,건조,맑음,단일로 - 기타,승용,여,44세,상해없음,보행자,여,18세,경상
2021122400100067,2021년 12월 24일 07시,금요일,제주특별자치도 제주시 건입동,중상사고,0,1,0,0,차대사람 - 기타,안전운전불이행,건조,맑음,단일로 - 기타,승용,남,73세,상해없음,보행자,여,73세,중상
2021122400100068,2021년 12월 24일 07시,금요일,제주특별자치도 제주시 도남동,경상사고,0,0,1,0,차대차 - 추돌,안전거리미확보,건조,맑음,교차로 - 교차로부근,승용,남,55세,상해없음,승용,여,27세,경상
2021122400100096,2021년 12월 24일 08시,금요일,제주특별자치도 서귀포시 안덕면,경상사고,0,0,1,0,차대차 - 정면충돌,신호위반,건조,맑음,교차로 - 교차로안,승용,여,38세,상해없음,승용,여,35세,경상
2021122400100144,2021년 12월 24일 10시,금요일,제주특별자치도 서귀포시 하원동,중상사고,0,1,1,0,차량단독 - 공작물충돌,안전운전불이행,건조,맑음,단일로 - 기타,승용,남,28세,경상,,,,
2021122400100174,2021년 12월 24일 11시,금요일,제주특별자치도 제주시 건입동,경상사고,0,0,1,0,차대차 - 측면충돌,직진우회전진행방해,건조,맑음,교차로 - 교차로안,승용,남,52세,상해없음,승용,남,46세,경상
2021122400100175,2021년 12월 24일 11시,금요일,제주특별자치도 서귀포시 중문동,중상사고,0,1,0,0,차대사람 - 기타,안전운전불이행,건조,맑음,기타 - 기타,승용,여,61세,상해없음,보행자,여,77세,중상
2021122400100202,2021년 12월 24일 12시,금요일,제주특별자치도 서귀포시 남원읍,경상사고,0,0,2,0,차대차 - 추돌,안전운전불이행,건조,맑음,교차로 - 교차로안,승용,남,41세,상해없음,승용,여,33세,경상
2021122400100290,2021년 12월 24일 15시,금요일,제주특별자치도 제주시 구좌읍,경상사고,0,0,1,0,차대사람 - 횡단중,기타,건조,맑음,교차로 - 교차로안,화물,남,65세,상해없음,보행자,여,12세,경상
2021122400100433,2021년 12월 24일 18시,금요일,제주특별자치도 제주시 노형동,중상사고,0,1,0,0,차대사람 - 기타,안전운전불이행,건조,기타,교차로 - 교차로부근,승용,남,76세,상해없음,보행자,남,27세,중상
2021122400100497,2021년 12월 24일 19시,금요일,제주특별자치도 제주시 노형동,경상사고,0,0,1,0,차대차 - 기타,안전운전불이행,건조,맑음,교차로 - 교차로안,원동기,남,22세,경상,승용,여,52세,상해없음
2021122400100544,2021년 12월 24일 20시,금요일,제주특별자치도 서귀포시 서귀동,경상사고,0,0,1,0,차대차 - 기타,기타,건조,맑음,교차로 - 교차로안,승용,여,47세,상해없음,이륜,남,40세,경상
2021122500100101,2021년 12월 25일 11시,토요일,제주특별자치도 제주시 노형동,경상사고,0,0,1,3,차대차 - 측면충돌,교차로운행방법위반,건조,맑음,교차로 - 교차로안,승용,여,38세,경상,승용,여,25세,부상신고
2021122500100130,2021년 12월 25일 12시,토요일,제주특별자치도 제주시 건입동,중상사고,0,1,0,0,차대차 - 기타,교차로운행방법위반,건조,맑음,교차로 - 교차로안,승용,남,29세,상해없음,이륜,남,53세,중상
2021122500100263,2021년 12월 25일 17시,토요일,제주특별자치도 제주시 삼도일동,중상사고,0,1,1,0,차대사람 - 횡단중,신호위반,건조,맑음,단일로 - 기타,승용,여,63세,상해없음,보행자,남,71세,중상
2021122500100264,2021년 12월 25일 17시,토요일,제주특별자치도 서귀포시 동홍동,중상사고,0,1,2,0,차대차 - 측면충돌,안전운전불이행,건조,맑음,단일로 - 기타,이륜,남,51세,중상,승용,남,46세,경상
2021122500100265,2021년 12월 25일 17시,토요일,제주특별자치도 서귀포시 남원읍,경상사고,0,0,2,0,차대차 - 추돌,안전운전불이행,건조,맑음,교차로 - 교차로안,화물,남,74세,상해없음,승용,여,27세,경상
2021122500100266,2021년 12월 25일 17시,토요일,제주특별자치도 서귀포시 표선면,사망사고,1,0,0,0,차량단독 - 공작물충돌,안전운전불이행,건조,맑음,교차로 - 교차로부근,승용,남,65세,사망,,,,
2021122500100267,2021년 12월 25일 17시,토요일,제주특별자치도 서귀포시 대정읍,경상사고,0,0,1,0,차대차 - 기타,기타,건조,맑음,교차로 - 교차로안,화물,남,42세,상해없음,승용,여,60세,경상
2021122500100299,2021년 12월 25일 18시,토요일,제주특별자치도 제주시 일도이동,경상사고,0,0,1,0,차대사람 - 기타,안전운전불이행,건조,맑음,교차로 - 교차로안,승용,남,34세,상해없음,보행자,여,31세,경상
2021122500100300,2021년 12월 25일 18시,토요일,제주특별자치도 제주시 일도일동,경상사고,0,0,3,1,차대차 - 기타,직진우회전진행방해,젖음/습기,흐림,교차로 - 교차로안,승용,남,19세,부상신고,승용,남,41세,경상
2021122500100330,2021년 12월 25일 19시,토요일,제주특별자치도 제주시 이도이동,경상사고,0,0,2,0,차대차 - 기타,교차로운행방법위반,건조,맑음,교차로 - 교차로안,승용,여,26세,상해없음,승용,남,23세,경상
2021122500100331,2021년 12월 25일 19시,토요일,제주특별자치도 서귀포시 대정읍,중상사고,0,1,0,0,차대차 - 측면충돌,중앙선침범,건조,맑음,단일로 - 기타,승용,남,72세,상해없음,이륜,남,38세,중상
2021122500100382,2021년 12월 25일 21시,토요일,제주특별자치도 제주시 한림읍,경상사고,0,0,2,0,차대차 - 정면충돌,중앙선침범,건조,맑음,단일로 - 기타,승용,여,37세,상해없음,승용,남,37세,경상
2021122500100409,2021년 12월 25일 22시,토요일,제주특별자치도 제주시 화북이동,경상사고,0,0,1,0,차량단독 - 전도전복 - 전도,안전운전불이행,서리/결빙,눈,교차로 - 교차로부근,승용,남,54세,경상,,,,
2021122600100025,2021년 12월 26일 07시,일요일,제주특별자치도 제주시 이도이동,경상사고,0,0,1,0,차대차 - 기타,직진우회전진행방해,적설,눈,교차로 - 교차로안,승용,남,31세,상해없음,승용,남,56세,상해없음
2021122600100037,2021년 12월 26일 09시,일요일,제주특별자치도 제주시 용담일동,경상사고,0,0,1,0,차대차 - 추돌,안전운전불이행,서리/결빙,눈,교차로 - 교차로부근,승용,남,31세,상해없음,승용,남,63세,상해없음
2021122600100038,2021년 12월 26일 09시,일요일,제주특별자치도 제주시 한림읍,경상사고,0,0,2,0,차대차 - 측면충돌,신호위반,서리/결빙,눈,교차로 - 교차로안,승용,남,45세,상해없음,승용,여,38세,경상
2021122600100050,2021년 12월 26일 10시,일요일,제주특별자치도 제주시 애월읍,경상사고,0,0,1,0,차대차 - 측면충돌,안전운전불이행,서리/결빙,맑음,단일로 - 기타,승합,남,61세,상해없음,승용,남,41세,경상
2021122600100112,2021년 12월 26일 13시,일요일,제주특별자치도 제주시 애월읍,중상사고,0,1,0,0,차대사람 - 기타,안전운전불이행,서리/결빙,눈,교차로 - 교차로안,승용,남,60세,상해없음,보행자,남,41세,중상
2021122600100113,2021년 12월 26일 13시,일요일,제주특별자치도 제주시 애월읍,부상신고사고,0,0,0,1,차대차 - 기타,안전운전불이행,서리/결빙,눈,단일로 - 기타,승용,기타불명,미분류,기타불명,승용,남,45세,상해없음
2021122600100281,2021년 12월 26일 19시,일요일,제주특별자치도 서귀포시 대포동,경상사고,0,0,1,0,차대차 - 측면충돌,안전거리미확보,적설,눈,단일로 - 기타,승용,남,51세,상해없음,화물,남,64세,경상
2021122600100310,2021년 12월 26일 20시,일요일,제주특별자치도 제주시 조천읍,중상사고,0,3,4,0,차대차 - 추돌,안전운전불이행,젖음/습기,눈,교차로 - 교차로부근,승용,남,50세,상해없음,승용,남,26세,경상
2021122600100353,2021년 12월 26일 22시,일요일,제주특별자치도 제주시 일도이동,경상사고,0,0,4,0,차대차 - 추돌,안전운전불이행,적설,눈,교차로 - 교차로부근,승용,남,44세,상해없음,승용,여,48세,경상
2021122600100362,2021년 12월 26일 23시,일요일,제주특별자치도 제주시 삼양이동,경상사고,0,0,1,0,차대차 - 추돌,안전거리미확보,젖음/습기,흐림,교차로 - 교차로부근,승용,여,43세,상해없음,승용,여,50세,경상
2021122700100017,2021년 12월 27일 05시,월요일,제주특별자치도 제주시 오라일동,경상사고,0,0,1,0,차대차 - 측면충돌,신호위반,적설,눈,교차로 - 교차로안,화물,남,41세,상해없음,승용,남,50세,경상
2021122700100115,2021년 12월 27일 09시,월요일,제주특별자치도 서귀포시 서귀동,경상사고,0,0,1,0,차대차 - 측면충돌,안전운전불이행,건조,맑음,단일로 - 기타,승용,여,34세,상해없음,승용,여,29세,경상
2021122700100199,2021년 12월 27일 12시,월요일,제주특별자치도 제주시 이도이동,경상사고,0,0,5,0,차대차 - 기타,교차로운행방법위반,건조,맑음,교차로 - 교차로안,승용,여,42세,상해없음,승용,남,41세,경상
2021122700100200,2021년 12월 27일 12시,월요일,제주특별자치도 서귀포시 토평동,중상사고,0,1,0,2,차량단독 - 도로외이탈 - 기타,안전운전불이행,젖음/습기,맑음,단일로 - 기타,승용,여,23세,부상신고,,,,
2021122700100340,2021년 12월 27일 16시,월요일,제주특별자치도 서귀포시 토평동,경상사고,0,0,2,0,차대차 - 측면충돌,안전운전불이행,젖음/습기,맑음,교차로 - 교차로부근,화물,남,72세,상해없음,승용,남,30세,경상
2021122800100012,2021년 12월 28일 01시,화요일,제주특별자치도 서귀포시 서홍동,중상사고,0,1,0,0,차대사람 - 차도통행중,안전운전불이행,건조,기타,단일로 - 기타,이륜,남,40세,상해없음,보행자,남,47세,중상
2021122800100051,2021년 12월 28일 06시,화요일,제주특별자치도 제주시 한경면,중상사고,0,1,0,0,차대사람 - 횡단중,기타,건조,맑음,단일로 - 기타,승용,남,60세,상해없음,보행자,남,14세,중상
2021122800100214,2021년 12월 28일 12시,화요일,제주특별자치도 제주시 일도이동,경상사고,0,0,1,0,차대사람 - 횡단중,안전운전불이행,건조,맑음,교차로 - 교차로부근,승용,남,57세,상해없음,보행자,여,70세,경상
2021122800100282,2021년 12월 28일 15시,화요일,제주특별자치도 제주시 용담이동,경상사고,0,0,1,0,차대차 - 추돌,안전거리미확보,건조,맑음,단일로 - 기타,승용,남,48세,상해없음,화물,남,39세,경상
2021122800100309,2021년 12월 28일 16시,화요일,제주특별자치도 제주시 노형동,중상사고,0,1,0,0,차대사람 - 횡단중,보행자보호의무위반,건조,맑음,교차로 - 교차로횡단보도내,승용,여,40세,상해없음,보행자,여,15세,중상
2021122800100310,2021년 12월 28일 16시,화요일,제주특별자치도 제주시 연동,경상사고,0,0,1,0,차대사람 - 차도통행중,보행자보호의무위반,건조,맑음,교차로 - 교차로부근,승용,남,66세,상해없음,보행자,여,20세,경상
2021122800100345,2021년 12월 28일 17시,화요일,제주특별자치도 서귀포시 동홍동,경상사고,0,0,3,0,차대차 - 기타,교차로운행방법위반,건조,맑음,교차로 - 교차로부근,승용,여,55세,상해없음,승용,여,28세,경상
2021122800100393,2021년 12월 28일 18시,화요일,제주특별자치도 제주시 노형동,중상사고,0,1,0,0,차대차 - 측면충돌,안전운전불이행,건조,맑음,교차로 - 교차로안,승용,여,33세,상해없음,승용,여,26세,중상
2021122800100531,2021년 12월 28일 22시,화요일,제주특별자치도 제주시 노형동,경상사고,0,0,3,0,차대차 - 기타,직진우회전진행방해,건조,맑음,교차로 - 교차로안,승용,남,27세,상해없음,승용,남,65세,상해없음
2021122900100004,2021년 12월 29일 00시,수요일,제주특별자치도 서귀포시 서호동,경상사고,0,0,1,0,차량단독 - 공작물충돌,안전운전불이행,건조,맑음,단일로 - 기타,승용,남,41세,경상,,,,
2021122900100105,2021년 12월 29일 09시,수요일,제주특별자치도 제주시 이도이동,경상사고,0,0,1,0,차대차 - 기타,안전운전불이행,건조,맑음,교차로 - 교차로안,승용,남,35세,상해없음,자전거,남,16세,경상
2021122900100159,2021년 12월 29일 11시,수요일,제주특별자치도 제주시 일도일동,경상사고,0,0,1,0,차대사람 - 횡단중,보행자보호의무위반,건조,맑음,단일로 - 기타,승용,여,21세,상해없음,보행자,남,29세,경상
2021122900100184,2021년 12월 29일 12시,수요일,제주특별자치도 제주시 일도이동,경상사고,0,0,1,0,차대차 - 후진중충돌,안전운전불이행,건조,맑음,교차로 - 교차로안,승용,여,49세,상해없음,승용,여,54세,경상
2021122900100185,2021년 12월 29일 12시,수요일,제주특별자치도 제주시 연동,경상사고,0,0,3,0,차대차 - 측면충돌,교차로운행방법위반,건조,맑음,교차로 - 교차로안,승용,남,31세,상해없음,승용,남,60세,상해없음
2021122900100214,2021년 12월 29일 13시,수요일,제주특별자치도 제주시 아라이동,중상사고,0,1,0,0,차대차 - 기타,직진우회전진행방해,건조,맑음,교차로 - 교차로안,승용,남,71세,상해없음,이륜,남,31세,중상
2021122900100215,2021년 12월 29일 13시,수요일,제주특별자치도 서귀포시 안덕면,경상사고,0,0,1,0,차대차 - 후진중충돌,안전운전불이행,건조,맑음,단일로 - 기타,승용,여,62세,상해없음,승합,남,39세,경상
2021122900100217,2021년 12월 29일 13시,수요일,제주특별자치도 제주시 오라삼동,경상사고,0,0,4,0,차대차 - 후진중충돌,안전운전불이행,건조,맑음,단일로 - 기타,승용,여,57세,상해없음,승용,남,33세,경상
2021122900100246,2021년 12월 29일 14시,수요일,제주특별자치도 제주시 화북이동,경상사고,0,0,2,0,차대차 - 추돌,안전운전불이행,건조,맑음,단일로 - 기타,특수,남,36세,상해없음,화물,여,18세,경상
2021122900100247,2021년 12월 29일 14시,수요일,제주특별자치도 제주시 한림읍,경상사고,0,0,3,0,차대차 - 측면충돌,안전운전불이행,건조,맑음,단일로 - 기타,승용,여,22세,상해없음,승용,여,34세,경상
2021122900100281,2021년 12월 29일 15시,수요일,제주특별자치도 제주시 해안동,경상사고,0,0,2,0,차대차 - 기타,신호위반,건조,맑음,교차로 - 교차로안,승용,여,25세,상해없음,승용,여,24세,경상
2021122900100315,2021년 12월 29일 16시,수요일,제주특별자치도 서귀포시 남원읍,경상사고,0,0,3,0,차대차 - 기타,교차로운행방법위반,건조,맑음,단일로 - 기타,승용,남,38세,상해없음,승용,여,27세,경상
2021122900100429,2021년 12월 29일 18시,수요일,제주특별자치도 제주시 이도이동,경상사고,0,0,2,0,차대차 - 추돌,안전운전불이행,건조,맑음,단일로 - 기타,승용,남,22세,상해없음,승용,남,44세,경상
2021122900100498,2021년 12월 29일 20시,수요일,제주특별자치도 제주시 아라일동,경상사고,0,0,2,0,차대차 - 추돌,신호위반,건조,맑음,교차로 - 교차로안,승용,여,25세,상해없음,승용,여,29세,경상
2021122900100526,2021년 12월 29일 21시,수요일,제주특별자치도 제주시 이도일동,경상사고,0,0,2,0,차대차 - 추돌,안전운전불이행,건조,흐림,단일로 - 기타,승용,남,41세,상해없음,승용,여,28세,경상
2021123000100031,2021년 12월 30일 06시,목요일,제주특별자치도 제주시 일도이동,경상사고,0,0,1,0,차대차 - 기타,신호위반,건조,기타,교차로 - 교차로안,승용,남,61세,상해없음,승합,남,57세,상해없음
2021123000100032,2021년 12월 30일 06시,목요일,제주특별자치도 제주시 일도이동,중상사고,0,1,1,0,차대차 - 기타,교차로운행방법위반,건조,맑음,교차로 - 교차로안,승용,남,42세,중상,이륜,남,26세,경상
2021123000100077,2021년 12월 30일 08시,목요일,제주특별자치도 제주시 건입동,중상사고,0,1,0,0,차대차 - 측면충돌,신호위반,건조,맑음,교차로 - 교차로안,승용,여,61세,상해없음,승용,남,42세,중상
2021123000100104,2021년 12월 30일 09시,목요일,제주특별자치도 제주시 이도이동,중상사고,0,1,0,0,차대차 - 측면충돌,신호위반,건조,맑음,교차로 - 교차로안,원동기,남,54세,상해없음,원동기,남,31세,중상
2021123000100131,2021년 12월 30일 10시,목요일,제주특별자치도 서귀포시 서귀동,경상사고,0,0,1,0,차대사람 - 횡단중,보행자보호의무위반,건조,맑음,교차로 - 교차로안,화물,남,74세,상해없음,보행자,여,36세,경상
2021123000100165,2021년 12월 30일 11시,목요일,제주특별자치도 제주시 이도이동,경상사고,0,0,1,0,차대사람 - 차도통행중,안전운전불이행,건조,맑음,단일로 - 기타,승용,여,27세,기타불명,보행자,여,20세,경상
2021123000100197,2021년 12월 30일 12시,목요일,제주특별자치도 서귀포시 색달동,경상사고,0,0,1,0,차대차 - 기타,안전운전불이행,건조,맑음,단일로 - 기타,승용,남,22세,상해없음,이륜,여,59세,경상
2021123000100229,2021년 12월 30일 13시,목요일,제주특별자치도 제주시 이도이동,경상사고,0,0,1,0,차대차 - 기타,안전거리미확보,건조,맑음,단일로 - 기타,이륜,남,38세,경상,승용,남,61세,상해없음
2021123000100230,2021년 12월 30일 13시,목요일,제주특별자치도 제주시 삼도일동,경상사고,0,0,1,0,차대차 - 기타,안전거리미확보,젖음/습기,맑음,단일로 - 기타,승용,여,61세,상해없음,승용,남,24세,경상
2021123000100231,2021년 12월 30일 13시,목요일,제주특별자치도 서귀포시 안덕면,경상사고,0,0,2,1,차대차 - 추돌,안전운전불이행,건조,맑음,교차로 - 교차로부근,승용,여,65세,부상신고,승용,여,46세,경상
2021123000100232,2021년 12월 30일 13시,목요일,제주특별자치도 제주시 연동,중상사고,0,1,3,0,차대차 - 기타,직진우회전진행방해,건조,맑음,교차로 - 교차로안,승용,여,52세,중상,승용,남,23세,경상
2021123000100367,2021년 12월 30일 17시,목요일,제주특별자치도 제주시 노형동,경상사고,0,0,1,0,차대차 - 측면충돌,안전운전불이행,건조,맑음,단일로 - 기타,승용,여,48세,상해없음,자전거,남,46세,경상
2021123000100428,2021년 12월 30일 18시,목요일,제주특별자치도 제주시 노형동,경상사고,0,0,1,0,차대차 - 측면충돌,안전운전불이행,건조,맑음,교차로 - 교차로안,승용,남,63세,상해없음,승용,남,43세,경상
2021123100100015,2021년 12월 31일 02시,금요일,제주특별자치도 제주시 조천읍,사망사고,1,0,0,0,차대사람 - 기타,안전운전불이행,건조,맑음,단일로 - 기타,승합,남,61세,상해없음,보행자,남,53세,사망
2021123100100169,2021년 12월 31일 12시,금요일,제주특별자치도 제주시 이호일동,경상사고,0,0,2,0,차대차 - 추돌,안전거리미확보,건조,맑음,단일로 - 기타,화물,남,37세,상해없음,승합,남,46세,경상
2021123100100170,2021년 12월 31일 12시,금요일,제주특별자치도 제주시 애월읍,경상사고,0,0,4,2,차대차 - 기타,안전운전불이행,건조,맑음,단일로 - 기타,승용,남,28세,경상,승용,남,61세,부상신고
2021123100100344,2021년 12월 31일 16시,금요일,제주특별자치도 제주시 일도이동,경상사고,0,0,1,0,차대사람 - 차도통행중,보행자보호의무위반,건조,맑음,단일로 - 기타,화물,남,44세,상해없음,보행자,여,23세,경상
2021123100100398,2021년 12월 31일 17시,금요일,제주특별자치도 제주시 구좌읍,사망사고,1,0,0,0,차대차 - 추돌,안전운전불이행,기타,흐림,단일로 - 기타,화물,남,42세,사망,화물,남,53세,기타불명
2021123100100399,2021년 12월 31일 17시,금요일,제주특별자치도 서귀포시 남원읍,중상사고,0,3,0,1,차대차 - 기타,직진우회전진행방해,건조,맑음,교차로 - 교차로안,승용,남,42세,중상,승용,여,43세,부상신고
2021123100100456,2021년 12월 31일 18시,금요일,제주특별자치도 서귀포시 서홍동,부상신고사고,0,0,0,1,차대차 - 기타,안전거리미확보,건조,맑음,단일로 - 기타,화물,남,62세,상해없음,승용,남,50세,부상신고
2021123100100617,2021년 12월 31일 22시,금요일,제주특별자치도 제주시 노형동,경상사고,0,0,1,0,차대사람 - 기타,안전운전불이행,건조,맑음,단일로 - 기타,승용,남,38세,상해없음,보행자,남,23세,경상